cell_type_name,female_n,female_broad_class,male_n,male_cell_type,male_superclass
L4,0,,1770,L4,ol_intrinsic
Tm21,0,,1526,Tm6,ol_intrinsic
Tm25,0,,967,Tm12,ol_intrinsic
yDm8,0,,572,Dm8a,ol_intrinsic
TmY4,0,,562,TmY4,ol_intrinsic
pDm8,0,,532,Dm8b,ol_intrinsic
Mi10,0,,444,Mi10,ol_intrinsic
TmY11,0,,432,TmY13,ol_intrinsic
Tm16,0,,396,Tm16,ol_intrinsic
Lawf2,0,,383,Lawf2,ol_intrinsic
Lawf1,0,,361,Lawf1,ol_intrinsic
TmY20,0,,343,TmY20,ol_intrinsic
PFNp,0,,290,PFNp_b,cb_intrinsic
Tm8a,0,,223,Tm38,ol_intrinsic
TmY15,0,,209,TmY15,ol_intrinsic
Tm40,0,,180,Tm40,ol_intrinsic
Pm05,0,,168,Pm4,ol_intrinsic
Dm16,0,,151,Dm16,ol_intrinsic
Tm33,0,,125,Tm32,ol_intrinsic
Tm35,0,,120,Tm31,ol_intrinsic
MLt2,0,,107,MeLo3a,ol_intrinsic
Dm4,0,,99,Dm4,ol_intrinsic
Lai,0,,84,Lai,ol_intrinsic
LMa5,0,,82,MeLo9,ol_intrinsic
MLt5,0,,81,MeLo3b,ol_intrinsic
JO-FV,0,,70,JO-FV,cb_sensory
"BM_Ant,BM_Fr,BM_FrOr,BM_InOc,BM_Oc,BM_Or,BM_Vib",0,,69,BM,cb_sensory
Sm32,0,,69,Mi18,ol_intrinsic
MLt6,0,,68,MeLo4,ol_intrinsic
"FC1A,FC1B,FC1F",0,,54,FC1B,cb_intrinsic
JO-EV1,0,,50,JO-EV1,cb_sensory
Pm06,0,,50,Pm6,ol_intrinsic
claw_tpGRN,0,,50,claw_tpGRN,cb_sensory
PFNm,0,,48,PFNm_b,cb_intrinsic
TPMN1,0,,48,TPMN1,cb_sensory
JO-EV3,0,,45,JO-EV3,cb_sensory
ER2,0,,41,ER2_c,cb_intrinsic
Pm07,0,,39,Pm8,ol_intrinsic
JO-ED2_a,0,,38,JO-ED2_a,cb_sensory
MLt8,0,,37,MeLo5,ol_intrinsic
JO-EV2,0,,36,JO-EV2,cb_sensory
LMa3,0,,36,TmY19b,ol_intrinsic
"TuBu09,TuBu10",0,,36,TuBu09,cb_intrinsic
Dm14,0,,34,Dm14,ol_intrinsic
DmDRA2,0,,33,Dm-DRA2,ol_intrinsic
"FS1A_b,FS1A_c",0,,31,FS1A_c,cb_intrinsic
"PVLP004,PVLP005",0,,31,PVLP004,cb_intrinsic
Sm27,0,,31,Cm17,ol_intrinsic
Dm19,0,,30,Dm19,ol_intrinsic
ER3a,0,,30,ER3a_a,cb_intrinsic
ER3w,0,,30,ER3w_b,cb_intrinsic
Sm31,0,,30,Cm19,ol_intrinsic
ER1,0,,28,ER1_b,cb_intrinsic
"vDeltaG,vDeltaH",0,,27,vDeltaG,cb_intrinsic
"LTe49a,LTe49b,LTe49d,LTe49e,LTe49f",0,,26,LoVP27,visual_projection
AOTU008,0,,25,AOTU008,cb_intrinsic
"BM_dOcci,BM_dPoOr",0,,25,,cb_sensory
"DNg08_a,DNg08_b",0,,23,DNg08,descending_neuron
JO-EV5,0,,23,JO-EV5,cb_sensory
CB1617,0,,22,CB1617,cb_intrinsic
Li21,0,,22,Li17,ol_intrinsic
CB1178,0,,21,CB1178,cb_intrinsic
CB4072,0,,21,CB4072,cb_intrinsic
ER5,0,,21,ER5,cb_intrinsic
JO-ED2_b,0,,21,JO-ED2_b,cb_sensory
JO-EV6,0,,21,JO-EV6,cb_sensory
aPhM1,0,,21,aPhM1,cb_sensory
CB4091,0,,20,CB4091,cb_intrinsic
CB4129,0,,20,CB4129,cb_intrinsic
CB4156,0,,20,SMP167,cb_intrinsic
FB9B,0,,20,FB9B_a,cb_intrinsic
vDeltaI_b,0,,20,vDeltaI_b,cb_intrinsic
CB4070,0,,19,CB4070,cb_intrinsic
CB4083,0,,19,CB4083,cb_intrinsic
CB4108,0,,19,PRW006,cb_intrinsic
CB4116,0,,19,CB4116,cb_intrinsic
CB4126,0,,19,SMP297,cb_intrinsic
LB1e,0,,19,LB1e,cb_sensory
CB1964,0,,18,CB1964,cb_intrinsic
CB4120,0,,18,CB4120,cb_intrinsic
CB4148,0,,18,GNG643,cb_sensory
ER3p,0,,18,ER3p_a,cb_intrinsic
JO-B1_a,0,,18,JO-B1_a,cb_sensory
JO-ED1,0,,18,JO-ED1,cb_sensory
"VS1,VS2,VS3,VS4,VS5,VS6,VS7,VS8",0,,18,VS,visual_projection
"CB1761,CB2741",0,,17,LAL067,cb_intrinsic
CB1786_a,0,,17,CB1786_a,cb_intrinsic
CB4133,0,,17,CB4133,cb_intrinsic
"LHAD1b2_a,LHAD1b2_c",0,,17,CB4208,cb_intrinsic
vDeltaI_a,0,,17,vDeltaI_a,cb_intrinsic
"CB1508,CB2021",0,,16,,cb_intrinsic
CB4118,0,,16,CB4118,cb_intrinsic
"CL123,CRE061",0,,16,CL123_a,cb_intrinsic
"ER3d_a,ER3d_c",0,,16,ER3d_c,cb_intrinsic
FS1A_a,0,,16,FS1A_a,cb_intrinsic
FS1B_b,0,,16,FS1B_b,cb_intrinsic
IPC,0,,16,IPC,cb_endocrine
"LAL096,LAL097",0,,16,LAL096,cb_intrinsic
"LB1a,LB1d",0,,16,LB1a,cb_sensory
LB1c,0,,16,LB1c,cb_sensory
"PLP188,PLP189",0,,16,PLP188,cb_intrinsic
"AVLP190,AVLP191",0,,15,AVLP191,cb_intrinsic
"CB2293,CB2776,CB2781",0,,15,,cb_intrinsic
CB4069,0,,15,CL225,cb_intrinsic
CB4073,0,,15,CB4073,cb_intrinsic
CB4107,0,,15,CB4107,cb_intrinsic
CB4138,0,,15,CB4138,cb_intrinsic
"FB3B,FB3C,FB3E",0,,15,FB3C,cb_intrinsic
FB4Z,0,,15,FB4Z_a,cb_intrinsic
"CB1335,CB2738,CB1341",0,,14,,cb_intrinsic
"CB2926,CB1199,CB3699",0,,14,GNG237,cb_intrinsic
CB4066,0,,14,CB4066,cb_intrinsic
CB4071,0,,14,CB4071,cb_intrinsic
CB4081,0,,14,CB4081,cb_intrinsic
CB4084,0,,14,CB4084,cb_intrinsic
CB4109,0,,14,PRW005,cb_intrinsic
CB4110,0,,14,CB4110,cb_intrinsic
CB4242,0,,14,CB4242,cb_intrinsic
JO-ED2_c,0,,14,JO-ED2_c,cb_sensory
Lat,0,,14,Lat1,visual_centrifugal
"SIP078,SIP080",0,,14,SIP078,cb_intrinsic
SMP106,0,,14,SMP106,cb_intrinsic
CB1738,0,,13,AVLP279,cb_intrinsic
CB4096,0,,13,CB4096,cb_intrinsic
FS1B_a,0,,13,FS1B_a,cb_intrinsic
JO-A2,0,,13,JO-A2,cb_sensory
"LAL028,LAL029",0,,13,LAL028,cb_intrinsic
"CB0007,CB0739",0,,12,AOTU016_b,cb_intrinsic
CB0958c,0,,12,AMMC005,cb_intrinsic
"CB1371,CB3522",0,,12,SLP021,cb_intrinsic
"CB1395,CB2334",0,,12,AVLP480,cb_intrinsic
"CB1501,CB3182",0,,12,,cb_intrinsic
"CB1618,CB3330",0,,12,aIPg7,cb_intrinsic
"CB1791,CB3118",0,,12,SMP228,cb_intrinsic
CB1824,0,,12,CB1824,cb_intrinsic
"CB2108,CB2449",0,,12,WED063_b,cb_intrinsic
"CB2835,CB3123",0,,12,,cb_intrinsic
"CB3111,CB2308",0,,12,,cb_intrinsic
CB3983,0,,12,AVLP038,cb_intrinsic
CB4060,0,,12,PS357,cb_intrinsic
CB4067,0,,12,GNG326,cb_intrinsic
CB4078,0,,12,PRW007,cb_intrinsic
CB4119,0,,12,CB4119,cb_intrinsic
CB4127,0,,12,CB4127,cb_intrinsic
CB4128,0,,12,CB4128,cb_intrinsic
CB4155,0,,12,CB4155,cb_intrinsic
CB4199,0,,12,SMP403,cb_intrinsic
FB4F,0,,12,FB4F_c,cb_intrinsic
JO-B1_b,0,,12,JO-B1_b,cb_sensory
JO-B3,0,,12,JO-B3,cb_sensory
JO-B4_b,0,,12,JO-B4_b,cb_sensory
LHPV4g1,0,,12,LHPV4g1,cb_intrinsic
PDt1,0,,12,Mi19,ol_intrinsic
PS153,0,,12,PS153,cb_intrinsic
"PS268,PS269,CB3941",0,,12,PS268,cb_intrinsic
"SLP369,SLP370",0,,12,SLP369,cb_intrinsic
Sm34,0,,12,Cm28,ol_intrinsic
TPMN2,0,,12,TPMN2,cb_sensory
WED103,0,,12,WED103,cb_intrinsic
lLN2P_b,0,,12,lLN2P_b,cb_intrinsic
"CB1031,CB3554,CB3604",0,,11,SIP071,cb_intrinsic
"CB2085,CB1144,CB2209",0,,11,,cb_intrinsic
"CB2370,CB1681",0,,11,AVLP126,cb_intrinsic
"CB2581,CB3108,CB3273",0,,11,LHPV2e1_a,cb_intrinsic
CB4082,0,,11,CB4082,cb_intrinsic
CB4087,0,,11,CB4087,cb_intrinsic
CB4094,0,,11,CB4094,cb_intrinsic
CB4111,0,,11,SIP011,cb_intrinsic
CB4112,0,,11,CB4112,cb_intrinsic
CB4130,0,,11,CB4130,cb_intrinsic
CB4154,0,,11,SMP105_a,cb_intrinsic
DNpe015,0,,11,DNpe015,descending_neuron
FB4E,0,,11,FB4E_a,cb_intrinsic
LHAV5a2_a3,0,,11,LHAV5a2_a3,cb_intrinsic
LHPV2a1_c,0,,11,LHPV2a1_c,cb_intrinsic
"LHPV2f2,CB1982",0,,11,,cb_intrinsic
"PLP101,PLP102",0,,11,PLP101,cb_intrinsic
PLP150,0,,11,PLP150,cb_intrinsic
"SLP114,SLP115",0,,11,SLP115,cb_intrinsic
Sm29,0,,11,Cm24,ol_intrinsic
5-HT-IR Tan,0,,10,Lat3,ol_intrinsic
CB0979b,0,,10,AMMC019,cb_intrinsic
CB1026,0,,10,CB1026,cb_intrinsic
"CB1040,CB1043",0,,10,,cb_intrinsic
"CB1058,CB2554",0,,10,,cb_intrinsic
"CB1152,CB2112",0,,10,,cb_intrinsic
"CB1203,CB3493,CB3429",0,,10,,cb_intrinsic
CB1231b,0,,10,SAD113,cb_intrinsic
"CB1438,CB1496,CB2949",0,,10,IPS001,cb_intrinsic
"CB1473,CB1686",0,,10,lLN12A,cb_intrinsic
"CB1490,CB2201",0,,10,LHPV2b2_a,cb_intrinsic
"CB1580,CB2056",0,,10,,cb_intrinsic
CB1805,0,,10,CB1805,cb_intrinsic
"CB1892,CB2009",0,,10,,cb_intrinsic
CB1895,0,,10,SMP347,cb_intrinsic
"CB1917,CB2543",0,,10,,cb_intrinsic
"CB2031,CB3231",0,,10,LHPD2a4_a,cb_intrinsic
CB2074,0,,10,CB2074,cb_intrinsic
CB2364,0,,10,WED001,cb_intrinsic
CB2814,0,,10,CB2814,cb_intrinsic
"CB3130,CB3454",0,,10,SLP164,cb_intrinsic
"CB3174,CB2076",0,,10,,cb_intrinsic
"CB3401,CB3809",0,,10,GNG255,cb_intrinsic
CB3978,0,,10,CL122_b,cb_intrinsic
CB3982,0,,10,WED034,cb_intrinsic
CB4063,0,,10,GNG332,cb_intrinsic
CB4076,0,,10,PRW008,cb_intrinsic
CB4077,0,,10,CB4077,cb_intrinsic
CB4086,0,,10,CB4086,cb_intrinsic
CB4100,0,,10,CB4100,cb_intrinsic
CB4103,0,,10,CB4103,cb_intrinsic
CB4122,0,,10,CB4122,cb_intrinsic
CB4125,0,,10,CB4125,cb_intrinsic
CB4137,0,,10,CB4137,cb_intrinsic
CB4164,0,,10,AVLP269_b,cb_intrinsic
CB4181,0,,10,WED042,cb_intrinsic
CB4184,0,,10,AOTU003,cb_intrinsic
CB4187,0,,10,SMP459,cb_intrinsic
CB4243,0,,10,CB4243,cb_intrinsic
"CL328,IB070,IB071",0,,10,CL328,cb_intrinsic
DA2_lPN,0,,10,DA2_lPN,cb_intrinsic
JO-B1_c,0,,10,JO-B1_c,cb_sensory
JO-CA1,0,,10,JO-CA1,cb_sensory
"LAL034,CB2120",0,,10,LAL034,cb_intrinsic
"LC31b,LC31c",0,,10,LC31b,visual_projection
LHAV5a2_a4,0,,10,LHAV5a2_a4,cb_intrinsic
"LHPV5g1_a,SMP270",0,,10,LHPV5g1_a,cb_intrinsic
LHPV6d1,0,,10,LHPV6d1,cb_intrinsic
Li24,0,,10,Li30,ol_intrinsic
PLP042c,0,,10,PLP042_b,cb_intrinsic
"PLP185,PLP186",0,,10,PLP185,cb_intrinsic
SLP036,0,,10,SLP036,cb_intrinsic
SLP295,0,,10,SLP295,cb_intrinsic
"SMP213,SMP214",0,,10,SMP213,cb_intrinsic
SMP406a,0,,10,SMP406_c,cb_intrinsic
TuBu01,0,,10,TuBu01,cb_intrinsic
dorsal_tpGRN,0,,10,dorsal_tpGRN,cb_sensory
AVLP026b,0,,9,AVLP026,cb_intrinsic
AVLP055,0,,9,AVLP055,cb_intrinsic
AVLP469,0,,9,AVLP469,cb_intrinsic
CB.FB2I1,0,,9,FB2K,cb_intrinsic
CB0958a,0,,9,AMMC007,cb_intrinsic
CB0979a,0,,9,AMMC018,cb_intrinsic
"CB1141,CB1285",0,,9,,cb_intrinsic
"CB1159,CB2015,CB2669",0,,9,,cb_intrinsic
"CB1188,CB1887",0,,9,,cb_intrinsic
"CB1302,CB1466",0,,9,AVLP138,cb_intrinsic
CB1382,0,,9,aSP10C_a,cb_intrinsic
"CB1484,CB1869",0,,9,WED118,cb_intrinsic
"CB1519,CB3154",0,,9,,cb_intrinsic
CB1685,0,,9,CB1685,cb_intrinsic
CB1786_c,0,,9,GNG413,cb_intrinsic
"CB1831,CB3225",0,,9,SMP377,cb_intrinsic
"CB2077,CB3082,CB2883",0,,9,,cb_intrinsic
"CB2102,CB2712",0,,9,PLP219,cb_intrinsic
CB2267_c,0,,9,WEDPN17_c,cb_intrinsic
CB2346,0,,9,CB2346,cb_intrinsic
"CB2565,CB3058",0,,9,,cb_intrinsic
"CB2914,CB2984",0,,9,LHPD3a4_b,cb_intrinsic
"CB3431,CB3482",0,,9,,cb_intrinsic
"CB3617,CB2124,CB1495",0,,9,SMP236,cb_intrinsic
CB3984,0,,9,AOTU038,cb_intrinsic
CB3985,0,,9,AOTU039,cb_intrinsic
CB4023,0,,9,CB4023,cb_intrinsic
CB4048,0,,9,PVLP008_a2,cb_intrinsic
CB4051,0,,9,PVLP008_c,cb_intrinsic
CB4061,0,,9,GNG331,cb_intrinsic
CB4088,0,,9,CB4088,cb_intrinsic
CB4121,0,,9,CB4121,cb_intrinsic
CB4134,0,,9,CB4134,cb_intrinsic
CB4170,0,,9,CB4170,cb_intrinsic
CB4178,0,,9,GNG329,cb_intrinsic
"CL086_a,CL086_d",0,,9,CL086_a,cb_intrinsic
FB5S,0,,9,FB5S,cb_intrinsic
"FB7I,FB7G",0,,9,FB7I,cb_intrinsic
JO-B2,0,,9,JO-B2,cb_sensory
JO-CA2,0,,9,JO-CA2,cb_sensory
LHAV5a2_a1,0,,9,LHAV5a2_a1,cb_intrinsic
M_adPNm5,0,,9,M_adPNm5,cb_intrinsic
PS008_a1,0,,9,PS008_a2,cb_intrinsic
PS208b,0,,9,PS208,cb_intrinsic
"SAD005,SAD006",0,,9,SAD005,cb_intrinsic
SAD077,0,,9,SAD077,cb_intrinsic
SIP028,0,,9,SIP028,cb_intrinsic
"SIP069,CB3452",0,,9,SMP377,cb_intrinsic
"SLP104,SLP205",0,,9,SLP104,cb_intrinsic
SLP162,0,,9,SLP162,cb_intrinsic
SLP286,0,,9,SLP286,cb_intrinsic
"SLP287,SLP291",0,,9,SLP291,cb_intrinsic
SMP019,0,,9,SMP019,cb_intrinsic
SMP591,0,,9,SMP591,cb_intrinsic
Sm24,0,,9,Cm27,ol_intrinsic
"WED038b,WED041b",0,,9,WED038,cb_intrinsic
lLN2P_c,0,,9,lLN2P_c,cb_intrinsic
"AN_FLA_GNG_1,AN_FLA_PRW_2",0,,8,ANXXX169,ascending_neuron
AVLP559,0,,8,AVLP559,cb_intrinsic
"CB0286,CB1757,CB2765",0,,8,LHPD3a2_a,cb_intrinsic
"CB0336,CB0796",0,,8,PVLP086,cb_intrinsic
CB0878,0,,8,SMP741,cb_intrinsic
CB0958b,0,,8,AMMC006,cb_intrinsic
"CB0990,CB2640",0,,8,PS324,cb_intrinsic
CB0993,0,,8,CB0993,cb_intrinsic
"CB1084,CB3534",0,,8,,cb_intrinsic
"CB1107,CB1380",0,,8,AVLP481,cb_intrinsic
"CB1248,CB3352,CB1916",0,,8,SLP002,cb_intrinsic
"CB1320,CB2030",0,,8,CRE085,cb_intrinsic
CB1352,0,,8,CB1352,cb_intrinsic
"CB1440,CB3157",0,,8,SLP199,cb_intrinsic
CB1464,0,,8,CB1464,cb_intrinsic
"CB1499,CB3020,CB3315",0,,8,,cb_intrinsic
"CB1539,CB2427,CB2746",0,,8,,cb_intrinsic
CB1548,0,,8,CB1548,cb_intrinsic
"CB1587,CB2683",0,,8,LAL071,cb_intrinsic
"CB1630,CB1860",0,,8,LHAV4a7,cb_intrinsic
CB1759b,0,,8,CB1759b,cb_intrinsic
"CB1764,CB2344",0,,8,,cb_intrinsic
CB1799,0,,8,LHAV6a7,cb_intrinsic
"CB1830,CB2044,CB2474",0,,8,,cb_intrinsic
CB2064,0,,8,CB2064,cb_intrinsic
"CB2128,CB2921",0,,8,,cb_intrinsic
CB2143,0,,8,CB2143,cb_intrinsic
CB2267_b,0,,8,WEDPN17_b,cb_intrinsic
"CB2358,CB3787",0,,8,,cb_intrinsic
CB2433,0,,8,CB2433,cb_intrinsic
CB2531,0,,8,SLP087,cb_intrinsic
CB2678,0,,8,CB2678,cb_intrinsic
CB2690,0,,8,GNG386,cb_intrinsic
CB2784,0,,8,CB2784,cb_intrinsic
"CB2842,CB3009,CB3205",0,,8,LHPD2a1,cb_intrinsic
CB2854,0,,8,LHAV4a5,cb_intrinsic
CB2881b,0,,8,CB2881,cb_intrinsic
"CB2903,CB2930",0,,8,,cb_intrinsic
"CB3310,SMP357",0,,8,SMP357,cb_intrinsic
"CB3501,CB3572",0,,8,SMP350,cb_intrinsic
"CB3859,CB3861",0,,8,AVLP551,cb_intrinsic
CB3953,0,,8,CB3953,cb_intrinsic
CB4068,0,,8,PS323,cb_intrinsic
CB4074,0,,8,PRW010,cb_intrinsic
CB4105,0,,8,CB4105,cb_intrinsic
CB4124,0,,8,CB4124,cb_intrinsic
CB4141,0,,8,CB4141,cb_intrinsic
CB4144,0,,8,WED197,cb_intrinsic
CB4152,0,,8,CB4152,cb_intrinsic
CB4153,0,,8,SLP223,cb_intrinsic
CB4168,0,,8,CB4168,cb_intrinsic
CB4223,0,,8,GNG597,cb_intrinsic
CB4228,0,,8,CB4228,cb_intrinsic
CB4230,0,,8,PS142,cb_intrinsic
CB4231,0,,8,CB4231,cb_intrinsic
CL099,0,,8,CL099,cb_intrinsic
"CRE060,CRE067",0,,8,CRE067,cb_intrinsic
DN1pA,0,,8,DN1pA,cb_intrinsic
DNpe012,0,,8,DNpe012_a,descending_neuron
Dm17,0,,8,Dm17,ol_intrinsic
"FB5R,FB5U",0,,8,FB5R,cb_intrinsic
FB6C,0,,8,FB6C_b,cb_intrinsic
FB6S,0,,8,FB6S,cb_intrinsic
FB9C,0,,8,FB9C,cb_intrinsic
IB087,0,,8,IB087,cb_intrinsic
LAL093a,0,,8,AOTU040,cb_intrinsic
LHAD1d1,0,,8,LHAD1d1,cb_intrinsic
LHAV5a2_a2,0,,8,LHAV5a2_a2,cb_intrinsic
LHAV6c1,0,,8,LHAV6c1,cb_intrinsic
LHPV6a1,0,,8,LHPV6a1,cb_intrinsic
"LTe61,LTe49c",0,,8,LoVP24,visual_projection
M_lvPNm48,0,,8,M_lvPNm48,cb_intrinsic
M_vPNml83,0,,8,M_vPNml83,cb_intrinsic
"PLP026,PLP027",0,,8,PLP026,cb_intrinsic
PLP048,0,,8,PLP048,cb_intrinsic
PLP192,0,,8,PLP192,cb_intrinsic
PVLP133a,0,,8,PVLP133,cb_intrinsic
PVLP133b,0,,8,PVLP133,cb_intrinsic
"PhG7,PhG8,PhG9",0,,8,PhG7,cb_sensory
SMP025a,0,,8,SMP025,cb_intrinsic
"SMP523,SMP524",0,,8,SMP523,cb_intrinsic
"VES051,VES052",0,,8,VES051,cb_intrinsic
WED037,0,,8,WED037,cb_intrinsic
"WED128,WED129",0,,8,WED128,cb_intrinsic
"WED166_c,WED027",0,,8,WED166_d,cb_intrinsic
hDeltaF,0,,8,hDeltaF,cb_intrinsic
mNSC_unknown,0,,8,PI3,cb_endocrine
AN_GNG_121,0,,7,AN05B063,ascending_neuron
"AN_GNG_15,AN_GNG_IPS_4",0,,7,AN07B101_b,ascending_neuron
AVLP060,0,,7,AVLP060,cb_intrinsic
"CB1086,CB3196",0,,7,VES033,cb_intrinsic
"CB1110,CB3327",0,,7,,cb_intrinsic
"CB1150,CB1991",0,,7,SLP015_c,cb_intrinsic
CB1207a,0,,7,CB1207_a,cb_intrinsic
CB1207b,0,,7,CB1207_b,cb_intrinsic
CB1213,0,,7,CB1213,cb_intrinsic
CB1242,0,,7,CB1242,cb_intrinsic
"CB1310,SLP204",0,,7,SLP204,cb_intrinsic
CB1394_d,0,,7,SAD079,cb_intrinsic
CB1546,0,,7,lLN15,cb_intrinsic
"CB1671,CB2138,CB2610",0,,7,SMP718m,cb_intrinsic
"CB1683,CB2146",0,,7,SIP042_b,cb_intrinsic
CB1698,0,,7,SLP171,cb_intrinsic
CB1754,0,,7,WED030_b,cb_intrinsic
"CB1772,CB2169",0,,7,,cb_intrinsic
CB1782,0,,7,CB1782,cb_intrinsic
"CB2010,CB2103",0,,7,,cb_intrinsic
"CB2014,CB2039",0,,7,,cb_intrinsic
"CB2155,CB2477",0,,7,,cb_intrinsic
"CB2349,CB2520",0,,7,,cb_intrinsic
"CB2384,CB3737",0,,7,,cb_intrinsic
"CB2421,CB3145",0,,7,SLP018,cb_intrinsic
CB2507,0,,7,CB2507,cb_intrinsic
CB2527,0,,7,v2LN50,cb_intrinsic
"CB2533,CB2779",0,,7,,cb_intrinsic
CB2589,0,,7,CB2589,cb_intrinsic
"CB2602,CB2617",0,,7,SLP360_b,cb_intrinsic
"CB2791,CB3092",0,,7,LHAV2b4,cb_intrinsic
"CB2893,CB3750",0,,7,,cb_intrinsic
"CB2973,CB2965",0,,7,LHAV4e2_b1,cb_intrinsic
CB3016,0,,7,CB3016,cb_intrinsic
"CB3034,CB3079",0,,7,SLP086,cb_intrinsic
"CB3048,CB3280",0,,7,,cb_intrinsic
CB3055,0,,7,CB3055,cb_intrinsic
"CB3125,CB3166",0,,7,aIPg10,cb_intrinsic
CB3556,0,,7,CB3556,cb_intrinsic
CB3928,0,,7,CL087,cb_intrinsic
CB4000,0,,7,PS005_c,cb_intrinsic
CB4050,0,,7,PVLP008_c,cb_intrinsic
CB4097,0,,7,CB4097,cb_intrinsic
CB4101,0,,7,CB4101,cb_intrinsic
CB4102,0,,7,CB4102,cb_intrinsic
CB4114,0,,7,CB4114,cb_intrinsic
CB4123,0,,7,CB4123,cb_intrinsic
CB4132,0,,7,CB4132,cb_intrinsic
CB4151,0,,7,CB4151,cb_intrinsic
CB4176,0,,7,CB4176,cb_intrinsic
CB4194,0,,7,CB4194,cb_intrinsic
CB4205,0,,7,CB4205,cb_intrinsic
CB4219,0,,7,M_lPNm13,cb_intrinsic
CL086_b,0,,7,CL086_b,cb_intrinsic
"CL301,CL302",0,,7,CL301,cb_intrinsic
ER3d,0,,7,ER3d_e,cb_intrinsic
ITP,0,,7,ITP,cb_endocrine
JO-A1,0,,7,JO-A1,cb_sensory
LB2a-b,0,,7,LB2a,cb_sensory
LHAV2b10,0,,7,LHAV2b10,cb_intrinsic
LHAV2g2_a,0,,7,LHAV2g2_a,cb_intrinsic
LHAV7a4a,0,,7,LHAV7a4,cb_intrinsic
"LHPV2c2a,LHPV2c2b",0,,7,LHPV2c2,cb_intrinsic
"LHPV4a5,LHPV4k1",0,,7,LHPV4a3,cb_intrinsic
"LT53,PLP098",0,,7,LoVP50,visual_projection
"MBON25,MBON34",0,,7,MBON25-like,cb_intrinsic
M_lvPNm45,0,,7,M_lvPNm45,cb_intrinsic
PLP086b,0,,7,PLP086,cb_intrinsic
PS087b,0,,7,PS087,cb_intrinsic
PS282,0,,7,PS282,cb_intrinsic
PVLP037,0,,7,PVLP037,cb_intrinsic
SMP592,0,,7,SMP592,cb_intrinsic
Sm33,0,,7,Cm25,ol_intrinsic
VC3_adPN,0,,7,VC3_adPN,cb_intrinsic
lLN2P_a,0,,7,lLN2P_a,cb_intrinsic
"lLN9,lLN17a",0,,7,lLN9,cb_intrinsic
"ANG_GNG_94,AN_GNG_117",0,,6,AN17A015,ascending_neuron
"AN_GNG_1,AN_GNG_87,AN_GNG_140",0,,6,AN17A014,ascending_neuron
AN_GNG_148,0,,6,AN08B099_c,ascending_neuron
"AN_GNG_43,AN_GNG_83",0,,6,AN07B005,ascending_neuron
"AN_GNG_SAD_29,AN_GNG_SAD_35",0,,6,AN05B100,ascending_neuron
"AN_IPS_GNG_6,AN_GNG_172",0,,6,AN07B072_e,ascending_neuron
"AN_PRW_FLA_1,AN_SAD_FLA_1,AN_FLA_PRW_1",0,,6,AN27X018,ascending_neuron
"ATL017,ATL018",0,,6,ATL018,cb_intrinsic
AVLP069_b,0,,6,AVLP069_b,cb_intrinsic
AVLP069_c,0,,6,AVLP069_c,cb_intrinsic
AVLP187a,0,,6,AVLP187,cb_intrinsic
AVLP235,0,,6,AVLP235,cb_intrinsic
AVLP256,0,,6,AVLP256,cb_intrinsic
AVLP265a,0,,6,AVLP265,cb_intrinsic
AVLP269_a,0,,6,AVLP269_a,cb_intrinsic
CB.FB2E0,0,,6,FB2G_b,cb_intrinsic
CB.FB2E9,0,,6,FB2I_a,cb_intrinsic
"CB0027,SAD023",0,,6,SAD023,cb_intrinsic
CB0158,0,,6,PVLP068,cb_intrinsic
"CB0279,CB1725",0,,6,,cb_intrinsic
"CB0398,CB2417",0,,6,WED077,cb_intrinsic
"CB0719,CB2276",0,,6,CL054,cb_intrinsic
CB0929,0,,6,CB0929,cb_intrinsic
"CB0948,CB3284",0,,6,,cb_intrinsic
"CB0965,CB3181",0,,6,,cb_intrinsic
"CB1006,CB2932",0,,6,SIP042_a,cb_intrinsic
CB1007,0,,6,CB1007,cb_intrinsic
CB1020,0,,6,CB1020,cb_intrinsic
CB1036,0,,6,GNG239,cb_intrinsic
CB1051,0,,6,SMP358,cb_intrinsic
CB1054,0,,6,SMP268,cb_intrinsic
CB1056,0,,6,CB1056,cb_intrinsic
"CB1083,CB2220,CB3083",0,,6,SMP489,cb_intrinsic
CB1087,0,,6,CB1087,cb_intrinsic
"CB1102,CB1328",0,,6,,cb_intrinsic
CB1112,0,,6,AVLP261_a,cb_intrinsic
"CB1143,CB1692",0,,6,WED117,cb_intrinsic
CB1160,0,,6,CB1160,cb_intrinsic
"CB1221,CB3628",0,,6,AVLP412,cb_intrinsic
CB1230,0,,6,PRW041,cb_intrinsic
"CB1259,CB3589",0,,6,aSP10B,cb_intrinsic
CB1375,0,,6,LHPV2b4,cb_intrinsic
CB1391,0,,6,CB1391,cb_intrinsic
CB1434,0,,6,CB1434,cb_intrinsic
"CB1468,CB1790",0,,6,,cb_intrinsic
CB1470,0,,6,GNG620,cb_intrinsic
CB1479a,0,,6,GNG427,cb_intrinsic
"CB1485,CB3214,CB3405",0,,6,,cb_intrinsic
CB1506,0,,6,SMP737,cb_intrinsic
CB1529,0,,6,CB1529,cb_intrinsic
CB1593,0,,6,CB1593,cb_intrinsic
CB1670,0,,6,SLP178,cb_intrinsic
CB1684,0,,6,CB1684,cb_intrinsic
CB1709,0,,6,SMP220,cb_intrinsic
CB1752,0,,6,CB1752,cb_intrinsic
CB1896,0,,6,CB1896,cb_intrinsic
"CB1993,CB4053",0,,6,AVLP333,cb_intrinsic
"CB2003,CB3551",0,,6,,cb_intrinsic
CB2071a,0,,6,GNG407,cb_intrinsic
CB2071b,0,,6,GNG406,cb_intrinsic
"CB2204,CB1127",0,,6,aIPg2,cb_intrinsic
"CB2240,CB3251",0,,6,LHAV3b8,cb_intrinsic
CB2263a,0,,6,PS284,cb_intrinsic
"CB2338,CB3321",0,,6,CL117,cb_intrinsic
"CB2354,CB2867",0,,6,,cb_intrinsic
CB2367b,0,,6,PRW028,cb_intrinsic
CB2376c,0,,6,aSP10C_b,cb_intrinsic
CB2387,0,,6,LHAV4g4_b,cb_intrinsic
"CB2391,CB1452",0,,6,VES101,cb_intrinsic
CB2414,0,,6,WEDPN17_a2,cb_intrinsic
"CB2470,CB3117",0,,6,LHPV6a1,cb_intrinsic
"CB2576,CB3415",0,,6,WED117,cb_intrinsic
CB2585,0,,6,CB2585,cb_intrinsic
"CB2616,CB3751",0,,6,SLP337,cb_intrinsic
"CB2668,CB3349",0,,6,aIPg5,cb_intrinsic
CB2703,0,,6,CB2703,cb_intrinsic
CB2934,0,,6,CB2934,cb_intrinsic
CB2955,0,,6,CB2955,cb_intrinsic
CB3049,0,,6,CB3049,cb_intrinsic
CB3089,0,,6,LoVP55,visual_projection
CB3118,0,,6,CB3118,cb_intrinsic
CB3160,0,,6,LHAV5a8,cb_intrinsic
"CB3169,CB3223",0,,6,,cb_intrinsic
"CB3183,CB3796",0,,6,,cb_intrinsic
"CB3289,CB3531",0,,6,,cb_intrinsic
CB3304,0,,6,LHAV6a5,cb_intrinsic
"CB3424,CB3107",0,,6,,cb_intrinsic
"CB3430,CB3434",0,,6,SMP247,cb_intrinsic
CB3502,0,,6,PRW016,cb_intrinsic
"CB3587,CB2663",0,,6,VES103,cb_intrinsic
"CB3609,CB3611",0,,6,,cb_intrinsic
CB3612,0,,6,SMP222,cb_intrinsic
"CB3637,CB3653",0,,6,SIP070,cb_intrinsic
"CB3639,CB3387",0,,6,SMP072,cb_intrinsic
CB3858b,0,,6,AVLP548_a,cb_intrinsic
CB3908,0,,6,CB3908,cb_intrinsic
CB3942,0,,6,WEDPN6C,cb_intrinsic
CB3956,0,,6,PS076,cb_intrinsic
CB3963,0,,6,SLP141,cb_intrinsic
CB3973,0,,6,LHPV5c1_d,cb_intrinsic
CB3974,0,,6,LHPV5c1_d,cb_intrinsic
CB3977,0,,6,CB3977,cb_intrinsic
CB3992,0,,6,CB3992,cb_intrinsic
CB3999,0,,6,PS005_d,cb_intrinsic
CB4014,0,,6,SMP018,cb_intrinsic
CB4015,0,,6,SMP018,cb_intrinsic
CB4065,0,,6,GNG598,cb_intrinsic
CB4075,0,,6,PRW009,cb_intrinsic
CB4085,0,,6,CB4085,cb_intrinsic
CB4095,0,,6,CB4095,cb_intrinsic
CB4106,0,,6,CB4106,cb_intrinsic
CB4115,0,,6,CB4115,cb_intrinsic
CB4143,0,,6,CB4143,cb_intrinsic
CB4157,0,,6,CB4157,cb_intrinsic
CB4163,0,,6,CB4163,cb_intrinsic
CB4166,0,,6,AVLP285,cb_intrinsic
CB4167,0,,6,CB4167,cb_intrinsic
CB4169,0,,6,CB4169,cb_intrinsic
CB4171,0,,6,FB2F_a,cb_intrinsic
CB4173,0,,6,CB4173,cb_intrinsic
CB4177,0,,6,SAD001,cb_intrinsic
CB4183,0,,6,CB4183,cb_intrinsic
CB4197,0,,6,CB4197,cb_intrinsic
CB4206,0,,6,CB4206,cb_intrinsic
CB4216,0,,6,CB4216,cb_intrinsic
CB4224,0,,6,GNG595,cb_intrinsic
CL078,0,,6,CL078_a,cb_intrinsic
CL090_e,0,,6,CL090_e,cb_intrinsic
CL121_a,0,,6,CL121_a,cb_intrinsic
CL122_a,0,,6,CL122_a,cb_intrinsic
"CL231,CL238",0,,6,CL231,cb_intrinsic
CL266_a,0,,6,CL266_a1,cb_intrinsic
"CRE046,CRE045,CB3379",0,,6,CRE045,cb_intrinsic
DH44,0,,6,DH44,cb_endocrine
DMS,0,,6,DMS,cb_endocrine
DNg05_b,0,,6,DNg05_b,descending_neuron
"DNg06_b,DNg06_c",0,,6,DNg110,descending_neuron
DNg110_a,0,,6,DNg06,descending_neuron
DNg110_b,0,,6,DNg06,descending_neuron
DNge113,0,,6,DNge113,descending_neuron
DNge114,0,,6,DNge114,descending_neuron
D_adPN,0,,6,D_adPN,cb_intrinsic
ENS1,0,,6,ENS1,cb_sensory
ENS5,0,,6,ENS5,cb_sensory
FB4R,0,,6,FB4R,cb_intrinsic
"FB5P,FB5T",0,,6,FB5P,cb_intrinsic
LAL090c,0,,6,LAL090,cb_intrinsic
LAL144b,0,,6,LAL144,cb_intrinsic
"LAL147a,LAL147b",0,,6,LAL147_a,cb_intrinsic
LB2c,0,,6,LB2c,cb_sensory
"LHAD1a3,LHAD1f5",0,,6,LHAD1f5,cb_intrinsic
LHAD1i1,0,,6,LHAD1i1,cb_intrinsic
LHAV2b6,0,,6,LHAV2b6,cb_intrinsic
LHAV2g3,0,,6,LHAV2g3,cb_intrinsic
LHAV5a2_b,0,,6,LHAV5a2_b,cb_intrinsic
LHPV2a4,0,,6,LHPV2a4,cb_intrinsic
LHPV3b1_b,0,,6,LHPV3b1_b,cb_intrinsic
LHPV4a1,0,,6,LHPV4a1,cb_intrinsic
LHPV4a2,0,,6,LHPV4a2,cb_intrinsic
LHPV6a3,0,,6,LHPV6a3,cb_intrinsic
LT82,0,,6,LT82a,visual_projection
M_VPNml66,0,,6,M_VPNml66,cb_intrinsic
M_adPNm8,0,,6,M_adPNm8,cb_intrinsic
M_vPNml87,0,,6,M_vPNml87,cb_intrinsic
"PLP041,PLP043",0,,6,PLP043,cb_intrinsic
PLP053,0,,6,PLP053,cb_intrinsic
PLP064_b,0,,6,PLP064_b,cb_intrinsic
"PLP084,PLP085",0,,6,PLP085,cb_intrinsic
PLP157,0,,6,PLP157,cb_intrinsic
PLP191,0,,6,PLP191,cb_intrinsic
PS004,0,,6,PS004,cb_intrinsic
PS034,0,,6,PS034,cb_intrinsic
PS038b,0,,6,PS038,cb_intrinsic
PS095a,0,,6,PS095,cb_intrinsic
"PS240,PS264",0,,6,PS240,cb_intrinsic
PS267,0,,6,PS267,cb_intrinsic
PVLP036,0,,6,PVLP036,cb_intrinsic
PVLP074a,0,,6,PVLP074,cb_intrinsic
SAD011,0,,6,SAD011,cb_intrinsic
"SIP032,SIP059",0,,6,SIP032,cb_intrinsic
"SIP055,SLP245",0,,6,SLP245,cb_intrinsic
SIP073,0,,6,SIP073,cb_intrinsic
SLP012b,0,,6,SLP012,cb_intrinsic
SLP024b,0,,6,SLP024,cb_intrinsic
SLP041,0,,6,SLP041,cb_intrinsic
SLP044_d,0,,6,SLP044_d,cb_intrinsic
"SLP109,SLP143",0,,6,SLP109,cb_intrinsic
"SLP122,CB3605",0,,6,SLP122,cb_intrinsic
SLP241b,0,,6,SLP241,cb_intrinsic
SMP105_b,0,,6,SMP105_b,cb_intrinsic
SMP215,0,,6,SMP215,cb_intrinsic
SMP217,0,,6,SMP217,cb_intrinsic
SMP277,0,,6,SMP277,cb_intrinsic
"SMP359,SMP362",0,,6,SMP362,cb_intrinsic
Sm36,0,,6,Cm29,ol_intrinsic
VA1d_adPN,0,,6,VA1d_adPN,cb_intrinsic
VES049,0,,6,VES049,cb_intrinsic
WED031b,0,,6,WED031,cb_intrinsic
WED130b,0,,6,WED131,cb_intrinsic
WEDPN14,0,,6,WEDPN14,cb_intrinsic
"lLN2X06,lLN2X07",0,,6,lLN2R_a,cb_intrinsic
"lLN2X09,lLN2X10",0,,6,,cb_intrinsic
mAL4F,0,,6,mAL4F,cb_intrinsic
"pC1a,pC1c",0,,6,pC1x_a,cb_intrinsic
v2LN4,0,,6,v2LN4,cb_intrinsic
AN_GNG_183,0,,5,AN08B101,ascending_neuron
AOTU052a,0,,5,AOTU052,cb_intrinsic
AVLP026a,0,,5,AVLP026,cb_intrinsic
AVLP044_a,0,,5,AVLP044_a,cb_intrinsic
AVLP348,0,,5,AVLP348,cb_intrinsic
"AVLP420_a,AVLP427",0,,5,AVLP420_a,cb_intrinsic
AVLP421,0,,5,AVLP421,cb_intrinsic
CB.FB2I2,0,,5,FB2C,cb_intrinsic
"CB0050,CB0064",0,,5,PVLP075,cb_intrinsic
CB0927,0,,5,AVLP379,cb_intrinsic
CB0938,0,,5,LHAD1i2_b,cb_intrinsic
CB0962a,0,,5,PS346,cb_intrinsic
CB0996,0,,5,CB0996,cb_intrinsic
CB0999,0,,5,SLP187,cb_intrinsic
"CB1025,CB3573",0,,5,,cb_intrinsic
CB1038d,0,,5,AMMC023,cb_intrinsic
"CB1066,CB3649",0,,5,,cb_intrinsic
CB1080,0,,5,AOTU002_c,cb_intrinsic
CB1099,0,,5,CB1099,cb_intrinsic
"CB1119,CB1989",0,,5,,cb_intrinsic
"CB1196,CB1986",0,,5,,cb_intrinsic
"CB1315,CB1360",0,,5,AVLP337,cb_intrinsic
CB1348,0,,5,LHPV5h2_a,cb_intrinsic
"CB1378,CB3114",0,,5,,cb_intrinsic
CB1432,0,,5,CB1432,cb_intrinsic
CB1460,0,,5,CB1460,cb_intrinsic
CB1487,0,,5,CB1487,cb_intrinsic
"CB1492,CB2137",0,,5,WED143_d,cb_intrinsic
CB1527,0,,5,CB1527,cb_intrinsic
CB1574,0,,5,CB1574,cb_intrinsic
CB1576,0,,5,CB1576,cb_intrinsic
CB1590,0,,5,CB1590,cb_intrinsic
CB1815,0,,5,CB1815,cb_intrinsic
CB1850,0,,5,CB1850,cb_intrinsic
"CB1886,CB2651",0,,5,,cb_intrinsic
CB1921,0,,5,LHPV6a1,cb_intrinsic
"CB1961,CB2796",0,,5,LHPV3b1_a,cb_intrinsic
CB2027,0,,5,CB2027,cb_intrinsic
CB2224,0,,5,CB2224,cb_intrinsic
CB2248,0,,5,aSP10B,cb_intrinsic
CB2388,0,,5,Z_lvPNm1,cb_intrinsic
CB2472,0,,5,CB2472,cb_intrinsic
"CB2544,CB2841",0,,5,,cb_intrinsic
CB2556,0,,5,AMMC034_a,cb_intrinsic
CB2571b,0,,5,v2LN34A,cb_intrinsic
CB2573b,0,,5,PRW026,cb_intrinsic
"CB2580,CB3235",0,,5,,cb_intrinsic
"CB2591,CB2917",0,,5,,cb_intrinsic
"CB2608,CB3591,CB3636",0,,5,SMP306,cb_intrinsic
"CB2634,CB3521",0,,5,AVLP183,cb_intrinsic
CB2667,0,,5,CB2667,cb_intrinsic
CB2687,0,,5,CB2687,cb_intrinsic
CB2726,0,,5,SLP183,cb_intrinsic
CB2731,0,,5,LHAV4g6_a,cb_intrinsic
CB2763,0,,5,CB2763,cb_intrinsic
CB2770,0,,5,CB2770,cb_intrinsic
CB2787,0,,5,CB2787,cb_intrinsic
CB2851,0,,5,CB2851,cb_intrinsic
CB2869,0,,5,CB2869,cb_intrinsic
CB2937,0,,5,CB2937,cb_intrinsic
"CB2946,CB1952",0,,5,,cb_intrinsic
CB2961,0,,5,SLP268,cb_intrinsic
CB3023,0,,5,CB3023,cb_intrinsic
"CB3041,CB3084",0,,5,SLP347,cb_intrinsic
"CB3063,CB3801",0,,5,,cb_intrinsic
CB3075,0,,5,CB3075,cb_intrinsic
"CB3198,CB2977",0,,5,LHPD2b1,cb_intrinsic
CB3202,0,,5,CB3202,cb_intrinsic
"CB3283,CB3314",0,,5,,cb_intrinsic
CB3313,0,,5,aSP10A_b,cb_intrinsic
CB3360,0,,5,CB3360,cb_intrinsic
CB3364,0,,5,CB3364,cb_intrinsic
CB3446,0,,5,CB3446,cb_intrinsic
"CB3487,CB3535",0,,5,AVLP527,cb_intrinsic
"CB3504,CB3510",0,,5,,cb_intrinsic
CB3858a,0,,5,AVLP548_c,cb_intrinsic
CB3961,0,,5,AOTU032,cb_intrinsic
CB3962,0,,5,AOTU034,cb_intrinsic
CB3998,0,,5,CB3998,cb_intrinsic
CB4001,0,,5,PS005_e,cb_intrinsic
CB4012,0,,5,SMP016_a,cb_intrinsic
CB4013,0,,5,SMP018,cb_intrinsic
CB4036,0,,5,GNG336,cb_intrinsic
CB4104,0,,5,CB4104,cb_intrinsic
CB4117,0,,5,CB4117,cb_intrinsic
CB4139,0,,5,CB4139,cb_intrinsic
CB4179,0,,5,CB4179,cb_intrinsic
CB4180,0,,5,SAD014,cb_intrinsic
CB4214,0,,5,CB4214,cb_intrinsic
CB4225,0,,5,CB4225,cb_intrinsic
CB4248,0,,5,CB4248,cb_intrinsic
CL024b,0,,5,CL024_b,cb_intrinsic
CL160,0,,5,CL160,cb_intrinsic
CL166,0,,5,CL166,cb_intrinsic
CL168,0,,5,CL168,cb_intrinsic
CL24a,0,,5,CL024_a,cb_intrinsic
CRE043b,0,,5,CRE043_c1,cb_intrinsic
"CRE094,CB2062",0,,5,CRE094,cb_intrinsic
CRZ,0,,5,,cb_endocrine
"DNge108,DNge118",0,,5,DNge108,descending_neuron
ENS3,0,,5,ENS3,cb_sensory
ENS4,0,,5,ENS4,cb_sensory
"FB5D,FB5E",0,,5,FB5D,cb_intrinsic
"FB6,FB6J",0,,5,FB6J,cb_intrinsic
LAL025,0,,5,LAL025,cb_intrinsic
LAL094a,0,,5,LAL094,cb_intrinsic
LAL094c,0,,5,LAL094,cb_intrinsic
LHAD1c3,0,,5,LHAD1c3,cb_intrinsic
"LHAD2c3b,LHAD2c3c",0,,5,LHAD2c3,cb_intrinsic
LHPV2a1_d,0,,5,LHPV2a1_d,cb_intrinsic
LHPV2a5,0,,5,LHPV2a5,cb_intrinsic
"LHPV2b5,CB3282,CB3161",0,,5,LHPV2b5,cb_intrinsic
LHPV4a8,0,,5,LHPV4a8,cb_intrinsic
M_lvPNm37,0,,5,M_lvPNm37,cb_intrinsic
PLP241a,0,,5,PLP241,cb_intrinsic
PS150a,0,,5,PS150,cb_intrinsic
"PS193b,PS193c",0,,5,PS193b,cb_intrinsic
PS209c,0,,5,PS209,cb_intrinsic
PS252,0,,5,PS252,cb_intrinsic
SIP013b,0,,5,SIP013,cb_intrinsic
SIP020b,0,,5,SIP020_b,cb_intrinsic
SLP026,0,,5,SLP026,cb_intrinsic
"SLP288b,SLP288c",0,,5,SLP288,cb_intrinsic
SLP360,0,,5,SLP360_d,cb_intrinsic
SLP400,0,,5,SLP400,cb_intrinsic
SMP319b,0,,5,SMP319,cb_intrinsic
SMP590,0,,5,SMP590_a,cb_intrinsic
VM5v_adPN,0,,5,VM5v_adPN,cb_intrinsic
WED004b,0,,5,WED004,cb_intrinsic
WED039,0,,5,WED039,cb_intrinsic
WEDPN8D,0,,5,WEDPN8D,cb_intrinsic
aPhM2a,0,,5,aPhM2a,cb_sensory
aPhM3,0,,5,aPhM3,cb_sensory
lLN13,0,,5,lLN13,cb_intrinsic
"v2LN42b,v2LN42c",0,,5,v2LN42,cb_intrinsic
v2LN47,0,,5,v2LN47,cb_intrinsic
"(AVLP346,AVLP348)a",0,,4,AVLP346,cb_intrinsic
ALON3,0,,4,ALON3,cb_intrinsic
AN_AVLP_42,0,,4,AN10B022,ascending_neuron
"AN_GNG_11,AN_GNG_13",0,,4,AN19B044,ascending_neuron
AN_GNG_159,0,,4,AN08B099_g,ascending_neuron
AN_GNG_180,0,,4,AN14A003,ascending_neuron
AN_GNG_181,0,,4,AN03B011,ascending_neuron
AN_GNG_201,0,,4,AN04B004,ascending_neuron
AN_GNG_203,0,,4,AN19B051,ascending_neuron
AN_GNG_59,0,,4,AN07B041,ascending_neuron
AN_GNG_60,0,,4,AN07B013,ascending_neuron
AN_GNG_8,0,,4,AN19B009,ascending_neuron
"AN_multi_34,AN_multi_35",0,,4,AN09B037,ascending_neuron
AN_multi_99,0,,4,AN08B041,ascending_neuron
"AOTU018,AOTU031",0,,4,AOTU018,cb_intrinsic
AOTU041,0,,4,AOTU041,cb_intrinsic
AOTU042,0,,4,AOTU042,cb_intrinsic
AOTU046,0,,4,AOTU046,cb_intrinsic
AOTU049,0,,4,AOTU049,cb_intrinsic
"ATL024,IB042",0,,4,ATL024,cb_intrinsic
"ATL035,ATL036",0,,4,ATL035,cb_intrinsic
"ATL038,ATL039",0,,4,ATL038,cb_intrinsic
AVLP027,0,,4,AVLP027,cb_intrinsic
AVLP028d,0,,4,AVLP028,cb_intrinsic
AVLP069_a,0,,4,AVLP069_a,cb_intrinsic
AVLP096,0,,4,AVLP096,cb_intrinsic
AVLP105a,0,,4,AVLP105,cb_intrinsic
AVLP143,0,,4,AVLP143,cb_intrinsic
AVLP194a,0,,4,AVLP194_a,cb_intrinsic
AVLP194c2,0,,4,AVLP194_c2,cb_intrinsic
AVLP194d,0,,4,AVLP192_a,cb_intrinsic
AVLP227,0,,4,AVLP227,cb_intrinsic
AVLP234,0,,4,AVLP234,cb_intrinsic
"AVLP253,AVLP254",0,,4,AVLP253,cb_intrinsic
AVLP345,0,,4,AVLP345_a,cb_intrinsic
AVLP380,0,,4,AVLP380,cb_intrinsic
"AVLP393,AVLP395",0,,4,AVLP393,cb_intrinsic
"AVLP417,AVLP438",0,,4,AVLP417,cb_intrinsic
AVLP465c,0,,4,AVLP465,cb_intrinsic
AVLP471,0,,4,AVLP471,cb_intrinsic
AVLP517,0,,4,AVLP517,cb_intrinsic
"AVLP530,AVLP561",0,,4,AVLP530,cb_intrinsic
AVLP548_d,0,,4,AVLP548_d,cb_intrinsic
AVLP548_e,0,,4,AVLP548_e,cb_intrinsic
AVLP580,0,,4,AVLP580,cb_intrinsic
CB.FB2E10,0,,4,FB2I_a,cb_intrinsic
CB.FB2E5,0,,4,FB2J_a,cb_intrinsic
CB.FB2E6,0,,4,FB2H_a,cb_intrinsic
CB.FB2E8,0,,4,FB2E,cb_intrinsic
CB.FB2K0,0,,4,FB2B_b,cb_intrinsic
CB.FB2K1,0,,4,FB2B_a,cb_intrinsic
"CB.FB3,4A10",0,,4,FB4M,cb_intrinsic
"CB.FB3,4A21",0,,4,FB4L,cb_intrinsic
"CB.FB3,4A9",0,,4,FB4Y,cb_intrinsic
"CB.FB3,4I0",0,,4,FB3A,cb_intrinsic
CB.FB5D2,0,,4,FB5Q,cb_intrinsic
CB.FB6B0,0,,4,FB6K,cb_intrinsic
CB.FB6F0,0,,4,FB6M,cb_intrinsic
"CB0149,CB0663",0,,4,LAL206,cb_intrinsic
"CB0189,CB3298",0,,4,AVLP139,cb_intrinsic
"CB0220,LAL179b",0,,4,LAL179,cb_intrinsic
"CB0299,CB2670",0,,4,,cb_intrinsic
CB0624,0,,4,PS318,cb_intrinsic
"CB0642,CB0662",0,,4,,cb_intrinsic
CB0643,0,,4,GNG488,cb_intrinsic
CB0705,0,,4,GNG276,cb_motor
CB0710,0,,4,SMP082,cb_intrinsic
CB0720,0,,4,MN1,cb_motor
CB0746,0,,4,SMP742,cb_intrinsic
CB0747,0,,4,AVLP325_b,cb_intrinsic
CB0758,0,,4,CB0758,cb_intrinsic
CB0762,0,,4,MN7,cb_motor
CB0875/CB0882,0,,4,MN3L,cb_motor
CB0914/CB0915,0,,4,MN12D,cb_motor
CB0925,0,,4,CB0925,cb_intrinsic
CB0926,0,,4,CB0926,cb_intrinsic
CB0988a,0,,4,GNG448,cb_intrinsic
CB0988b,0,,4,GNG450,cb_intrinsic
CB1000,0,,4,CB1000,cb_intrinsic
"CB1045,CB1588",0,,4,,cb_intrinsic
CB1050,0,,4,CB1050,cb_intrinsic
CB1059,0,,4,CB1059,cb_intrinsic
"CB1061,CB1970",0,,4,CRE030_b,cb_intrinsic
CB1088,0,,4,CB1088,cb_intrinsic
"CB1093,CB2403",0,,4,,cb_intrinsic
CB1111,0,,4,AVLP264,cb_intrinsic
"CB1172,SIP041",0,,4,SIP041,cb_intrinsic
"CB1228,CB2291",0,,4,,cb_intrinsic
CB1231a,0,,4,SAD110,cb_intrinsic
"CB1240,CB3467",0,,4,LHAV3b13,cb_intrinsic
CB1272,0,,4,SLP094_a,cb_intrinsic
"CB1273,CB2542",0,,4,,cb_intrinsic
CB1280,0,,4,CB1280,cb_intrinsic
"CB1284,CB3691",0,,4,,cb_intrinsic
CB1294,0,,4,AOTU017,cb_intrinsic
CB1321,0,,4,VP1m+VP2_lvPN2,cb_intrinsic
CB1338,0,,4,SMP226,cb_intrinsic
CB1356,0,,4,CB1356,cb_intrinsic
CB1361,0,,4,CB1361,cb_intrinsic
CB1384,0,,4,CB1384,cb_intrinsic
CB1394_a,0,,4,CB1394_a,cb_intrinsic
CB1394_b,0,,4,CB1394_b,cb_intrinsic
CB1418,0,,4,CB1418,cb_intrinsic
CB1422b,0,,4,GNG419,cb_intrinsic
"CB1441,CB2007",0,,4,,cb_intrinsic
CB1463,0,,4,CB1463,cb_intrinsic
CB1494,0,,4,SLP043,cb_intrinsic
CB1563a,0,,4,GNG271,cb_intrinsic
CB1575a,0,,4,CB1575,cb_intrinsic
"CB1589,CB3546",0,,4,,cb_intrinsic
CB1597b,0,,4,GNG318,cb_intrinsic
CB1608,0,,4,CB1608,cb_intrinsic
CB1619,0,,4,CB1619,cb_intrinsic
CB1653,0,,4,CB1653,cb_intrinsic
CB1673,0,,4,v2LN34F,cb_intrinsic
CB1676,0,,4,v2LN3A,cb_intrinsic
CB1693,0,,4,PS072,cb_intrinsic
CB1704,0,,4,LHPV5h4,cb_intrinsic
"CB1740,CB1779",0,,4,,cb_intrinsic
CB1800,0,,4,LHAV2h1,cb_intrinsic
CB1811,0,,4,CB1811,cb_intrinsic
"CB1829,CB3485,CB3527",0,,4,,cb_intrinsic
CB1861b,0,,4,SLP179_b,cb_intrinsic
"CB1865,CB2809",0,,4,SMP453,cb_intrinsic
CB1898,0,,4,GNG266,cb_intrinsic
CB1906,0,,4,AVLP311_a2,cb_intrinsic
CB1912,0,,4,LHAV5c1,cb_intrinsic
CB1913,0,,4,CL147,cb_intrinsic
CB1945,0,,4,CB1945,cb_intrinsic
"CB1947,CB3224",0,,4,,cb_intrinsic
CB1967,0,,4,SMP117_a,cb_intrinsic
"CB1972,CB1621",0,,4,,cb_intrinsic
CB1974,0,,4,GNG409,cb_intrinsic
CB1981,0,,4,CB1981,cb_intrinsic
CB1985,0,,4,CB1985,cb_intrinsic
CB2003,0,,4,CB2003,cb_intrinsic
"CB2011,CB2699",0,,4,,cb_intrinsic
CB2033,0,,4,CB2033,cb_intrinsic
"CB2054,CB1488",0,,4,GNG320,cb_intrinsic
CB2054b,0,,4,GNG319,cb_intrinsic
CB2059,0,,4,CB2059,cb_intrinsic
"CB2069,CB3559",0,,4,SLP360_d,cb_intrinsic
CB2082,0,,4,CL191_a,cb_intrinsic
CB2094b,0,,4,CB2094,cb_intrinsic
CB2151,0,,4,CB2151,cb_intrinsic
CB2159,0,,4,LHPV5h4,cb_intrinsic
"CB2173,CB2752",0,,4,,cb_intrinsic
CB2174,0,,4,CB2174,cb_intrinsic
CB2184,0,,4,CB2184,cb_intrinsic
CB2199,0,,4,LHPV6a1,cb_intrinsic
CB2231,0,,4,PRW031,cb_intrinsic
CB2233,0,,4,GNG275,cb_intrinsic
CB2253,0,,4,AVLP005,cb_intrinsic
CB2257,0,,4,CB2257,cb_intrinsic
"CB2264,CB3516",0,,4,,cb_intrinsic
CB2265b,0,,4,VES093_b,cb_intrinsic
CB2267_a,0,,4,WEDPN17_a1,cb_intrinsic
"CB2277,CB3336",0,,4,SLP099,cb_intrinsic
"CB2284,CB2422",0,,4,SMP483,cb_intrinsic
"CB2289,CB2649",0,,4,,cb_intrinsic
CB2299,0,,4,GNG400,cb_intrinsic
CB2315,0,,4,CB2315,cb_intrinsic
CB2336,0,,4,LHAV3n1,cb_intrinsic
CB2369,0,,4,SMP133,cb_intrinsic
"CB2418,LAL026",0,,4,LAL026_a,cb_intrinsic
CB2434,0,,4,SLP081,cb_intrinsic
CB2442,0,,4,CB2442,cb_intrinsic
"CB2451,CB3309",0,,4,SMP453,cb_intrinsic
CB2452,0,,4,LHPV4c2,cb_intrinsic
CB2459,0,,4,CB2459,cb_intrinsic
CB2473,0,,4,PS070,cb_intrinsic
CB2509,0,,4,CRE093,cb_intrinsic
"CB2547,CB3651",0,,4,AVLP111,cb_intrinsic
CB2548,0,,4,GNG391,cb_intrinsic
CB2551b,0,,4,CB2551b,cb_intrinsic
"CB2557,CB3471",0,,4,,cb_intrinsic
"CB2566,CB3640",0,,4,GNG633,cb_intrinsic
CB2568,0,,4,SMP221,cb_intrinsic
CB2572a,0,,4,CB2572,cb_intrinsic
CB2572b,0,,4,CB2572,cb_intrinsic
CB2587,0,,4,SMP219,cb_intrinsic
"CB2618,CB3317",0,,4,,cb_intrinsic
CB2635,0,,4,AVLP325_a,cb_intrinsic
CB2696b,0,,4,CL167,cb_intrinsic
CB2756,0,,4,SLP198,cb_intrinsic
CB2771,0,,4,SLP085,cb_intrinsic
CB2786,0,,4,CB2786,cb_intrinsic
CB2797,0,,4,CB2797,cb_intrinsic
CB2810,0,,4,LHPV5m1,cb_intrinsic
CB2811,0,,4,GNG381,cb_intrinsic
CB2816,0,,4,CB2816,cb_intrinsic
CB2845,0,,4,CB2845,cb_intrinsic
CB2846,0,,4,CB2846,cb_intrinsic
CB2859,0,,4,CB2859,cb_intrinsic
CB2868_a,0,,4,SMP438,cb_intrinsic
CB2881a,0,,4,CB2881,cb_intrinsic
CB2885,0,,4,CL184,cb_intrinsic
CB2899,0,,4,LHAV3n1,cb_intrinsic
CB2907,0,,4,CB2907,cb_intrinsic
CB3026,0,,4,CRE003_b,cb_intrinsic
CB3036,0,,4,CB3036,cb_intrinsic
"CB3060,SMP283",0,,4,SMP283,cb_intrinsic
CB3061,0,,4,LHPV2c5,cb_intrinsic
CB3076,0,,4,CB3076,cb_intrinsic
CB3119,0,,4,LHPV6f3_b,cb_intrinsic
CB3141,0,,4,CB3141,cb_intrinsic
CB3146,0,,4,GNG375,cb_intrinsic
CB3206,0,,4,VP1m+VP2_lvPN2,cb_intrinsic
CB3218,0,,4,CB3218,cb_intrinsic
CB3233,0,,4,CB3233,cb_intrinsic
"CB3234,CB3377",0,,4,,cb_intrinsic
CB3243,0,,4,CL275,cb_intrinsic
"CB3260,CB3723",0,,4,LHPV6i1_a,cb_intrinsic
CB3268,0,,4,CB3268,cb_intrinsic
CB3279a,0,,4,PRW020,cb_intrinsic
CB3287b,0,,4,CB3287b,cb_intrinsic
CB3288,0,,4,CB3288,cb_intrinsic
CB3339,0,,4,CB3339,cb_intrinsic
"CB3356,CB3359",0,,4,,cb_intrinsic
CB3357,0,,4,CB3357,cb_intrinsic
CB3370,0,,4,AVLP378,cb_intrinsic
CB3374,0,,4,CB3374,cb_intrinsic
CB3382,0,,4,AVLP338,cb_intrinsic
CB3392,0,,4,SMP002,cb_intrinsic
CB3398,0,,4,AVLP113,cb_intrinsic
CB3419,0,,4,CB3419,cb_intrinsic
"CB3444,CB0793",0,,4,,cb_intrinsic
CB3445,0,,4,CB3445,cb_intrinsic
CB3455,0,,4,SIP054,cb_intrinsic
CB3479,0,,4,CB3479,cb_intrinsic
CB3506,0,,4,CB3506,cb_intrinsic
CB3545,0,,4,CB3545,cb_intrinsic
CB3552,0,,4,CB3552,cb_intrinsic
CB3557,0,,4,SLP421,cb_intrinsic
CB3574,0,,4,CB3574,cb_intrinsic
"CB3584,CB3592",0,,4,,cb_intrinsic
"CB3622,CB3662",0,,4,,cb_intrinsic
CB3635,0,,4,CB3635,cb_intrinsic
"CB3643,SAD075",0,,4,SAD075,cb_intrinsic
CB3657,0,,4,CB3657,cb_intrinsic
"CB3664,CB3672",0,,4,,cb_intrinsic
CB3667,0,,4,CB3667,cb_intrinsic
CB3673b,0,,4,CB3673b,cb_intrinsic
CB3684,0,,4,CB3684,cb_intrinsic
CB3748,0,,4,CB3748,cb_intrinsic
"CB3749,CB3804",0,,4,,cb_intrinsic
CB3762,0,,4,CB3762,cb_intrinsic
"CB3772,CB3779",0,,4,SMP355,cb_intrinsic
CB3788,0,,4,CB3788,cb_intrinsic
CB3862,0,,4,SMP322,cb_intrinsic
CB3874,0,,4,CB3874,cb_intrinsic
"CB3888,WED085",0,,4,WED079,cb_intrinsic
CB3893,0,,4,AMMC028,cb_intrinsic
CB3896,0,,4,PLP052,cb_intrinsic
CB3899,0,,4,GNG345,cb_intrinsic
CB3900,0,,4,CB3900,cb_intrinsic
CB3923,0,,4,GNG602,cb_intrinsic
CB3927,0,,4,AVLP302,cb_intrinsic
CB3931,0,,4,CB3931,cb_intrinsic
CB3932,0,,4,CB3932,cb_intrinsic
CB3936,0,,4,PLP054,cb_intrinsic
CB3937,0,,4,PLP054,cb_intrinsic
CB3939,0,,4,AVLP037,cb_intrinsic
CB3943,0,,4,WEDPN6B,cb_intrinsic
CB3946,0,,4,SAD046,cb_intrinsic
CB3948,0,,4,SAD045,cb_intrinsic
CB3951,0,,4,CL085_b,cb_intrinsic
CB3959,0,,4,CB3959,cb_intrinsic
CB3964,0,,4,SLP142,cb_intrinsic
CB3965,0,,4,SLP142,cb_intrinsic
CB3966,0,,4,SLP016,cb_intrinsic
CB3968,0,,4,SLP105,cb_intrinsic
CB3969,0,,4,LHPV5c1,cb_intrinsic
CB3972,0,,4,LHPV5c1_a,cb_intrinsic
CB3990,0,,4,LAL094,cb_intrinsic
CB4002,0,,4,PS005_b,cb_intrinsic
CB4003,0,,4,PS005_f,cb_intrinsic
CB4016,0,,4,SMP018,cb_intrinsic
CB4018,0,,4,PLP065,cb_intrinsic
CB4022,0,,4,CB4022,cb_intrinsic
CB4037,0,,4,CB4037,cb_intrinsic
CB4056,0,,4,PLP181,cb_intrinsic
CB4113,0,,4,CRE003_b,cb_intrinsic
CB4150,0,,4,CB4150,cb_intrinsic
CB4158,0,,4,CB4158,cb_intrinsic
CB4160,0,,4,AVLP461,cb_intrinsic
CB4162,0,,4,CB4162,cb_intrinsic
CB4165,0,,4,CB4165,cb_intrinsic
CB4172,0,,4,CB4172,cb_intrinsic
CB4182,0,,4,SAD001,cb_intrinsic
CB4185,0,,4,SMP394,cb_intrinsic
CB4186,0,,4,SMP391,cb_intrinsic
CB4190,0,,4,CB4190,cb_intrinsic
CB4193,0,,4,CB4193,cb_intrinsic
CB4195,0,,4,CB4195,cb_intrinsic
CB4196,0,,4,CB4196,cb_intrinsic
CB4198,0,,4,CB4198,cb_intrinsic
CB4201,0,,4,CB4201,cb_intrinsic
CB4215,0,,4,CB4215,cb_intrinsic
CB4221,0,,4,SMP730,cb_intrinsic
CB4226,0,,4,SMP729,cb_intrinsic
CB4229,0,,4,PS148,cb_intrinsic
CB4235,0,,4,SAD116,cb_intrinsic
CB4236,0,,4,AVLP311_a1,cb_intrinsic
"CL008,CL009",0,,4,CL008,cb_intrinsic
CL014b,0,,4,CL014,cb_intrinsic
CL022a,0,,4,CL022_b,cb_intrinsic
CL080,0,,4,CL080,cb_intrinsic
CL083,0,,4,CL083,cb_intrinsic
CL085_a,0,,4,CL085_a,cb_intrinsic
CL085_b,0,,4,CL085_c,cb_intrinsic
CL090_b,0,,4,CL090_b,cb_intrinsic
CL161b,0,,4,CL161_b,cb_intrinsic
"CL228,SMP491",0,,4,CL228,cb_intrinsic
CL266_b,0,,4,CL266_b1,cb_intrinsic
CL273,0,,4,CL273,cb_intrinsic
"CRE008,CRE010",0,,4,CRE008,cb_intrinsic
CRE019,0,,4,CRE019,cb_intrinsic
"CRE080a,CRE080b",0,,4,CRE080_a,cb_intrinsic
"CRZ01,CRZ02",0,,4,CRZ01,cb_intrinsic
DA3_adPN,0,,4,DA3_adPN,cb_intrinsic
DM2_lPN,0,,4,DM2_lPN,cb_intrinsic
DNbe002,0,,4,DNbe002,descending_neuron
DNg02_c,0,,4,DNg02_c,descending_neuron
DNg02_g,0,,4,DNg02_g,descending_neuron
DNg04,0,,4,DNg04,descending_neuron
"DNg102_a,DNg102_b",0,,4,DNg102,descending_neuron
"DNg52_a,DNg52_b",0,,4,DNg52,descending_neuron
DNg82,0,,4,DNg82,descending_neuron
"DNge061,DNge066",0,,4,DNge061,descending_neuron
DNge102,0,,4,DNge102,descending_neuron
DNge136,0,,4,DNge136,descending_neuron
"DNp51,DNpe019",0,,4,"DNp51,DNpe019",descending_neuron
DNpe004,0,,4,DNpe004,descending_neuron
DNpe029,0,,4,DNpe029,descending_neuron
DP1m_vPN,0,,4,DP1m_vPN,cb_intrinsic
ENS2,0,,4,ENS2,cb_sensory
EPGt,0,,4,EPGt,cb_intrinsic
ER6,0,,4,ER6,cb_intrinsic
ExR1,0,,4,ExR1,cb_intrinsic
ExR5,0,,4,ExR5,cb_intrinsic
ExR7,0,,4,ExR7,cb_intrinsic
ExR8,0,,4,ExR8,cb_intrinsic
"FB1I,FB1J",0,,4,FB1I,cb_intrinsic
FB2F_d,0,,4,FB2F_d,cb_intrinsic
GLNO,0,,4,GLNO,cb_intrinsic
Hugin-RG,0,,4,Hugin-RG,cb_endocrine
"IB033,IB039",0,,4,IB033,cb_intrinsic
IB038,0,,4,IB038,cb_intrinsic
JO-FD1,0,,4,JO-FD1,cb_sensory
JO-FD2,0,,4,JO-FD2,cb_sensory
"LAL003,LAL044",0,,4,LAL003,cb_intrinsic
LAL023,0,,4,LAL023,cb_intrinsic
LAL056b,0,,4,LAL056,cb_intrinsic
LAL059b,0,,4,LAL059,cb_intrinsic
LAL064,0,,4,LAL064,cb_intrinsic
"LAL074,LAL084",0,,4,LAL074,cb_intrinsic
"LAL103,LAL109",0,,4,LAL109,cb_intrinsic
"LAL104,LAL105",0,,4,LAL104,cb_intrinsic
"LAL111,PS060",0,,4,LAL111,cb_intrinsic
LAL113,0,,4,LAL113,cb_intrinsic
LAL117,0,,4,LAL117,cb_intrinsic
"LAL125,LAL108",0,,4,LAL108,cb_intrinsic
"LAL160,LAL161",0,,4,LAL160,cb_intrinsic
"LAL163,LAL164",0,,4,LAL163,cb_intrinsic
"LAL171,LAL172",0,,4,LAL171,cb_intrinsic
"LAL173,LAL174",0,,4,LAL173,cb_intrinsic
"LAL176,LAL177",0,,4,LAL176,cb_intrinsic
LAL188_a,0,,4,LAL188_a,cb_intrinsic
LAL188_b,0,,4,LAL188_b,cb_intrinsic
LAL194,0,,4,LAL194,cb_intrinsic
LB2d,0,,4,LB2d,cb_sensory
LB4a,0,,4,LB4a,cb_sensory
LHAD1a4a,0,,4,LHAD1a4_a,cb_intrinsic
LHAD1f1a,0,,4,LHAD1f1,cb_intrinsic
LHAV1d1,0,,4,LHAV1d1,cb_intrinsic
LHAV3a1,0,,4,LHAV3a1_b,cb_intrinsic
LHAV5a1,0,,4,LHAV5a1,cb_intrinsic
LHCENT13_a,0,,4,LHCENT13_a,cb_intrinsic
LHPV4a9,0,,4,LHPV4a9,cb_intrinsic
"LHPV4c3,LHPV4c4",0,,4,LHPV4c3,cb_intrinsic
LHPV5b4,0,,4,LHPV5b4,cb_intrinsic
LN-DN2,0,,4,LN-DN2,sensory_descending
"LN60a,LN60b",0,,4,LN60,cb_intrinsic
Li19,0,,4,Li11b,ol_intrinsic
Li25,0,,4,Li11a,ol_intrinsic
Li27,0,,4,Li12,ol_intrinsic
Li28,0,,4,Li16,ol_intrinsic
MNx01,0,,4,MNx01,cb_motor
M_lvPNm26,0,,4,M_lvPNm26,cb_intrinsic
M_lvPNm40,0,,4,M_lvPNm40,cb_intrinsic
M_lvPNm43,0,,4,M_lvPNm43,cb_intrinsic
M_lvPNm46,0,,4,M_lvPNm46,cb_intrinsic
M_lvPNm47,0,,4,M_lvPNm47,cb_intrinsic
M_vPNml53a,0,,4,M_vPNml53,cb_intrinsic
M_vPNml75,0,,4,M_vPNml75,cb_intrinsic
M_vPNml77,0,,4,M_vPNml77,cb_intrinsic
M_vPNml80,0,,4,M_vPNml80,cb_intrinsic
PAM15,0,,4,PAM15,cb_intrinsic
PLP046a,0,,4,PLP046,cb_intrinsic
PLP055,0,,4,PLP055,cb_intrinsic
PLP059b,0,,4,PLP059,cb_intrinsic
PLP065a,0,,4,PLP065,cb_intrinsic
PLP069,0,,4,PLP069,cb_intrinsic
PLP087b,0,,4,PLP087,cb_intrinsic
"PLP109,PLP112",0,,4,PLP109,cb_intrinsic
"PLP120,PLP145",0,,4,PLP120,cb_intrinsic
"PLP139,PLP140",0,,4,PLP139,cb_intrinsic
PLP182b,0,,4,PLP182,cb_intrinsic
"PLP198,SLP361",0,,4,SLP361,cb_intrinsic
"PPM1204,PS139",0,,4,PPM1204,cb_intrinsic
"PS003,PS006",0,,4,PS003,cb_intrinsic
PS008_a2,0,,4,PS008_b,cb_intrinsic
PS008_b,0,,4,PS008_b,cb_intrinsic
PS024,0,,4,PS024,cb_intrinsic
PS083b,0,,4,PS083_b,cb_intrinsic
PS096c,0,,4,PS096,cb_intrinsic
"PS141,PS147",0,,4,PS141,cb_intrinsic
"PS143,PS149",0,,4,PS143,cb_intrinsic
PS150b,0,,4,PS150,cb_intrinsic
"PS164,PS165",0,,4,PS164,cb_intrinsic
"PS184,PS272",0,,4,PS272,cb_intrinsic
PS191,0,,4,PS191,cb_intrinsic
PS196,0,,4,PS196_a,cb_intrinsic
"PS230,PLP242",0,,4,PS230,cb_intrinsic
PS260,0,,4,PS260,cb_intrinsic
"PS261,CB0295",0,,4,PS261,cb_intrinsic
"PS283,PS286",0,,4,PS283,cb_intrinsic
PVLP049,0,,4,PVLP049,cb_intrinsic
PVLP104,0,,4,PVLP104,cb_intrinsic
PVLP109,0,,4,PVLP109,cb_intrinsic
PVLP133c,0,,4,PVLP133,cb_intrinsic
PhG1c,0,,4,PhG1c,cb_sensory
PhG2,0,,4,PhG2,cb_sensory
PhG4,0,,4,PhG4,cb_sensory
PhG8,0,,4,PhG8,cb_sensory
Pm12,0,,4,Pm11,ol_intrinsic
Pm14,0,,4,Pm12,ol_intrinsic
SAD007b,0,,4,SAD007,cb_intrinsic
SIP020a,0,,4,SIP020_a,cb_intrinsic
SIP033,0,,4,SIP033,cb_intrinsic
SIP045,0,,4,SIP045,cb_intrinsic
"SLP007a,SLP007b",0,,4,SLP007,cb_intrinsic
SLP008,0,,4,SLP008,cb_intrinsic
SLP024c,0,,4,SLP024,cb_intrinsic
SLP024d,0,,4,SLP024,cb_intrinsic
"SLP098,SLP133",0,,4,SLP098,cb_intrinsic
SLP106,0,,4,SLP106,cb_intrinsic
"SLP118,SLP119",0,,4,SLP118,cb_intrinsic
"SLP168,SLP125",0,,4,SLP168,cb_intrinsic
SLP227c,0,,4,SLP227,cb_intrinsic
SLP237,0,,4,SLP237,cb_intrinsic
SLP249,0,,4,SLP249,cb_intrinsic
SLP327,0,,4,SLP327,cb_intrinsic
SLP356,0,,4,SLP356,cb_intrinsic
SLP398,0,,4,SLP398,cb_intrinsic
SLP402_a,0,,4,SLP402_a,cb_intrinsic
SLP421a,0,,4,SLP421,cb_intrinsic
SLP421b,0,,4,SLP421,cb_intrinsic
SLP444,0,,4,SLP444,cb_intrinsic
SLP463,0,,4,SLP463,cb_intrinsic
SMP017,0,,4,SMP017,cb_intrinsic
"SMP049,SMP076",0,,4,SMP049,cb_intrinsic
"SMP058,SMP059",0,,4,SMP058,cb_intrinsic
"SMP060,SMP374",0,,4,SMP374,cb_intrinsic
"SMP061,SMP062",0,,4,SMP061,cb_intrinsic
"SMP063,SMP064",0,,4,SMP063,cb_intrinsic
SMP066,0,,4,SMP066,cb_intrinsic
SMP067,0,,4,SMP067,cb_intrinsic
"SMP074,CL040",0,,4,CL040,cb_intrinsic
SMP075,0,,4,SMP075,cb_intrinsic
SMP084,0,,4,SMP084,cb_intrinsic
SMP085,0,,4,SMP085,cb_intrinsic
SMP123,0,,4,SMP123,cb_intrinsic
"SMP142,SMP145",0,,4,SMP142,cb_intrinsic
"SMP143,SMP149",0,,4,SMP143,cb_intrinsic
"SMP144,SMP150",0,,4,SMP144,cb_intrinsic
SMP193,0,,4,SMP193,cb_intrinsic
SMP328b,0,,4,SMP328_a,cb_intrinsic
SMP330,0,,4,SMP330,cb_intrinsic
"SMP338,SMP534",0,,4,SMP338,cb_intrinsic
SMP344,0,,4,SMP344,cb_intrinsic
SMP345,0,,4,SMP345,cb_intrinsic
SMP346,0,,4,SMP346,cb_intrinsic
SMP348,0,,4,SMP348,cb_intrinsic
SMP355,0,,4,SMP354,cb_intrinsic
SMP397,0,,4,SMP397,cb_intrinsic
SMP410b,0,,4,SMP410,cb_intrinsic
SMP411,0,,4,SMP411,cb_intrinsic
SMP424,0,,4,SMP424,cb_intrinsic
"SMP472,SMP473",0,,4,SMP472,cb_intrinsic
SMP477,0,,4,SMP477,cb_intrinsic
SMP490,0,,4,SMP490,cb_intrinsic
"SMP501,SMP502",0,,4,SMP501,cb_intrinsic
SMP517,0,,4,SMP517,cb_intrinsic
SMP518,0,,4,SMP518,cb_intrinsic
SMP519,0,,4,SMP519,cb_intrinsic
SMP530,0,,4,SMP530_a,cb_intrinsic
SMP537,0,,4,SMP537,cb_intrinsic
"SMP538,SMP599",0,,4,SMP538,cb_intrinsic
"SMP544,LAL134",0,,4,LAL134,cb_intrinsic
"SMP546,SMP547",0,,4,SMP546,cb_intrinsic
"SMP555,SMP556",0,,4,SMP555,cb_intrinsic
"SMP579,SMP583",0,,4,SMP579,cb_intrinsic
SMP746,0,,4,DNd01,cb_intrinsic
VES024a,0,,4,VES024_a,cb_intrinsic
VES050,0,,4,VES050,cb_intrinsic
"VP5+_l2PN,VP5+VP2_l2PN",0,,4,,cb_intrinsic
WED002a,0,,4,WED002,cb_intrinsic
WED026b,0,,4,WED026,cb_intrinsic
WED102,0,,4,WED102,cb_intrinsic
WED130a,0,,4,WED129,cb_intrinsic
"WED144a,CB3195",0,,4,,cb_intrinsic
WED145a,0,,4,WED145,cb_intrinsic
WED146b,0,,4,WED146_b,cb_intrinsic
"WED160,WED183",0,,4,SpsP,cb_intrinsic
WED166_d,0,,4,WED166_d,cb_intrinsic
WED26b,0,,4,WED26,cb_intrinsic
WEDPN7Ba,0,,4,WEDPN7B,cb_intrinsic
WEDPN7Bb,0,,4,WEDPN7B,cb_intrinsic
aPhM5,0,,4,aPhM5,cb_sensory
l2LN19,0,,4,l2LN19,cb_intrinsic
lLN2T_b,0,,4,lLN2T_b,cb_intrinsic
lLN2X05,0,,4,lLN2X05,cb_intrinsic
lLN2X11,0,,4,lLN2X11,cb_intrinsic
lLN8,0,,4,lLN8,cb_intrinsic
mAL4E,0,,4,mAL4E,cb_intrinsic
mAL4G,0,,4,mAL4G,cb_intrinsic
mAL4I,0,,4,mAL4I,cb_intrinsic
mAL5A2,0,,4,mAL5A2,cb_intrinsic
mAL6,0,,4,mAL6,cb_intrinsic
"s-LNv_a,LNd_a",0,,4,5thsLNv_LNd6,visual_projection
v2LN38,0,,4,v2LN38,cb_intrinsic
vLN25,0,,4,vLN25,cb_intrinsic
"vLN28,vLN29",0,,4,vLN28,cb_intrinsic
AN_GNG_132,0,,3,AN18B032,ascending_neuron
AVLP187b,0,,3,AVLP187,cb_intrinsic
AVLP411,0,,3,AVLP411,cb_intrinsic
AVLP419b,0,,3,AVLP419_b,cb_intrinsic
AVLP462b,0,,3,AVLP462,cb_intrinsic
CB0219,0,,3,GNG087,cb_intrinsic
"CB0270,CB0351",0,,3,,cb_intrinsic
"CB0339,CB3774",0,,3,LHPD2a2,cb_intrinsic
CB0571,0,,3,GNG147,cb_intrinsic
CB0700,0,,3,MN11D,cb_motor
CB0840,0,,3,PRW050,cb_intrinsic
CB0934,0,,3,LHAV3b1,cb_intrinsic
"CB0968,CB2598",0,,3,,cb_intrinsic
"CB1039,CB1703",0,,3,GNG269,cb_intrinsic
CB1097b,0,,3,GNG446,cb_intrinsic
CB1156,0,,3,CB1156,cb_intrinsic
CB1187,0,,3,CB1187,cb_intrinsic
CB1255,0,,3,CB1255,cb_intrinsic
CB1281,0,,3,CB1281,cb_intrinsic
CB1286,0,,3,CB1286,cb_intrinsic
"CB1354,CB2747",0,,3,LHAV2a5,cb_intrinsic
"CB1390,CB2423",0,,3,SMP484,cb_intrinsic
"CB1402,CB2729",0,,3,,cb_intrinsic
"CB1449,CB2843",0,,3,SMP227,cb_intrinsic
CB1493,0,,3,CB1493,cb_intrinsic
"CB1520,CB1724",0,,3,AVLP104,cb_intrinsic
CB1563b,0,,3,GNG271,cb_intrinsic
CB1568,0,,3,GNG424,cb_intrinsic
CB1575b,0,,3,CB1575,cb_intrinsic
CB1579,0,,3,GNG622,cb_intrinsic
CB1585,0,,3,CB1585,cb_intrinsic
CB1597c,0,,3,GNG421,cb_intrinsic
CB1706,0,,3,CB1706,cb_intrinsic
"CB1724,CB1520",0,,3,AVLP104,cb_intrinsic
CB1787,0,,3,CB1787,cb_intrinsic
CB1911,0,,3,CB1911,cb_intrinsic
CB1929b,0,,3,LHPD3a5,cb_intrinsic
CB2005,0,,3,LHAV2b4,cb_intrinsic
CB2012,0,,3,SLP082,cb_intrinsic
CB2054c,0,,3,GNG319,cb_intrinsic
"CB2055,CB2644",0,,3,GNG388,cb_intrinsic
CB2095,0,,3,SLP081,cb_intrinsic
CB2154,0,,3,CB2154,cb_intrinsic
"CB2163,CB4031",0,,3,SLP082,cb_intrinsic
"CB2197,CB3238",0,,3,,cb_intrinsic
CB2200,0,,3,CB2200,cb_intrinsic
"CB2283,CB2848",0,,3,AOTU043,cb_intrinsic
CB2345,0,,3,v2LN34B,cb_intrinsic
CB2379,0,,3,CB2379,cb_intrinsic
CB2389,0,,3,CB2389,cb_intrinsic
CB2395b,0,,3,PVLP127,cb_intrinsic
"CB2429,CB3219",0,,3,SIP075,cb_intrinsic
"CB2490,CB2450",0,,3,,cb_intrinsic
CB2491,0,,3,CB2491,cb_intrinsic
"CB2560,CB3179",0,,3,,cb_intrinsic
CB2626,0,,3,SMP735,cb_intrinsic
CB2692,0,,3,LHPV4i3,cb_intrinsic
CB2721,0,,3,CB2721,cb_intrinsic
CB2736,0,,3,CB2736,cb_intrinsic
"CB2749,CB2918",0,,3,,cb_intrinsic
CB2782,0,,3,CB2782,cb_intrinsic
CB2812,0,,3,CB2812,cb_intrinsic
CB2860,0,,3,CRE057,cb_intrinsic
CB2895,0,,3,CB2895,cb_intrinsic
CB2925,0,,3,WEDPN7A,cb_intrinsic
CB2974,0,,3,SMP007,cb_intrinsic
CB2992,0,,3,CB2992,cb_intrinsic
CB3021,0,,3,CB3021,cb_intrinsic
CB3032,0,,3,PRW023,cb_intrinsic
CB3051,0,,3,CB3051,cb_intrinsic
CB3065,0,,3,CB3065,cb_intrinsic
"CB3088,CB3180",0,,3,SLP320,cb_intrinsic
CB3109,0,,3,CB3109,cb_intrinsic
CB3134a,0,,3,LHAV6b3,cb_intrinsic
CB3168,0,,3,CB3168,cb_intrinsic
CB3172,0,,3,CB3172,cb_intrinsic
CB3191,0,,3,LHPD4e1_b,cb_intrinsic
CB3211b,0,,3,GNG369,cb_intrinsic
CB3264,0,,3,CB3264,cb_intrinsic
CB3275a,0,,3,AMMC033,cb_intrinsic
CB3287a,0,,3,AVLP225_a,cb_intrinsic
CB3295,0,,3,WEDPN8C,cb_intrinsic
CB3328,0,,3,SMP247,cb_intrinsic
CB3369,0,,3,LHAD1b2_d,cb_intrinsic
CB3393,0,,3,CB3393,cb_intrinsic
CB3411,0,,3,CB3411,cb_intrinsic
CB3414,0,,3,CB3414,cb_intrinsic
CB3496,0,,3,CB3496,cb_intrinsic
CB3703,0,,3,GNG351,cb_intrinsic
CB3710,0,,3,CB3710,cb_intrinsic
CB3742,0,,3,CB3742,cb_intrinsic
CB3760,0,,3,CB3760,cb_intrinsic
CB3791,0,,3,CB3791,cb_intrinsic
CB3895,0,,3,CB3895,cb_intrinsic
CB3905,0,,3,GNG342,cb_intrinsic
CB3910,0,,3,CB3910,cb_intrinsic
CB3917,0,,3,GNG346,cb_intrinsic
CB3944,0,,3,WEDPN6B,cb_intrinsic
CB4005,0,,3,PS008_b,cb_intrinsic
CB4028,0,,3,CL016,cb_intrinsic
CB4031,0,,3,SLP082,cb_intrinsic
CB4049,0,,3,PVLP008_a1,cb_intrinsic
CB4055,0,,3,GNG334,cb_intrinsic
CB4064,0,,3,CB4064,cb_intrinsic
CB4079,0,,3,SMP731,cb_intrinsic
CB4174,0,,3,CB4174,cb_intrinsic
CB4217,0,,3,CB4217,cb_intrinsic
CB4220,0,,3,CB4220,cb_intrinsic
CB4240,0,,3,AMMC027,cb_intrinsic
CB4245,0,,3,CB4245,cb_intrinsic
CL169c,0,,3,CL169,cb_intrinsic
CL283b,0,,3,CL283_b,cb_intrinsic
CRE043a,0,,3,CRE043_b,cb_intrinsic
DNge137,0,,3,DNge137,descending_neuron
DP1l_vPN,0,,3,DP1l_vPN,cb_intrinsic
FB5C,0,,3,FB5C,cb_intrinsic
FB6L,0,,3,FB6L,cb_intrinsic
JO-A4,0,,3,JO-A4,cb_sensory
JO-B4_a,0,,3,JO-B4_a,cb_sensory
JO-DP,0,,3,JO-DP,cb_sensory
LAL094b,0,,3,LAL094,cb_intrinsic
LHAD1f1b,0,,3,LHAD1f1,cb_intrinsic
"LHAD1f3a,LHAD1f3b",0,,3,LHAD1f3_a,cb_intrinsic
LHAD1f3d,0,,3,LHAD1f3_b,cb_intrinsic
LHAV2g2_b,0,,3,LHAV2g2_b,cb_intrinsic
LHAV3j1,0,,3,LHAV3j1,cb_intrinsic
LHCENT13_b,0,,3,LHCENT13_b,cb_intrinsic
LHCENT13_c,0,,3,LHCENT13_c,cb_intrinsic
LHPD3a5,0,,3,LHPD3a5,cb_intrinsic
"LHPD3c1,CB2629",0,,3,LHPD3c1,cb_intrinsic
MN10,0,,3,MN10,cb_motor
MNx03,0,,3,MNx03,cb_motor
M_lvPNm42,0,,3,M_lvPNm42,cb_intrinsic
M_vPNml86,0,,3,M_vPNml86,cb_intrinsic
PLP001,0,,3,PLP001,cb_intrinsic
PLP003,0,,3,PLP003,cb_intrinsic
PLP052,0,,3,PLP052,cb_intrinsic
PLP057,0,,3,PLP057,cb_intrinsic
PS087a,0,,3,PS087,cb_intrinsic
PS087c,0,,3,PS087,cb_intrinsic
PS087d,0,,3,PS087,cb_intrinsic
PS097a,0,,3,PS097,cb_intrinsic
PS097c,0,,3,PS097,cb_intrinsic
PS209b,0,,3,PS209,cb_intrinsic
PVLP074b,0,,3,PVLP074,cb_intrinsic
SIP024b,0,,3,SIP024,cb_intrinsic
SLP035,0,,3,SLP035,cb_intrinsic
SLP241a,0,,3,SLP241,cb_intrinsic
SLP345b,0,,3,SLP345,cb_intrinsic
SMP206,0,,3,SMP206,cb_intrinsic
SMP278a,0,,3,SMP278,cb_intrinsic
SMP319a,0,,3,SMP319,cb_intrinsic
SMP332a,0,,3,SMP332,cb_intrinsic
"SMP392,CB1400",0,,3,SMP392,cb_intrinsic
SMP426,0,,3,SMP426,cb_intrinsic
SMP509b,0,,3,SMP509,cb_intrinsic
VM7v_adPN,0,,3,VM7v_adPN,cb_intrinsic
WED004c,0,,3,WED004,cb_intrinsic
WED015a,0,,3,WED015,cb_intrinsic
WED015b,0,,3,WED015,cb_intrinsic
WED015c,0,,3,WED015,cb_intrinsic
WED020_b,0,,3,WED020_b,cb_intrinsic
WED031a,0,,3,WED031,cb_intrinsic
WED144b,0,,3,WED144,cb_intrinsic
WED145b,0,,3,WED145,cb_intrinsic
WED163a,0,,3,WED163,cb_intrinsic
aMe6c,0,,3,aMe6c,ol_intrinsic
cL07,0,,3,LoVP108,visual_projection
l2LN22,0,,3,l2LN22,cb_intrinsic
mAL4B,0,,3,mAL4B,cb_intrinsic
v2LN46a,0,,3,v2LN46,cb_intrinsic
"(AVLP346,AVLP348)b",0,,2,AVLP346,cb_intrinsic
ALBN1,0,,2,ALBN1,cb_intrinsic
ALIN4,0,,2,ALIN4,cb_intrinsic
ALIN5,0,,2,ALIN5,cb_intrinsic
ALIN6,0,,2,ALIN6,cb_intrinsic
ALON1,0,,2,ALON1,cb_intrinsic
ALON2,0,,2,ALON2,cb_intrinsic
AN_AVLP_10,0,,2,ANXXX007,ascending_neuron
"AN_AVLP_12,AN_AVLP_13",0,,2,AN01A086,ascending_neuron
AN_AVLP_15,0,,2,ANXXX055,ascending_neuron
AN_AVLP_18,0,,2,AN08B018,ascending_neuron
AN_AVLP_23,0,,2,ANXXX098,ascending_neuron
AN_AVLP_30,0,,2,AN12B004,ascending_neuron
AN_AVLP_35,0,,2,AN08B018,ascending_neuron
AN_AVLP_39,0,,2,AN12B006,ascending_neuron
AN_AVLP_4,0,,2,ANXXX027,ascending_neuron
AN_AVLP_40,0,,2,AN10B020,ascending_neuron
AN_AVLP_47,0,,2,AN08B028,ascending_neuron
AN_AVLP_49,0,,2,AN08B024,ascending_neuron
AN_AVLP_54,0,,2,AN09B016,ascending_neuron
AN_AVLP_6,0,,2,AN08B018,ascending_neuron
AN_AVLP_GNG_11,0,,2,AN09B004,ascending_neuron
AN_AVLP_GNG_12,0,,2,AN05B081,ascending_neuron
AN_AVLP_GNG_14,0,,2,AN05B068,ascending_neuron
AN_AVLP_GNG_17,0,,2,ANXXX027,ascending_neuron
AN_AVLP_GNG_19,0,,2,AN17A015,ascending_neuron
AN_AVLP_GNG_6,0,,2,ANXXX082,ascending_neuron
"AN_AVLP_PVLP_2,AN_AVLP_PVLP_7",0,,2,AN09B002,ascending_neuron
AN_AVLP_PVLP_5,0,,2,AN05B102c,ascending_neuron
AN_AVLP_SAD_3,0,,2,AN17B011,ascending_neuron
AN_FLA_VES_2,0,,2,ANXXX380,ascending_neuron
AN_GNG_10,0,,2,AN19B014,ascending_neuron
AN_GNG_100,0,,2,AN01B018,ascending_neuron
AN_GNG_105,0,,2,ANXXX099,ascending_neuron
AN_GNG_112,0,,2,AN17A018,ascending_neuron
AN_GNG_113,0,,2,AN01A014,ascending_neuron
AN_GNG_114,0,,2,AN06B031,ascending_neuron
AN_GNG_128,0,,2,AN12B055,ascending_neuron
AN_GNG_131,0,,2,AN01A006,ascending_neuron
AN_GNG_136,0,,2,AN09B018,ascending_neuron
AN_GNG_141,0,,2,ANXXX023,ascending_neuron
AN_GNG_146,0,,2,AN08B103,ascending_neuron
AN_GNG_150,0,,2,ANXXX013,ascending_neuron
AN_GNG_16,0,,2,AN12B005,ascending_neuron
AN_GNG_19,0,,2,ANXXX002,ascending_neuron
AN_GNG_198,0,,2,AN09A007,ascending_neuron
AN_GNG_2,0,,2,AN19A019,ascending_neuron
AN_GNG_202,0,,2,AN23B002,ascending_neuron
AN_GNG_24,0,,2,ANXXX037,ascending_neuron
AN_GNG_26,0,,2,AN01B002,ascending_neuron
AN_GNG_29,0,,2,AN01B002,ascending_neuron
AN_GNG_3,0,,2,AN19B001,ascending_neuron
AN_GNG_30,0,,2,ANXXX462a,ascending_neuron
AN_GNG_31,0,,2,AN03B095,ascending_neuron
AN_GNG_32,0,,2,AN19B042,ascending_neuron
AN_GNG_36,0,,2,ANXXX072,ascending_neuron
AN_GNG_39,0,,2,ANXXX130,ascending_neuron
AN_GNG_44,0,,2,AN07B057,ascending_neuron
AN_GNG_51,0,,2,ANXXX106,ascending_neuron
AN_GNG_53,0,,2,AN19A018,ascending_neuron
AN_GNG_6,0,,2,AN19B015,ascending_neuron
AN_GNG_66,0,,2,AN05B009,ascending_neuron
AN_GNG_67,0,,2,AN05B005,ascending_neuron
AN_GNG_70,0,,2,AN09B018,ascending_neuron
AN_GNG_85,0,,2,AN08B097,ascending_neuron
AN_GNG_9,0,,2,AN19B004,ascending_neuron
AN_GNG_93,0,,2,ANXXX264,ascending_neuron
AN_GNG_97,0,,2,AN17A003,ascending_neuron
AN_GNG_FLA_6,0,,2,AN05B021,ascending_neuron
AN_GNG_IPS_17,0,,2,AN07B052,ascending_neuron
AN_GNG_LAL_1,0,,2,AN08B057,ascending_neuron
AN_GNG_SAD_14,0,,2,AN05B023a,ascending_neuron
AN_GNG_SAD_15,0,,2,AN23B001,ascending_neuron
AN_GNG_SAD_17,0,,2,AN10B015,ascending_neuron
AN_GNG_SAD_19,0,,2,ANXXX196,ascending_neuron
AN_GNG_SAD_21,0,,2,AN17A004,ascending_neuron
AN_GNG_VES_11,0,,2,AN01B011,ascending_neuron
AN_GNG_WED_2,0,,2,ANXXX154,ascending_neuron
AN_IPS_GNG_1,0,,2,AN06B089,ascending_neuron
AN_IPS_SPS_1,0,,2,AN07B043,ascending_neuron
AN_LH_AVLP_1,0,,2,AN01A089,ascending_neuron
AN_SLP_AVLP_1,0,,2,ANXXX470,ascending_neuron
AN_VES_GNG_1,0,,2,AN12B019,ascending_neuron
"AN_VES_GNG_4,AN_VES_GNG_6",0,,2,AN00A006,ascending_neuron
AN_VES_GNG_8,0,,2,AN09B026,ascending_neuron
AN_multi_102,0,,2,AN08B053,ascending_neuron
AN_multi_106,0,,2,AN01A055,ascending_neuron
AN_multi_109,0,,2,AN07B025,ascending_neuron
AN_multi_115,0,,2,AN09B034,ascending_neuron
AN_multi_116,0,,2,AN17A062,ascending_neuron
AN_multi_13,0,,2,AN06B007,ascending_neuron
AN_multi_18,0,,2,AN09B059,ascending_neuron
AN_multi_19,0,,2,AN12B004,ascending_neuron
AN_multi_2,0,,2,AN19A038,ascending_neuron
"AN_multi_25,AN_multi_26",0,,2,AN09B031,ascending_neuron
AN_multi_43,0,,2,AN08B022,ascending_neuron
AN_multi_57,0,,2,AN08B026,ascending_neuron
AN_multi_65,0,,2,AN05B099,ascending_neuron
AN_multi_71,0,,2,ANXXX151,ascending_neuron
AN_multi_78,0,,2,AN27X009,ascending_neuron
AN_multi_84,0,,2,ANXXX136,ascending_neuron
AN_multi_92,0,,2,AN05B101,ascending_neuron
AN_multi_94,0,,2,AN05B025,ascending_neuron
AN_multi_97,0,,2,AN05B101,ascending_neuron
AOTU012,0,,2,AOTU012,cb_intrinsic
AOTU013,0,,2,AOTU013,cb_intrinsic
"AOTU015b,LAL027",0,,2,LAL027,cb_intrinsic
AOTU024,0,,2,AOTU024,cb_intrinsic
AOTU025,0,,2,AOTU025,cb_intrinsic
AOTU035,0,,2,AOTU035,cb_intrinsic
AOTU048,0,,2,AOTU048,cb_intrinsic
AOTU052b,0,,2,AOTU052,cb_intrinsic
AOTU064,0,,2,AOTU064,cb_intrinsic
AOTUv3B_M01,0,,2,SMP013,cb_intrinsic
AOTUv3B_P06,0,,2,SIP004,cb_intrinsic
ATL003,0,,2,ATL003,cb_intrinsic
ATL004,0,,2,ATL004,cb_intrinsic
ATL006,0,,2,ATL006,cb_intrinsic
ATL014,0,,2,ATL014,cb_intrinsic
ATL015,0,,2,ATL015,cb_intrinsic
ATL023,0,,2,ATL023,cb_intrinsic
ATL027,0,,2,ATL027,cb_intrinsic
ATL028,0,,2,ATL028,cb_intrinsic
ATL031,0,,2,ATL031,cb_intrinsic
ATL033,0,,2,ATL033,cb_intrinsic
ATL040,0,,2,ATL040,cb_intrinsic
AVL006a,0,,2,AVL006_a,cb_intrinsic
AVLP001,0,,2,AVLP001,cb_intrinsic
AVLP016,0,,2,AVLP016,cb_intrinsic
AVLP020,0,,2,AVLP020,cb_intrinsic
AVLP023,0,,2,AVLP023,cb_intrinsic
AVLP024a,0,,2,AVLP024_a,cb_intrinsic
AVLP024b,0,,2,AVLP024_b,cb_intrinsic
AVLP025,0,,2,AVLP025,cb_intrinsic
AVLP028a,0,,2,AVLP028,cb_intrinsic
AVLP028c,0,,2,AVLP028,cb_intrinsic
AVLP029,0,,2,AVLP029,cb_intrinsic
AVLP031,0,,2,AVLP031,cb_intrinsic
AVLP077,0,,2,AVLP077,cb_intrinsic
AVLP079,0,,2,AVLP079,cb_intrinsic
AVLP082,0,,2,AVLP082,cb_intrinsic
AVLP085,0,,2,AVLP085,cb_intrinsic
AVLP086,0,,2,AVLP086,cb_intrinsic
AVLP090,0,,2,AVLP090,cb_intrinsic
AVLP132,0,,2,AVLP132,cb_intrinsic
AVLP155,0,,2,AVLP155_a,cb_intrinsic
AVLP161,0,,2,AVLP161,cb_intrinsic
AVLP194b1,0,,2,AVLP194_b1,cb_intrinsic
AVLP194b2,0,,2,AVLP194_b2,cb_intrinsic
AVLP194c1,0,,2,AVLP194_c1,cb_intrinsic
AVLP200,0,,2,AVLP200,cb_intrinsic
AVLP201,0,,2,AVLP201,cb_intrinsic
AVLP210,0,,2,AVLP210,cb_intrinsic
AVLP212,0,,2,AVLP212,cb_intrinsic
AVLP213,0,,2,AVLP213,cb_intrinsic
AVLP214,0,,2,AVLP214,cb_intrinsic
AVLP251,0,,2,AVLP251,cb_intrinsic
AVLP258,0,,2,AVLP258,cb_intrinsic
AVLP260,0,,2,AVLP260,cb_intrinsic
AVLP265b,0,,2,AVLP265,cb_intrinsic
AVLP290a,0,,2,AVLP290_a,cb_intrinsic
AVLP310b,0,,2,AVLP310,cb_intrinsic
AVLP370a,0,,2,AVLP370_a,cb_intrinsic
AVLP370b,0,,2,AVLP370_b,cb_intrinsic
AVLP396,0,,2,AVLP396,cb_intrinsic
AVLP399,0,,2,AVLP399,cb_intrinsic
AVLP418,0,,2,AVLP418,cb_intrinsic
AVLP419a,0,,2,AVLP419_a,cb_intrinsic
AVLP428,0,,2,AVLP428,cb_intrinsic
AVLP429,0,,2,AVLP429,cb_intrinsic
AVLP439,0,,2,AVLP439,cb_intrinsic
AVLP442,0,,2,AVLP442,cb_intrinsic
AVLP445,0,,2,AVLP445,cb_intrinsic
AVLP446,0,,2,AVLP446,cb_intrinsic
AVLP449,0,,2,AVLP449,cb_intrinsic
AVLP460b,0,,2,AVLP460,cb_intrinsic
AVLP461,0,,2,AVLP461,cb_intrinsic
AVLP464,0,,2,AVLP464,cb_intrinsic
AVLP470a,0,,2,AVLP470_a,cb_intrinsic
AVLP473,0,,2,AVLP473,cb_intrinsic
AVLP478,0,,2,AVLP478,cb_intrinsic
AVLP487,0,,2,AVLP487,cb_intrinsic
AVLP507,0,,2,AVLP507,cb_intrinsic
AVLP509,0,,2,AVLP509,cb_intrinsic
AVLP520,0,,2,AVLP520,cb_intrinsic
AVLP537,0,,2,AVLP537,cb_intrinsic
AVLP538,0,,2,AVLP538,cb_intrinsic
AVLP543,0,,2,AVLP543,cb_intrinsic
AVLP547a,0,,2,AVLP545,cb_intrinsic
AVLP572,0,,2,AVLP572,cb_intrinsic
AVLP575,0,,2,AVLP575,cb_intrinsic
AVLP590,0,,2,AVLP590,cb_intrinsic
AstA1,0,,2,AstA1,cb_intrinsic
BiT,0,,2,BiT,cb_intrinsic
"CB.FB2E3,CB.FB2E4",0,,2,FB2H_b,cb_intrinsic
CB.FB2G0,0,,2,FB1G,cb_intrinsic
"CB.FB3,4A0",0,,2,FB4N,cb_intrinsic
"CB.FB3,4A1",0,,2,FB4X,cb_intrinsic
"CB.FB3,4I4",0,,2,FB4H,cb_intrinsic
"CB.FB3,4I5",0,,2,FB4C,cb_intrinsic
"CB.FB3,4I8",0,,2,FB4B,cb_intrinsic
CB.FB5F0,0,,2,FB5H,cb_intrinsic
CB.FB5G0,0,,2,FB5AB,cb_intrinsic
CB.FB6E0,0,,2,FB6F,cb_intrinsic
CB.FB6E1,0,,2,FB6Z,cb_intrinsic
CB.FB6E2,0,,2,FB6H,cb_intrinsic
CB.FB6I1,0,,2,FB6O,cb_intrinsic
CB.FB8C3,0,,2,FB8D,cb_intrinsic
CB.FBTF0,0,,2,FB1H,cb_intrinsic
CB0008,0,,2,GNG175,cb_intrinsic
CB0013,0,,2,GNG127,cb_intrinsic
CB0015,0,,2,PRW074,cb_intrinsic
CB0019,0,,2,GNG591,cb_intrinsic
CB0022,0,,2,GNG088,cb_intrinsic
CB0024,0,,2,CB0024,cb_intrinsic
CB0026,0,,2,PRW073,cb_intrinsic
CB0030,0,,2,GNG590,cb_intrinsic
CB0032,0,,2,PRW072,cb_intrinsic
CB0034,0,,2,GNG161,cb_intrinsic
CB0060,0,,2,GNG101,cb_intrinsic
CB0062,0,,2,GNG229,cb_intrinsic
CB0071,0,,2,PRW071,cb_intrinsic
CB0074,0,,2,PRW070,cb_intrinsic
CB0078,0,,2,PRW069,cb_intrinsic
CB0083,0,,2,GNG284,cb_intrinsic
CB0084,0,,2,CB0084,cb_intrinsic
CB0090,0,,2,CB0090,cb_intrinsic
CB0091,0,,2,GNG126,cb_intrinsic
CB0095,0,,2,GNG577,cb_intrinsic
CB0099,0,,2,GNG152,cb_intrinsic
CB0103,0,,2,CB0103,cb_intrinsic
CB0104,0,,2,SAD107,cb_intrinsic
CB0126a,0,,2,GNG418,cb_intrinsic
CB0126b,0,,2,GNG417,cb_intrinsic
CB0137,0,,2,GNG135,cb_intrinsic
CB0138,0,,2,GNG070,cb_intrinsic
CB0140,0,,2,CB0140,cb_intrinsic
CB0142,0,,2,CB0142,cb_intrinsic
CB0155,0,,2,GNG567,cb_intrinsic
CB0159,0,,2,GNG016,cb_intrinsic
CB0166,0,,2,GNG564,cb_intrinsic
CB0168,0,,2,GNG631,cb_intrinsic
CB0172,0,,2,GNG562,cb_intrinsic
CB0174,0,,2,GNG561,cb_intrinsic
CB0182,0,,2,GNG559,cb_intrinsic
CB0183,0,,2,GNG078,cb_intrinsic
CB0191,0,,2,GNG316,cb_intrinsic
CB0197,0,,2,CB0197,cb_intrinsic
CB0204,0,,2,CB0204,cb_intrinsic
CB0208,0,,2,GNG155,cb_intrinsic
CB0214,0,,2,CB0214,cb_intrinsic
CB0217,0,,2,GNG051,cb_intrinsic
CB0221,0,,2,CB0221,cb_intrinsic
CB0229,0,,2,GNG251,cb_intrinsic
CB0238,0,,2,GNG544,cb_intrinsic
CB0241,0,,2,GNG203,cb_intrinsic
CB0242,0,,2,SLP341_b,cb_intrinsic
CB0244,0,,2,CB0244,cb_intrinsic
CB0245,0,,2,AVLP221,cb_intrinsic
CB0266,0,,2,CB0266,cb_intrinsic
CB0268,0,,2,PS321,cb_intrinsic
CB0283,0,,2,VES104,cb_intrinsic
CB0296,0,,2,GNG094,cb_intrinsic
CB0309,0,,2,PS355,cb_intrinsic
CB0311,0,,2,LHPD3a2_b,cb_intrinsic
"CB0314,CB1250",0,,2,,cb_intrinsic
CB0316,0,,2,CB0316,cb_intrinsic
CB0323,0,,2,PRW064,cb_intrinsic
CB0324,0,,2,CB0324,cb_intrinsic
CB0335,0,,2,CL353,cb_intrinsic
CB0337,0,,2,GNG534,cb_intrinsic
CB0341,0,,2,GNG313,cb_intrinsic
CB0344,0,,2,WED203,cb_intrinsic
CB0346,0,,2,CB0346,cb_intrinsic
CB0349,0,,2,GNG533,cb_intrinsic
CB0359,0,,2,AOTU016_a,cb_intrinsic
CB0362,0,,2,GNG532,cb_intrinsic
CB0363,0,,2,GNG264,cb_intrinsic
CB0366,0,,2,GNG197,cb_intrinsic
CB0368,0,,2,PS313,cb_intrinsic
CB0373,0,,2,CB0373,cb_intrinsic
CB0386,0,,2,CB0386,cb_intrinsic
CB0402,0,,2,GNG529,cb_intrinsic
CB0405,0,,2,CB0405,cb_intrinsic
CB0410,0,,2,GNG526,cb_intrinsic
CB0415,0,,2,GNG100,cb_intrinsic
CB0417,0,,2,GNG066,cb_intrinsic
CB0422,0,,2,GNG219,cb_intrinsic
CB0424,0,,2,PLP258,cb_intrinsic
CB0429,0,,2,CB0429,descending_neuron
CB0431,0,,2,CB0431,cb_intrinsic
CB0437,0,,2,GNG217,cb_intrinsic
CB0440,0,,2,CB0440,cb_intrinsic
CB0443,0,,2,GNG301,cb_intrinsic
CB0444,0,,2,GNG195,cb_intrinsic
CB0449,0,,2,GNG139,cb_intrinsic
CB0451,0,,2,AMMC008,cb_intrinsic
CB0458,0,,2,GNG519,cb_intrinsic
CB0478,0,,2,AMMC013,cb_intrinsic
CB0492,0,,2,CB0492,cb_intrinsic
CB0495,0,,2,WED195,cb_intrinsic
CB0499,0,,2,GNG132,cb_intrinsic
CB0501,0,,2,GNG228,cb_intrinsic
CB0507,0,,2,GNG513,cb_intrinsic
CB0512,0,,2,GNG176,cb_intrinsic
CB0529,0,,2,VES089,cb_intrinsic
CB0541,0,,2,GNG202,cb_intrinsic
CB0543,0,,2,VES106,cb_intrinsic
CB0550,0,,2,SLP469,cb_intrinsic
CB0553,0,,2,GNG108,cb_intrinsic
CB0555,0,,2,PRW056,cb_intrinsic
CB0556,0,,2,GNG502,cb_intrinsic
CB0559,0,,2,PRW055,cb_intrinsic
CB0563,0,,2,CL367,cb_intrinsic
CB0568,0,,2,GNG107,cb_intrinsic
CB0573,0,,2,GNG043,cb_intrinsic
CB0574,0,,2,GNG106,cb_intrinsic
CB0579,0,,2,PRW054,cb_intrinsic
CB0580,0,,2,CL366,cb_intrinsic
CB0583,0,,2,GNG022,cb_intrinsic
CB0584,0,,2,VES092,cb_intrinsic
CB0586,0,,2,GNG629,cb_intrinsic
CB0587,0,,2,GNG014,cb_intrinsic
CB0588,0,,2,GNG060,cb_intrinsic
CB0593,0,,2,VES088,cb_intrinsic
CB0604,0,,2,GNG204,cb_intrinsic
CB0611,0,,2,GNG222,cb_intrinsic
CB0623,0,,2,AVLP610,cb_intrinsic
CB0629,0,,2,CB0629,cb_intrinsic
CB0630,0,,2,CB0630,cb_intrinsic
CB0637,0,,2,PS305,cb_intrinsic
CB0644,0,,2,PS314,cb_intrinsic
CB0645,0,,2,CB0645,cb_intrinsic
CB0651,0,,2,PS310,cb_intrinsic
CB0653,0,,2,GNG639,cb_intrinsic
CB0658,0,,2,CL368,cb_intrinsic
CB0665,0,,2,GNG486,cb_intrinsic
CB0670,0,,2,CB0670,cb_intrinsic
CB0677,0,,2,CB0677,cb_intrinsic
CB0678,0,,2,GNG485,cb_intrinsic
CB0687,0,,2,PRW003,cb_intrinsic
CB0688,0,,2,LAL205,cb_intrinsic
CB0698,0,,2,GNG303,cb_intrinsic
CB0699,0,,2,FLA020,cb_intrinsic
CB0701,0,,2,MN9,cb_motor
CB0703,0,,2,MN3M,cb_motor
CB0706,0,,2,GNG653,cb_motor
CB0708,0,,2,MN11V,cb_motor
CB0715,0,,2,MNx04,cb_motor
CB0718,0,,2,VES085_a,cb_intrinsic
CB0724,0,,2,GNG479,cb_intrinsic
CB0727a,0,,2,GNG607,cb_intrinsic
CB0727b,0,,2,GNG608,cb_intrinsic
CB0727c,0,,2,GNG606,cb_intrinsic
CB0727d,0,,2,GNG605,cb_intrinsic
CB0728,0,,2,MN5,cb_motor
CB0736,0,,2,PRW053,cb_intrinsic
CB0737,0,,2,GNG018,cb_intrinsic
CB0756,0,,2,GNG040,cb_intrinsic
CB0759,0,,2,GNG227,cb_intrinsic
CB0769,0,,2,MNx05,cb_motor
CB0771,0,,2,GNG174,cb_intrinsic
CB0781,0,,2,GNG093,cb_intrinsic
CB0783,0,,2,MN2V,cb_motor
CB0789,0,,2,MN2Da,cb_motor
CB0792,0,,2,GNG109,cb_intrinsic
CB0812,0,,2,GNG097,cb_intrinsic
CB0817,0,,2,GNG027,cb_intrinsic
CB0831,0,,2,CvN7,cb_motor
CB0833,0,,2,GNG221,cb_intrinsic
CB0836,0,,2,MN13,cb_motor
CB0838,0,,2,CvN5,cb_motor
CB0842,0,,2,GNG214,cb_intrinsic
CB0847,0,,2,GNG069,cb_intrinsic
CB0848,0,,2,GNG463,cb_intrinsic
CB0850,0,,2,GNG462,cb_intrinsic
CB0851,0,,2,GNG028,cb_intrinsic
CB0858,0,,2,MN6,cb_motor
CB0861,0,,2,MN2Db,cb_motor
CB0862,0,,2,GNG015,cb_intrinsic
CB0863,0,,2,GNG023,cb_intrinsic
CB0869,0,,2,GNG460,cb_intrinsic
CB0870,0,,2,GNG083,cb_intrinsic
CB0871,0,,2,MN4b,cb_motor
CB0873,0,,2,GNG133,cb_motor
CB0877,0,,2,PRW048,cb_intrinsic
CB0883,0,,2,PRW047,cb_intrinsic
CB0885,0,,2,GNG050,cb_intrinsic
CB0886,0,,2,GNG649,cb_motor
CB0892,0,,2,GNG056,cb_intrinsic
CB0895,0,,2,GNG045,cb_intrinsic
CB0899,0,,2,CvN4,cb_motor
CB0902,0,,2,PRW046,cb_intrinsic
CB0903,0,,2,GNG095,cb_intrinsic
CB0904,0,,2,MNx02,cb_motor
CB0907,0,,2,PRW045,cb_intrinsic
CB0909,0,,2,GNG292,cb_intrinsic
CB0911,0,,2,MN8,cb_motor
CB0913,0,,2,GNG648,cb_motor
CB0916,0,,2,CvN6,cb_motor
CB0919,0,,2,GNG216,cb_intrinsic
CB0962b,0,,2,PS344,cb_intrinsic
"CB0966,CB3776",0,,2,,cb_intrinsic
CB0984,0,,2,VES102,cb_intrinsic
CB1005,0,,2,CB1005,cb_intrinsic
CB1009,0,,2,CB1009,cb_intrinsic
CB1038a,0,,2,AMMC024,cb_intrinsic
CB1038b,0,,2,AMMC038,cb_intrinsic
CB1097a,0,,2,GNG447,cb_intrinsic
CB1121,0,,2,GNG058,cb_intrinsic
CB1124,0,,2,CB1124,cb_intrinsic
CB1142,0,,2,CB1142,cb_intrinsic
CB1173,0,,2,LHPD2a6,cb_intrinsic
CB1184a,0,,2,LHAV3b2_c,cb_intrinsic
CB1184b,0,,2,LHAV3b2_c,cb_intrinsic
CB1194,0,,2,CB1194,cb_intrinsic
CB1231_a,0,,2,SAD114,cb_intrinsic
CB1231_b,0,,2,SAD111,cb_intrinsic
CB1266,0,,2,vLN24,cb_intrinsic
CB1299,0,,2,CB1299,cb_intrinsic
CB1309,0,,2,CB1309,cb_intrinsic
CB1312,0,,2,CB1312,cb_intrinsic
CB1319,0,,2,VES100,cb_intrinsic
CB1331a,0,,2,PS347_a,cb_intrinsic
CB1331b,0,,2,PS347_b,cb_intrinsic
CB1366,0,,2,GNG090,cb_intrinsic
"CB1369,CB3687",0,,2,,cb_intrinsic
CB1394_c,0,,2,SAD079,cb_intrinsic
CB1405,0,,2,CB1405,cb_intrinsic
CB1421,0,,2,CB1421,cb_intrinsic
CB1422a,0,,2,GNG420_b,cb_intrinsic
CB1450a,0,,2,GNG430_a,cb_intrinsic
CB1450b,0,,2,GNG430_b,cb_intrinsic
CB1461,0,,2,M_lvPNm32,cb_intrinsic
CB1522,0,,2,AVLP110_b,cb_intrinsic
CB1551,0,,2,CB1551,cb_intrinsic
CB1562,0,,2,CB1562,cb_intrinsic
CB1597a,0,,2,GNG270,cb_intrinsic
CB1603,0,,2,CB1603,cb_intrinsic
CB1614,0,,2,AVLP005,cb_intrinsic
CB1642,0,,2,CB1642,cb_intrinsic
CB1643,0,,2,PRW036,cb_intrinsic
CB1655,0,,2,CB1655,cb_intrinsic
CB1656a,0,,2,LHPV5a2,cb_intrinsic
CB1656b,0,,2,LHPV5a2,cb_intrinsic
CB1658,0,,2,SLP260,cb_intrinsic
CB1700,0,,2,SMP415_b,cb_intrinsic
"CB1703,CB3472",0,,2,GNG269,cb_intrinsic
"CB1716,CB1743",0,,2,,cb_intrinsic
CB1766,0,,2,PS042,cb_intrinsic
CB1793,0,,2,LHAV4g13,cb_intrinsic
CB1797,0,,2,LHAV4g14,cb_intrinsic
CB1854,0,,2,PS033_b,cb_intrinsic
CB1857,0,,2,CRE089,cb_intrinsic
CB1891b,0,,2,CB1891b,cb_intrinsic
CB1925a,0,,2,PRW034,cb_intrinsic
CB1925b,0,,2,PRW033,cb_intrinsic
CB1927,0,,2,CB1927,cb_intrinsic
CB1929a,0,,2,LHPD3a5,cb_intrinsic
CB1931,0,,2,CB1931,cb_intrinsic
CB1946,0,,2,CB1946,cb_intrinsic
CB1977,0,,2,CB1977,cb_intrinsic
CB1992,0,,2,LHAV2e4_b,cb_intrinsic
CB2017,0,,2,PRW032,cb_intrinsic
CB2026,0,,2,CB2026,cb_intrinsic
CB2038,0,,2,CB2038,cb_intrinsic
CB2041,0,,2,CB2041,cb_intrinsic
CB2060,0,,2,LHPV4b7,cb_intrinsic
CB2072,0,,2,WED055_a,cb_intrinsic
CB2094a,0,,2,IB083,cb_intrinsic
CB2099,0,,2,AVLP400,cb_intrinsic
CB2111,0,,2,CB2111,cb_intrinsic
CB2113,0,,2,CB2113,cb_intrinsic
CB2140,0,,2,AVLP062,cb_intrinsic
CB2161,0,,2,M_lvPNm30,cb_intrinsic
CB2181,0,,2,AVLP341,cb_intrinsic
CB2182,0,,2,CB2182,cb_intrinsic
CB2187a,0,,2,CB1287_b,cb_intrinsic
CB2187b,0,,2,CB1287_b,cb_intrinsic
CB2187c,0,,2,CB1287_c,cb_intrinsic
CB2189,0,,2,CB2189,cb_intrinsic
CB2254,0,,2,AVLP203_b,cb_intrinsic
CB2263,0,,2,PS281,cb_intrinsic
CB2265a,0,,2,VES093_a,cb_intrinsic
CB2281,0,,2,CB2281,cb_intrinsic
CB2303,0,,2,PRW030,cb_intrinsic
CB2305,0,,2,WED109,cb_intrinsic
CB2316,0,,2,CB2316,cb_intrinsic
CB2347,0,,2,CB2347,cb_intrinsic
CB2363,0,,2,CB2363,cb_intrinsic
CB2366,0,,2,CB2366,cb_intrinsic
CB2367a,0,,2,PRW029,cb_intrinsic
CB2395a,0,,2,PVLP126_b,cb_intrinsic
CB2437,0,,2,CB2437,cb_intrinsic
CB2439,0,,2,IB053,cb_intrinsic
CB2447,0,,2,CB2447,cb_intrinsic
CB2465,0,,2,CB2465,cb_intrinsic
CB2478,0,,2,CB2478,cb_intrinsic
CB2488,0,,2,AVLP262,cb_intrinsic
CB2489,0,,2,CB2489,cb_intrinsic
CB2504,0,,2,lLN14,cb_intrinsic
CB2526,0,,2,GNG367_b,cb_intrinsic
CB2529,0,,2,SLP252_a,cb_intrinsic
CB2530,0,,2,CB2530,cb_intrinsic
CB2537,0,,2,CB2537,cb_intrinsic
CB2551a,0,,2,GNG390,cb_intrinsic
CB2571a,0,,2,v2LN34A,cb_intrinsic
CB2573a,0,,2,PRW027,cb_intrinsic
CB2599,0,,2,CB2599,cb_intrinsic
"CB2607,CB3126",0,,2,GNG669,cb_intrinsic
CB2615,0,,2,CRE026,cb_intrinsic
CB2620,0,,2,CB2620,cb_intrinsic
CB2630,0,,2,CB2630,cb_intrinsic
CB2646,0,,2,CB2646,cb_intrinsic
CB2650,0,,2,LHAV2j1,cb_intrinsic
"CB2652,CB2898",0,,2,CL354,cb_intrinsic
CB2681,0,,2,CB2681,cb_intrinsic
CB2691,0,,2,CB2691,cb_intrinsic
CB2696a,0,,2,CL167,cb_intrinsic
CB2709,0,,2,CL353,cb_intrinsic
CB2714,0,,2,CB2714,cb_intrinsic
CB2725,0,,2,CB2725,cb_intrinsic
CB2751,0,,2,CB2751,cb_intrinsic
CB2755,0,,2,CB2755,cb_intrinsic
CB2767,0,,2,LHPV4d10,cb_intrinsic
CB2780,0,,2,GNG383,cb_intrinsic
CB2783a,0,,2,ATL045,cb_intrinsic
CB2783b,0,,2,CB2783,cb_intrinsic
CB2826a,0,,2,WED157,cb_intrinsic
CB2861,0,,2,CB2861,cb_intrinsic
CB2864,0,,2,VES093_c,cb_intrinsic
CB2868_b,0,,2,SMP437,cb_intrinsic
CB2879,0,,2,LHAV3n1,cb_intrinsic
CB2880,0,,2,CB2880,cb_intrinsic
"CB2898,CB2652",0,,2,CL354,cb_intrinsic
CB2902,0,,2,CB2902,cb_intrinsic
CB2922,0,,2,CB2922,cb_intrinsic
CB2935,0,,2,CB2935,cb_intrinsic
CB2947,0,,2,CB2947,cb_intrinsic
CB2954,0,,2,CB2954,cb_intrinsic
CB2962a,0,,2,GNG604,cb_intrinsic
CB2970,0,,2,CB2970,cb_intrinsic
CB2975,0,,2,CB2975,cb_intrinsic
CB2980,0,,2,LHAD3b1_a,cb_intrinsic
CB2983,0,,2,CB2983,cb_intrinsic
CB2996,0,,2,CB2996,cb_intrinsic
CB3047,0,,2,LHPV4b5,cb_intrinsic
CB3069,0,,2,CB3069,cb_intrinsic
CB3087,0,,2,LHAV3n1,cb_intrinsic
CB3094,0,,2,LHAV4e4,cb_intrinsic
CB3098,0,,2,CB3098,cb_intrinsic
CB3131,0,,2,LHPV4a7_d,cb_intrinsic
CB3132,0,,2,CB3132,cb_intrinsic
CB3147,0,,2,CB3147,cb_intrinsic
CB3155,0,,2,SLP320,cb_intrinsic
CB3162,0,,2,CB3162,cb_intrinsic
CB3171,0,,2,CL353,cb_intrinsic
CB3176a,0,,2,AVLP274_a,cb_intrinsic
CB3176b,0,,2,AVLP274_a,cb_intrinsic
"CB3177,CB3560",0,,2,PS072,cb_intrinsic
CB3187,0,,2,CB3187,cb_intrinsic
CB3197,0,,2,CB3197,cb_intrinsic
CB3209,0,,2,CB3209,cb_intrinsic
CB3211a,0,,2,GNG370,cb_intrinsic
CB3212,0,,2,CB3212,cb_intrinsic
CB3239a,0,,2,GNG273,cb_intrinsic
CB3239b,0,,2,GNG273,cb_intrinsic
CB3240,0,,2,CB3240,cb_intrinsic
"CB3253,CB3342",0,,2,,cb_intrinsic
CB3256a,0,,2,GNG279_a,cb_intrinsic
CB3256b,0,,2,GNG279_b,cb_intrinsic
CB3274,0,,2,CB3274,cb_intrinsic
CB3275b,0,,2,AMMC029,cb_intrinsic
CB3278,0,,2,CB3278,cb_intrinsic
CB3279b,0,,2,GNG366,cb_intrinsic
CB3281,0,,2,CB3281,cb_intrinsic
CB3286,0,,2,GNG365,cb_intrinsic
CB3291,0,,2,LHAD1i2_b,cb_intrinsic
CB3297,0,,2,CB3297,cb_intrinsic
CB3319,0,,2,CB3319,cb_intrinsic
CB3353,0,,2,GNG258,cb_intrinsic
CB3358,0,,2,CB3358,cb_intrinsic
CB3362,0,,2,CB3362,cb_intrinsic
CB3373,0,,2,CB3373,cb_intrinsic
CB3380,0,,2,SLP042,cb_intrinsic
CB3388,0,,2,GNG362,cb_intrinsic
CB3403a,0,,2,SMP733,cb_intrinsic
CB3403b,0,,2,PRW019,cb_intrinsic
CB3408,0,,2,LHAV6a8,cb_intrinsic
"CB3418,CB3468",0,,2,LHPV5h2_c,cb_intrinsic
CB3427,0,,2,CB3427,cb_intrinsic
CB3448,0,,2,LHAD3f1_a,cb_intrinsic
CB3461,0,,2,PVLP063,cb_intrinsic
CB3465,0,,2,GNG360,cb_intrinsic
CB3474,0,,2,GNG359,cb_intrinsic
CB3477,0,,2,CB3477,cb_intrinsic
CB3480,0,,2,WED205,cb_intrinsic
CB3489,0,,2,SMP274,cb_intrinsic
CB3520,0,,2,SMP133,cb_intrinsic
CB3532,0,,2,AVLP065,cb_intrinsic
CB3540,0,,2,WEDPN16_d,cb_intrinsic
CB3549,0,,2,PVLP047,cb_intrinsic
"CB3560,CB3177",0,,2,PS072,cb_intrinsic
CB3577,0,,2,SMP245,cb_intrinsic
CB3581,0,,2,CB3581,cb_intrinsic
"CB3584,CB1243",0,,2,,cb_intrinsic
CB3599,0,,2,VES096,cb_intrinsic
CB3624,0,,2,SLP186,cb_intrinsic
CB3629,0,,2,CB3629,cb_intrinsic
CB3631,0,,2,CB3631,cb_intrinsic
CB3633,0,,2,v2LN34C,cb_intrinsic
CB3641,0,,2,AVLP261_b,cb_intrinsic
CB3645,0,,2,GNG257,cb_intrinsic
CB3648a,0,,2,WEDPN16_d,cb_intrinsic
CB3648b,0,,2,WEDPN16_d,cb_intrinsic
CB3665,0,,2,LHAV6i2_b,cb_intrinsic
CB3669,0,,2,GNG353,cb_intrinsic
CB3673a,0,,2,CB3673a,cb_intrinsic
CB3674,0,,2,GNG210,cb_intrinsic
CB3690,0,,2,CB3690,cb_intrinsic
CB3691,0,,2,CB3691,cb_intrinsic
CB3692,0,,2,CB3692,cb_intrinsic
CB3695,0,,2,PRW001,cb_intrinsic
CB3701,0,,2,AVLP374,cb_intrinsic
CB3713,0,,2,PRW011,cb_intrinsic
CB3716,0,,2,PS278,cb_intrinsic
CB3717,0,,2,SLP360_a,cb_intrinsic
CB3732,0,,2,CB3732,cb_intrinsic
CB3744,0,,2,CB3744,cb_intrinsic
CB3747,0,,2,CB3747,cb_intrinsic
CB3761,0,,2,SLP058,cb_intrinsic
CB3763,0,,2,SMP227,cb_intrinsic
CB3770,0,,2,CRE038,cb_intrinsic
CB3773,0,,2,SLP394,cb_intrinsic
CB3782,0,,2,CB3782,cb_intrinsic
CB3789,0,,2,CB3789,cb_intrinsic
CB3808,0,,2,SLP252_b,cb_intrinsic
CB3868,0,,2,CL280,cb_intrinsic
CB3869,0,,2,CB3869,cb_intrinsic
CB3897,0,,2,SAD101,cb_intrinsic
CB3906,0,,2,CB3906,cb_intrinsic
CB3907,0,,2,CB3907,cb_intrinsic
CB3909,0,,2,CB3909,cb_intrinsic
CB3912,0,,2,AMMC037,cb_intrinsic
CB3915,0,,2,WED187,cb_intrinsic
CB3918,0,,2,SAD100,cb_intrinsic
CB3919,0,,2,GNG601,cb_intrinsic
CB3920,0,,2,GNG009,cb_intrinsic
CB3921,0,,2,AVLP605,cb_intrinsic
CB3922,0,,2,AVLP603,cb_intrinsic
CB3925,0,,2,GNG295,cb_intrinsic
CB3930,0,,2,CB3930,cb_intrinsic
CB3934,0,,2,AVLP344,cb_intrinsic
CB3935,0,,2,LHPV2e1_a,cb_intrinsic
CB3940,0,,2,AVLP038,cb_intrinsic
CB3945,0,,2,SAD045,cb_intrinsic
CB3947,0,,2,SAD045,cb_intrinsic
CB3949,0,,2,SAD045,cb_intrinsic
CB3952,0,,2,GNG267,cb_intrinsic
CB3954,0,,2,WED083,cb_intrinsic
CB3955,0,,2,WED084,cb_intrinsic
CB3957,0,,2,CL005,cb_intrinsic
CB3960,0,,2,AVLP343,cb_intrinsic
CB3967,0,,2,SLP046,cb_intrinsic
CB3970,0,,2,LHPV5c1_a,cb_intrinsic
CB3971,0,,2,LHPV5c1_a,cb_intrinsic
CB3991,0,,2,LAL094,cb_intrinsic
CB3993,0,,2,IB054,cb_intrinsic
CB4029,0,,2,CL016,cb_intrinsic
CB4030,0,,2,SLP082,cb_intrinsic
CB4033,0,,2,CB4033,cb_intrinsic
CB4038,0,,2,CB4038,cb_intrinsic
CB4045,0,,2,SAD099,cb_intrinsic
CB4052,0,,2,CB4052,cb_intrinsic
CB4092,0,,2,PVLP086,cb_intrinsic
CB4131,0,,2,CB4131,cb_intrinsic
CB4147,0,,2,GNG644,cb_sensory
CB4149,0,,2,GNG642,cb_sensory
CB4159,0,,2,CB4159,cb_intrinsic
CB4161,0,,2,SAD098,cb_intrinsic
CB4188,0,,2,GNG328,cb_intrinsic
CB4191,0,,2,GNG658,cb_intrinsic
CB4192,0,,2,GNG327,cb_intrinsic
CB4200,0,,2,CB4200,cb_intrinsic
CB4210,0,,2,GNG655,cb_sensory
CB4211,0,,2,GNG654,cb_sensory
CB4212,0,,2,GNG641,cb_motor
CB4213,0,,2,AVLP614,cb_intrinsic
CB4218,0,,2,M_lPNm12,cb_intrinsic
CB4237,0,,2,PLP122_b,cb_intrinsic
CB4238,0,,2,WED202,cb_intrinsic
CB4241,0,,2,CB4241,cb_intrinsic
CB4246,0,,2,CB4246,cb_sensory
CL001,0,,2,CL001,cb_intrinsic
CL002,0,,2,CL002,cb_intrinsic
CL011,0,,2,CL011,cb_intrinsic
CL012,0,,2,CL012,cb_intrinsic
CL013a,0,,2,CL013,cb_intrinsic
CL013b,0,,2,CL013,cb_intrinsic
CL014a,0,,2,CL014,cb_intrinsic
CL014c,0,,2,CL014,cb_intrinsic
CL015,0,,2,CL015_a,cb_intrinsic
CL022b,0,,2,CL022_a,cb_intrinsic
CL024,0,,2,CL024_a,cb_intrinsic
CL025,0,,2,CL025,cb_intrinsic
CL026,0,,2,CL026,cb_intrinsic
CL027,0,,2,CL027,cb_intrinsic
CL029b,0,,2,CL029_b,cb_intrinsic
CL032,0,,2,CL032,cb_intrinsic
CL036,0,,2,CL036,cb_intrinsic
CL053,0,,2,CL053,cb_intrinsic
CL055,0,,2,CL055,cb_intrinsic
"CL057,CL106",0,,2,CL057,cb_intrinsic
CL063,0,,2,CL063,cb_intrinsic
CL064,0,,2,CL064,cb_intrinsic
CL065,0,,2,CL065,cb_intrinsic
CL069,0,,2,CL069,cb_intrinsic
CL070b,0,,2,CL070_b,cb_intrinsic
CL095,0,,2,CL095,cb_intrinsic
CL096,0,,2,CL096,cb_intrinsic
CL109,0,,2,CL109,cb_intrinsic
CL111,0,,2,CL111,cb_intrinsic
CL114,0,,2,CL114,cb_intrinsic
CL116,0,,2,CL116,cb_intrinsic
CL126,0,,2,CL126,cb_intrinsic
CL133,0,,2,CL133,cb_intrinsic
CL140,0,,2,CL140,cb_intrinsic
CL142,0,,2,CL142,cb_intrinsic
CL144,0,,2,CL144,cb_intrinsic
CL151,0,,2,CL151,cb_intrinsic
CL155,0,,2,CL155,cb_intrinsic
CL157,0,,2,CL157,cb_intrinsic
CL158,0,,2,CL158,cb_intrinsic
CL159,0,,2,CL159,cb_intrinsic
CL169a,0,,2,CL169,cb_intrinsic
CL169b,0,,2,CL169,cb_intrinsic
CL173,0,,2,CL173,cb_intrinsic
CL175,0,,2,CL175,cb_intrinsic
CL205,0,,2,CL205,cb_intrinsic
CL216,0,,2,CL216,cb_intrinsic
CL246,0,,2,CL246,cb_intrinsic
CL248,0,,2,CL248,cb_intrinsic
CL250,0,,2,CL250,cb_intrinsic
CL259,0,,2,CL259,cb_intrinsic
CL261a,0,,2,CL261,cb_intrinsic
CL287,0,,2,CL287,cb_intrinsic
CL314,0,,2,CL314,cb_intrinsic
CL315,0,,2,CL315,cb_intrinsic
CL317,0,,2,CL317,cb_intrinsic
CL321,0,,2,CL321,cb_intrinsic
CL322,0,,2,CL322,cb_intrinsic
CL336,0,,2,CL336,cb_intrinsic
CL352,0,,2,CL352,cb_intrinsic
CL357,0,,2,CL357,cb_intrinsic
CL362,0,,2,CL362,cb_intrinsic
CRE011,0,,2,CRE011,cb_intrinsic
CRE018a,0,,2,CRE018,cb_intrinsic
CRE018b,0,,2,CRE018,cb_intrinsic
CRE018c,0,,2,CRE018,cb_intrinsic
CRE035,0,,2,CRE035,cb_intrinsic
CRE040,0,,2,CRE040,cb_intrinsic
CRE041,0,,2,CRE041,cb_intrinsic
CRE043c,0,,2,CRE043_a3,cb_intrinsic
CRE043d,0,,2,CRE043_a2,cb_intrinsic
CRE043e,0,,2,CRE043_a1,cb_intrinsic
CRE102,0,,2,CRE102,cb_intrinsic
CT1,0,,2,CT1,ol_intrinsic
DA4m_adPN,0,,2,DA4m_adPN,cb_intrinsic
DC4_vPN,0,,2,DC4_vPN,cb_intrinsic
DL5_adPN,0,,2,DL5_adPN,cb_intrinsic
DM1_lPN,0,,2,DM1_lPN,cb_intrinsic
DM3_adPN,0,,2,DM3_adPN,cb_intrinsic
DM3_vPN,0,,2,DM3_vPN,cb_intrinsic
DM4_vPN,0,,2,DM4_vPN,cb_intrinsic
DNbe004,0,,2,DNbe004,descending_neuron
DNbe005,0,,2,DNbe005,descending_neuron
DNde002,0,,2,DNde002,descending_neuron
DNde005,0,,2,DNde005,descending_neuron
DNde006,0,,2,DNde006,descending_neuron
DNg02_d,0,,2,DNg02_d,descending_neuron
DNg02_e,0,,2,DNg02_e,descending_neuron
DNg02_f,0,,2,DNg02_f,descending_neuron
DNg05_a,0,,2,DNg05_a,descending_neuron
DNg06_a,0,,2,DNge175,descending_neuron
DNg100,0,,2,DNg100,descending_neuron
DNg16,0,,2,DNg16,descending_neuron
DNg17,0,,2,DNg17,descending_neuron
DNg32,0,,2,DNg32,descending_neuron
DNg38,0,,2,DNg38,descending_neuron
DNg39,0,,2,DNg39,descending_neuron
DNg42,0,,2,DNg42,descending_neuron
DNg46,0,,2,DNg46,descending_neuron
DNg56,0,,2,DNg56,descending_neuron
DNg58,0,,2,DNg58,descending_neuron
DNg68,0,,2,DNg68,descending_neuron
DNg71,0,,2,DNg71,descending_neuron
DNg73,0,,2,DNg73,descending_neuron
DNg74_a,0,,2,DNg74_a,descending_neuron
DNg76,0,,2,DNg76,descending_neuron
DNg80,0,,2,DNg80,descending_neuron
DNg92_a,0,,2,DNg92_a,descending_neuron
DNge002,0,,2,DNge002,descending_neuron
DNge008,0,,2,DNge008,descending_neuron
DNge010,0,,2,DNge010,descending_neuron
DNge013,0,,2,DNge013,descending_neuron
DNge014,0,,2,DNge014,descending_neuron
DNge016,0,,2,DNge016,descending_neuron
DNge017,0,,2,DNge017,descending_neuron
DNge021,0,,2,DNge021,descending_neuron
DNge022,0,,2,DNge022,descending_neuron
DNge026,0,,2,DNge026,descending_neuron
DNge028,0,,2,DNge028,descending_neuron
DNge029,0,,2,DNge029,descending_neuron
DNge030,0,,2,DNge030,descending_neuron
DNge031,0,,2,DNge031,descending_neuron
DNge036,0,,2,DNge036,descending_neuron
DNge040,0,,2,DNge040,descending_neuron
DNge042,0,,2,DNge042,descending_neuron
DNge044,0,,2,DNge044,descending_neuron
DNge050,0,,2,DNge050,descending_neuron
DNge052,0,,2,DNge052,descending_neuron
DNge056,0,,2,DNge056,descending_neuron
DNge057,0,,2,DNge057,descending_neuron
DNge059,0,,2,DNge059,descending_neuron
DNge064,0,,2,DNge064,descending_neuron
DNge067,0,,2,DNge067,descending_neuron
DNge070,0,,2,DNge070,descending_neuron
DNge072,0,,2,DNge072,descending_neuron
DNge075,0,,2,DNge075,descending_neuron
DNge079,0,,2,DNge079,descending_neuron
DNge080,0,,2,DNge080,descending_neuron
DNge082,0,,2,DNge082,descending_neuron
DNge098,0,,2,DNge098,descending_neuron
DNge100,0,,2,DNge100,descending_neuron
DNge119,0,,2,DNge119,descending_neuron
DNge121,0,,2,DNge121,descending_neuron
DNge125,0,,2,DNge125,descending_neuron
DNge126,0,,2,DNge126,descending_neuron
DNge127,0,,2,DNge127,descending_neuron
DNge130,0,,2,DNge130,descending_neuron
DNge131,0,,2,DNge131,descending_neuron
DNge132,0,,2,DNge132,descending_neuron
DNge133,0,,2,DNge133,descending_neuron
DNge142,0,,2,DNge142,descending_neuron
DNge144,0,,2,DNge144,descending_neuron
DNge146,0,,2,DNge146,descending_neuron
"DNge154,DNge156",0,,2,DNge154,descending_neuron
DNge173,0,,2,DNge173,descending_neuron
DNge174,0,,2,DNge174,descending_neuron
DNp01,0,,2,DNp01,descending_neuron
DNp104,0,,2,DNp104,descending_neuron
DNp12,0,,2,DNp12,descending_neuron
DNp40,0,,2,DNp21,descending_neuron
DNp52,0,,2,DNp52,descending_neuron
DNp60,0,,2,DNp60,descending_neuron
DNpe007,0,,2,DNpe007,descending_neuron
DNpe026,0,,2,DNpe026,descending_neuron
DNpe034,0,,2,DNpe034,descending_neuron
DNpe037,0,,2,DNpe037,descending_neuron
DNpe043,0,,2,DNpe043,descending_neuron
DNxl114,0,,2,DNxl114,descending_neuron
ExR3,0,,2,ExR3,cb_intrinsic
ExR6,0,,2,ExR6,cb_intrinsic
FB2J_b,0,,2,FB2J_b,cb_intrinsic
FB4I,0,,2,FB4I,cb_intrinsic
"FB4P,FB4Q",0,,2,FB4P_c,cb_intrinsic
FB5L,0,,2,FB5L,cb_intrinsic
FB6D,0,,2,FB6D,cb_intrinsic
FB6Q,0,,2,FB6Q,cb_intrinsic
FB7B,0,,2,FB7B,cb_intrinsic
H03,0,,2,PLP076,cb_intrinsic
H1,0,,2,H1,ol_intrinsic
IB007,0,,2,IB007,cb_intrinsic
IB008,0,,2,IB008,cb_intrinsic
IB009,0,,2,IB009,cb_intrinsic
IB010,0,,2,IB010,cb_intrinsic
IB012,0,,2,IB012,cb_intrinsic
IB018,0,,2,IB018,cb_intrinsic
IB021,0,,2,IB021,cb_intrinsic
IB023,0,,2,IB023,cb_intrinsic
IB025,0,,2,IB025,cb_intrinsic
IB026,0,,2,IB026,cb_intrinsic
IB048,0,,2,IB048,cb_intrinsic
IB058,0,,2,IB058,cb_intrinsic
IB068,0,,2,IB068,cb_intrinsic
IB097,0,,2,IB097,cb_intrinsic
IB116,0,,2,IB116,cb_intrinsic
JO-A3,0,,2,JO-A3,cb_sensory
LAL008,0,,2,LAL008,cb_intrinsic
LAL012,0,,2,LAL012,cb_intrinsic
LAL015,0,,2,LAL015,cb_intrinsic
LAL016,0,,2,LAL016,cb_intrinsic
LAL052,0,,2,LAL052,cb_intrinsic
LAL053,0,,2,LAL053,cb_intrinsic
LAL056a,0,,2,LAL056,cb_intrinsic
LAL059a,0,,2,LAL059,cb_intrinsic
LAL072,0,,2,LAL072,cb_intrinsic
LAL076,0,,2,LAL076,cb_intrinsic
LAL090a,0,,2,LAL090,cb_intrinsic
LAL090b,0,,2,LAL090,cb_intrinsic
LAL093,0,,2,AOTU040,cb_intrinsic
LAL098,0,,2,LAL098,cb_intrinsic
LAL116,0,,2,LAL116,cb_intrinsic
LAL121,0,,2,LAL121,cb_intrinsic
LAL122,0,,2,LAL122,cb_intrinsic
LAL123,0,,2,LAL123,cb_intrinsic
LAL128,0,,2,LAL128,cb_intrinsic
LAL130,0,,2,LAL130,cb_intrinsic
LAL131a,0,,2,LAL131,cb_intrinsic
LAL131b,0,,2,LAL131,cb_intrinsic
LAL132a,0,,2,LAL132_a,cb_intrinsic
LAL135,0,,2,LAL135,cb_intrinsic
LAL139,0,,2,LAL139,cb_intrinsic
LAL141,0,,2,LAL141,cb_intrinsic
LAL142,0,,2,LAL142,cb_intrinsic
LAL147c,0,,2,LAL147_b,cb_intrinsic
LAL152,0,,2,LAL152,cb_intrinsic
LAL167a,0,,2,LAL167,cb_intrinsic
LAL167b,0,,2,LAL167,cb_intrinsic
LAL168a,0,,2,LAL166,cb_intrinsic
LAL180,0,,2,LAL180,cb_intrinsic
LAL191,0,,2,LAL191,cb_intrinsic
LAL192,0,,2,LAL192,cb_intrinsic
LCNOp,0,,2,LCNOp,cb_intrinsic
LCNOpm,0,,2,LCNOpm,cb_intrinsic
LHAD1j1,0,,2,LHAD1j1,cb_intrinsic
LHAD2b1,0,,2,LHAD2b1,cb_intrinsic
LHAD3d4,0,,2,LHAD3d4,cb_intrinsic
LHAD4a1,0,,2,LHAD4a1,cb_intrinsic
LHAV2a3a,0,,2,LHAV2a3,cb_intrinsic
LHAV2b9,0,,2,LHAV2b9,cb_intrinsic
LHAV2g1a,0,,2,LHAV2g1,cb_intrinsic
LHAV2k13,0,,2,LHAV2k13,cb_intrinsic
LHAV2k8,0,,2,LHAV2k8,cb_intrinsic
LHAV2p1,0,,2,LHAV2p1,cb_intrinsic
LHAV3k1,0,,2,LHAV3k1,cb_intrinsic
LHAV3k3,0,,2,LHAV3k3,cb_intrinsic
LHAV3q1,0,,2,LHAV3q1,cb_intrinsic
"LHAV4a6,CB3730",0,,2,LHAV4a6,cb_intrinsic
LHAV4e1_a,0,,2,LHAV4e1_a,cb_intrinsic
LHAV4e4,0,,2,LHAV4e4,cb_intrinsic
LHAV4g17,0,,2,LHAV4g17,cb_intrinsic
LHAV4j1,0,,2,LHAV4j1,cb_intrinsic
LHAV4l1,0,,2,LHAV4l1,cb_intrinsic
LHAV5a2_d,0,,2,LHAV5a2_d,cb_intrinsic
LHAV7a6,0,,2,LHAV7a6,cb_intrinsic
LHAV8a1,0,,2,LHAV8a1,cb_intrinsic
LHCENT11,0,,2,LHCENT11,cb_intrinsic
LHCENT13_d,0,,2,LHCENT13_d,cb_intrinsic
LHPD1b1,0,,2,LHPD1b1,cb_intrinsic
LHPV10d1,0,,2,LHPV10d1,cb_intrinsic
LHPV1c2,0,,2,LHPV1c2,cb_intrinsic
LHPV1d1,0,,2,LHPV1d1,cb_intrinsic
LHPV2i1b,0,,2,LHPV2i1,cb_intrinsic
LHPV3a1_a,0,,2,LHPV3a1,cb_intrinsic
LHPV3a1_b,0,,2,LHPV3a1,cb_intrinsic
LHPV4a11,0,,2,LHPV4a11,cb_intrinsic
LHPV4a7a,0,,2,LHPV4a7,cb_intrinsic
LHPV4j3,0,,2,LHPV4j3,cb_intrinsic
LHPV4j4,0,,2,LHPV4j4,cb_intrinsic
LHPV4m1,0,,2,LHPV4m1,cb_intrinsic
LHPV5e3,0,,2,LHPV5e3,cb_intrinsic
LHPV6a10,0,,2,LHPV6a10,cb_intrinsic
LHPV6c1,0,,2,LHPV6c1,cb_intrinsic
LHPV6c2,0,,2,LHPV6c2,cb_intrinsic
LHPV6g1,0,,2,LHPV6g1,cb_intrinsic
LHPV6m1,0,,2,LHPV6m1,cb_intrinsic
LN-DN1,0,,2,LN-DN1,sensory_descending
LNO2,0,,2,LNO2,cb_intrinsic
LNOa,0,,2,LNOa,cb_intrinsic
LPT47_vCal2,0,,2,vCal2,visual_projection
LPi12,0,,2,LPi2b,ol_intrinsic
LPi13,0,,2,LPi4b,ol_intrinsic
LPi15,0,,2,LPi21,ol_intrinsic
LT1a,0,,2,LT1a,visual_projection
LT1b,0,,2,LT1b,visual_projection
LT33,0,,2,LT33,ol_intrinsic
LT34,0,,2,LT34,visual_centrifugal
LT41,0,,2,LT41,visual_centrifugal
LT56,0,,2,LT56,visual_centrifugal
LT58,0,,2,LT58,ol_intrinsic
LT61a,0,,2,LT61a,visual_projection
LT64,0,,2,LT64,visual_projection
LT65,0,,2,LT65,visual_projection
LT79,0,,2,LT79,visual_projection
LTe06,0,,2,LoVP57,visual_projection
LTe18,0,,2,LoVP85,visual_projection
LTe26,0,,2,LoVP102,visual_projection
LTe29,0,,2,LoVP99,visual_projection
LTe42a,0,,2,LoVP90a,visual_projection
LTe42b,0,,2,LoVP90b,visual_projection
LTe42c,0,,2,LoVP90c,visual_projection
LTe46,0,,2,LoVP40,visual_projection
LTe60,0,,2,LoVP45,visual_projection
LTe71,0,,2,SLP250,visual_projection
LTe73,0,,2,LoVP66,visual_projection
Li29,0,,2,Li31,ol_intrinsic
Li31,0,,2,Li38,ol_intrinsic
Li32,0,,2,Li32,ol_intrinsic
MBON02,0,,2,MBON02,cb_intrinsic
MBON06,0,,2,MBON06,cb_intrinsic
MBON13,0,,2,MBON13,cb_intrinsic
MBON16,0,,2,MBON16,cb_intrinsic
MBON17-like,0,,2,MBON17-like,cb_intrinsic
MBON21,0,,2,MBON21,cb_intrinsic
MBON27,0,,2,MBON27,cb_intrinsic
MBON28,0,,2,MBON28,cb_intrinsic
MBON31,0,,2,MBON31,cb_intrinsic
MBON33,0,,2,MBON33,cb_intrinsic
MBON35,0,,2,MBON35,cb_intrinsic
MTe28,0,,2,MeVP29,visual_projection
MTe48,0,,2,MeVP63,visual_projection
MZ_lv2PN,0,,2,MZ_lv2PN,cb_intrinsic
M_adPNm4,0,,2,M_adPNm4,cb_intrinsic
"M_ilPNm90,M_ilPN8t91",0,,2,M_ilPNm90,cb_intrinsic
M_imPNl92,0,,2,M_imPNl92,cb_intrinsic
M_l2PN10t19a,0,,2,M_l2PN10t19,cb_intrinsic
M_l2PN10t19b,0,,2,M_l2PN10t19,cb_intrinsic
M_l2PNl20,0,,2,M_l2PNl20,cb_intrinsic
M_l2PNl21,0,,2,M_l2PNl21,cb_intrinsic
M_l2PNm14,0,,2,M_l2PNm14,cb_intrinsic
M_l2PNm15,0,,2,M_l2PNm15,cb_intrinsic
M_lPNm11C,0,,2,M_lPNm11C,cb_intrinsic
M_lvPNm28,0,,2,M_lvPNm28,cb_intrinsic
M_lvPNm39,0,,2,M_lvPNm39,cb_intrinsic
M_lvPNm44,0,,2,M_lvPNm44,cb_intrinsic
M_smPNm1,0,,2,M_smPNm1,cb_intrinsic
M_spPN4t9,0,,2,M_spPN4t9,cb_intrinsic
"M_vPNml51,CB3597",0,,2,M_vPNml51,cb_intrinsic
M_vPNml52,0,,2,M_vPNml52,cb_intrinsic
M_vPNml55,0,,2,M_vPNml55,cb_intrinsic
M_vPNml57,0,,2,M_vPNml57,cb_intrinsic
M_vPNml79,0,,2,M_vPNml79,cb_intrinsic
MeLp2,0,,2,MeVPLp2,ol_intrinsic
MeMe_e09,0,,2,MeVPMe7,ol_intrinsic
Nod3,0,,2,Nod3,visual_projection
OA-VUMa5,0,,2,OA-VUMa5,cb_intrinsic
OCC01a,0,,2,OCG06,visual_centrifugal
OCC01b,0,,2,OCC01b,visual_centrifugal
OCG01a,0,,2,OCG01a,visual_projection
OCG01b,0,,2,OCG01b,visual_projection
OCG01e,0,,2,OCG01e,visual_projection
OCG01f,0,,2,OCG01f,visual_projection
OCG02b,0,,2,OCG02b,visual_projection
PAL01,0,,2,PAL01,cb_intrinsic
PLP010,0,,2,PLP010,cb_intrinsic
PLP012,0,,2,PLP012,cb_intrinsic
PLP036,0,,2,PLP036,cb_intrinsic
PLP059a,0,,2,PLP059,cb_intrinsic
PLP060,0,,2,PLP060,cb_intrinsic
PLP080,0,,2,PLP080,cb_intrinsic
PLP086a,0,,2,PLP086,cb_intrinsic
PLP093,0,,2,PLP093,cb_intrinsic
PLP114,0,,2,PLP114,cb_intrinsic
PLP121,0,,2,PLP121,cb_intrinsic
PLP131,0,,2,PLP131,cb_intrinsic
PLP141,0,,2,PLP141,cb_intrinsic
PLP143,0,,2,PLP143,cb_intrinsic
PLP144,0,,2,PLP144,cb_intrinsic
PLP163,0,,2,PLP163,cb_intrinsic
PLP169,0,,2,PLP169,cb_intrinsic
PLP182c,0,,2,PLP182,cb_intrinsic
PLP182d,0,,2,PLP182,cb_intrinsic
PLP184,0,,2,PLP184,cb_intrinsic
PLP208,0,,2,PLP208,cb_intrinsic
PLP209,0,,2,PLP209,cb_intrinsic
PLP213,0,,2,PLP213,cb_intrinsic
PLP222,0,,2,PLP222,cb_intrinsic
PLP228,0,,2,PLP228,cb_intrinsic
PLP245,0,,2,PLP245,cb_intrinsic
PLP252,0,,2,PLP252,cb_intrinsic
PPL102,0,,2,PPL102,cb_intrinsic
PPL104,0,,2,PPL104,cb_intrinsic
PPL105,0,,2,PPL105,cb_intrinsic
PPL108,0,,2,PPL108,cb_intrinsic
PPL202,0,,2,PPL202,cb_intrinsic
PPL204,0,,2,PPL204,cb_intrinsic
PPM1205,0,,2,PPM1205,cb_intrinsic
PS001,0,,2,PS001,cb_intrinsic
PS008_a3,0,,2,PS008_a3,cb_intrinsic
PS011,0,,2,PS011,cb_intrinsic
PS018a,0,,2,PS018_a,cb_intrinsic
PS018b,0,,2,PS018_b,cb_intrinsic
PS029,0,,2,PS029,cb_intrinsic
PS047b,0,,2,PS047_b,cb_intrinsic
PS048a,0,,2,PS048_b,cb_intrinsic
PS049,0,,2,PS049,cb_intrinsic
PS053,0,,2,PS053,cb_intrinsic
PS065,0,,2,PS065,cb_intrinsic
"PS081,PS085",0,,2,PS081,cb_intrinsic
"PS082,PS084",0,,2,PS082,cb_intrinsic
PS083_a,0,,2,PS083_a,cb_intrinsic
PS083_c,0,,2,PS083_c,cb_intrinsic
PS087e,0,,2,PS087,cb_intrinsic
PS089,0,,2,PS089,cb_intrinsic
PS094a,0,,2,PS094,cb_intrinsic
PS095b,0,,2,PS095,cb_intrinsic
PS096a,0,,2,PS096,cb_intrinsic
PS096b,0,,2,PS096,cb_intrinsic
PS096d,0,,2,PS096,cb_intrinsic
PS096e,0,,2,PS096,cb_intrinsic
PS097b,0,,2,PS097,cb_intrinsic
PS098,0,,2,PS098,cb_intrinsic
PS100,0,,2,PS100,cb_intrinsic
PS108,0,,2,PS108,cb_intrinsic
PS112,0,,2,PS112,cb_intrinsic
PS126,0,,2,PS126,cb_intrinsic
PS127,0,,2,PS127,cb_intrinsic
PS156,0,,2,PS156,cb_intrinsic
PS159,0,,2,PS159,cb_intrinsic
PS176,0,,2,PS176,cb_intrinsic
PS180,0,,2,PS180,cb_intrinsic
PS181,0,,2,PS181,cb_intrinsic
PS193a,0,,2,PS193,cb_intrinsic
PS202,0,,2,PS202,cb_intrinsic
PS203a,0,,2,PS203,cb_intrinsic
PS203b,0,,2,PS203,cb_intrinsic
PS208a,0,,2,PS208,cb_intrinsic
PS209a,0,,2,PS209,cb_intrinsic
PS209d,0,,2,PS209,cb_intrinsic
PS213,0,,2,PS213,cb_intrinsic
PS217,0,,2,PS217,cb_intrinsic
PS276,0,,2,PS276,cb_intrinsic
PS280,0,,2,PS280,cb_intrinsic
PVLP001,0,,2,PVLP001,cb_intrinsic
PVLP002,0,,2,PVLP002,cb_intrinsic
PVLP013,0,,2,PVLP013,cb_intrinsic
PVLP014,0,,2,PVLP014,cb_intrinsic
PVLP015,0,,2,PVLP015,cb_intrinsic
PVLP017,0,,2,PVLP017,cb_intrinsic
PVLP018,0,,2,PVLP018,cb_intrinsic
PVLP020,0,,2,PVLP020,cb_intrinsic
PVLP026,0,,2,PVLP026,cb_intrinsic
PVLP027,0,,2,PVLP027,cb_intrinsic
PVLP061,0,,2,PVLP061,cb_intrinsic
PVLP065,0,,2,PVLP065,cb_intrinsic
PVLP069,0,,2,PVLP069,cb_intrinsic
PVLP090,0,,2,PVLP090,cb_intrinsic
PVLP106,0,,2,PVLP106,cb_intrinsic
PVLP112a,0,,2,PVLP112,cb_intrinsic
PVLP114,0,,2,PVLP114,cb_intrinsic
PVLP120,0,,2,PVLP120,cb_intrinsic
PVLP121,0,,2,PVLP121,cb_intrinsic
PVLP130,0,,2,PVLP130,cb_intrinsic
PVLP138,0,,2,PVLP138,cb_intrinsic
PVLP140,0,,2,PVLP140,cb_intrinsic
PVLP141,0,,2,PVLP141,cb_intrinsic
PhG10,0,,2,PhG10,cb_sensory
PhG11,0,,2,PhG11,cb_sensory
PhG12,0,,2,PhG12,cb_sensory
PhG13,0,,2,PhG13,cb_sensory
PhG14,0,,2,PhG14,cb_sensory
PhG15,0,,2,PhG15,cb_sensory
PhG16,0,,2,PhG16,cb_sensory
PhG1a,0,,2,PhG1a,cb_sensory
PhG1b,0,,2,PhG1b,cb_sensory
PhG3,0,,2,PhG3,cb_sensory
PhG5,0,,2,PhG5,cb_sensory
PhG6,0,,2,PhG6,cb_sensory
Pm13,0,,2,Pm13,ol_intrinsic
SAD007a,0,,2,SAD007,cb_intrinsic
SAD007c,0,,2,SAD007,cb_intrinsic
SAD007d,0,,2,SAD006,cb_intrinsic
SAD008a,0,,2,SAD008,cb_intrinsic
SAD008b,0,,2,SAD008,cb_intrinsic
SAD008c,0,,2,SAD008,cb_intrinsic
"SAD011,SAD019",0,,2,SAD011,cb_intrinsic
SAD013,0,,2,SAD013,cb_intrinsic
SAD034,0,,2,SAD034,cb_intrinsic
SAD035,0,,2,SAD035,cb_intrinsic
SAD049,0,,2,SAD049,cb_intrinsic
SAD076,0,,2,SAD076,cb_intrinsic
SAD084,0,,2,SAD084,cb_intrinsic
SAD085,0,,2,SAD085,cb_intrinsic
SAD093,0,,2,SAD093,cb_intrinsic
SA_VTV_DProN_1,0,,2,AN05B096,ascending_neuron
SIP017,0,,2,SIP017,cb_intrinsic
SIP019,0,,2,SIP019,cb_intrinsic
SIP024a,0,,2,SIP024,cb_intrinsic
SIP029,0,,2,SIP029,cb_intrinsic
SIP046,0,,2,SIP046,cb_intrinsic
SIP047a,0,,2,SIP047,cb_intrinsic
SIP048,0,,2,SIP048,cb_intrinsic
SIP057,0,,2,SIP057,cb_intrinsic
SIP067,0,,2,SIP067,cb_intrinsic
SIP076d,0,,2,SIP076,cb_intrinsic
SIP088,0,,2,SIP088,cb_intrinsic
SLP003,0,,2,SLP003,cb_intrinsic
SLP006,0,,2,SLP006,cb_intrinsic
SLP011,0,,2,SLP011,cb_intrinsic
SLP012a,0,,2,SLP012,cb_intrinsic
SLP017,0,,2,SLP017,cb_intrinsic
SLP025a,0,,2,SLP025,cb_intrinsic
SLP031,0,,2,SLP031,cb_intrinsic
SLP048,0,,2,SLP048,cb_intrinsic
SLP071,0,,2,SLP071,cb_intrinsic
SLP072,0,,2,SLP072,cb_intrinsic
SLP074,0,,2,SLP074,cb_intrinsic
SLP075,0,,2,SLP075,cb_intrinsic
SLP080,0,,2,SLP080,cb_intrinsic
SLP131,0,,2,SLP131,cb_intrinsic
SLP132,0,,2,SLP132,cb_intrinsic
SLP136,0,,2,SLP136,cb_intrinsic
SLP153,0,,2,SLP153,cb_intrinsic
SLP155,0,,2,SLP155,cb_intrinsic
SLP202,0,,2,SLP202,cb_intrinsic
SLP209,0,,2,SLP209,cb_intrinsic
SLP212b,0,,2,SLP212_b,cb_intrinsic
SLP212c,0,,2,SLP212_c,cb_intrinsic
SLP215,0,,2,SLP215,cb_intrinsic
SLP216,0,,2,SLP216,cb_intrinsic
SLP227a,0,,2,SLP227,cb_intrinsic
SLP227b,0,,2,SLP227,cb_intrinsic
SLP231,0,,2,SLP231,cb_intrinsic
SLP235,0,,2,SLP235,cb_intrinsic
SLP239,0,,2,SLP239,cb_intrinsic
SLP248,0,,2,SLP248,cb_intrinsic
SLP257,0,,2,SLP257,cb_intrinsic
SLP265a,0,,2,SLP265,cb_intrinsic
SLP281,0,,2,SLP281,cb_intrinsic
SLP302a,0,,2,SLP302,cb_intrinsic
SLP302b,0,,2,SLP302,cb_intrinsic
SLP304b,0,,2,SLP304,cb_intrinsic
SLP308b,0,,2,SLP308,cb_intrinsic
SLP345a,0,,2,SLP345,cb_intrinsic
SLP380,0,,2,SLP380,cb_intrinsic
SLP381,0,,2,SLP381,cb_intrinsic
SLP382,0,,2,SLP382,cb_intrinsic
SLP383,0,,2,SLP383,cb_intrinsic
SLP388,0,,2,SLP388,cb_intrinsic
SLP402_b,0,,2,SLP402_b,cb_intrinsic
SLP406,0,,2,SLP406,cb_intrinsic
SLP412_a,0,,2,SLP412_a,cb_intrinsic
SLP412_b,0,,2,SLP412_b,cb_intrinsic
SLP433,0,,2,SLP433,cb_intrinsic
SLP437,0,,2,SLP437,cb_intrinsic
SLP447,0,,2,SLP447,cb_intrinsic
SLP458,0,,2,SLP458,cb_intrinsic
SLP465a,0,,2,SLP465,cb_intrinsic
SLPpm3_H01,0,,2,SMP551,cb_intrinsic
SLPpm3_H02,0,,2,SLP440,cb_intrinsic
SLPpm3_S01,0,,2,SLP441,cb_intrinsic
SMP011b,0,,2,SMP011_b,cb_intrinsic
SMP015,0,,2,SMP015,cb_intrinsic
SMP027,0,,2,SMP027,cb_intrinsic
SMP035,0,,2,SMP035,cb_intrinsic
SMP044,0,,2,SMP044,cb_intrinsic
SMP047,0,,2,SMP047,cb_intrinsic
SMP051,0,,2,SMP051,cb_intrinsic
SMP054,0,,2,SMP054,cb_intrinsic
SMP077,0,,2,SMP077,cb_intrinsic
SMP080,0,,2,SMP080,cb_intrinsic
SMP108,0,,2,SMP108,cb_intrinsic
SMP109,0,,2,SMP109,cb_intrinsic
SMP115,0,,2,SMP115,cb_intrinsic
SMP116,0,,2,SMP116,cb_intrinsic
SMP138,0,,2,SMP138,cb_intrinsic
SMP153b,0,,2,SMP153_b,cb_intrinsic
SMP158,0,,2,SMP158,cb_intrinsic
SMP162c,0,,2,SMP162,cb_intrinsic
SMP165,0,,2,SMP165,cb_intrinsic
SMP175,0,,2,SMP175,cb_intrinsic
SMP176,0,,2,SMP176,cb_intrinsic
SMP185,0,,2,SMP185,cb_intrinsic
SMP189,0,,2,SMP189,cb_intrinsic
SMP198,0,,2,SMP198,cb_intrinsic
SMP203,0,,2,SMP203,cb_intrinsic
SMP204,0,,2,SMP204,cb_intrinsic
SMP213,0,,2,SMP214,cb_intrinsic
SMP235,0,,2,SMP235,cb_intrinsic
SMP251,0,,2,SMP251,cb_intrinsic
SMP257,0,,2,SMP257,cb_intrinsic
"SMP258,SMP259,SMP260,SMP263,SMP264,SMP265",0,,2,SMP_unclear,cb_intrinsic
SMP269,0,,2,SMP269,cb_intrinsic
SMP278b,0,,2,SMP278,cb_intrinsic
SMP285,0,,2,SMP285,cb_intrinsic
SMP291,0,,2,SMP291,cb_intrinsic
SMP311,0,,2,SMP311,cb_intrinsic
SMP314b,0,,2,SMP314,cb_intrinsic
SMP317a,0,,2,SMP317,cb_intrinsic
SMP317c,0,,2,SMP317,cb_intrinsic
SMP321_b,0,,2,SMP321_b,cb_intrinsic
SMP326b,0,,2,SMP326,cb_intrinsic
SMP341,0,,2,SMP341,cb_intrinsic
SMP353,0,,2,SMP353,cb_intrinsic
SMP356,0,,2,SMP356,cb_intrinsic
SMP373,0,,2,SMP373,cb_intrinsic
SMP379,0,,2,SMP379,cb_intrinsic
SMP383,0,,2,SMP383,cb_intrinsic
SMP386,0,,2,SMP386,cb_intrinsic
SMP388,0,,2,SMP388,cb_intrinsic
SMP389b,0,,2,SMP389_b,cb_intrinsic
SMP389c,0,,2,SMP389_c,cb_intrinsic
SMP405a,0,,2,SMP405,cb_intrinsic
SMP405b,0,,2,SMP405,cb_intrinsic
SMP406b,0,,2,SMP406_b,cb_intrinsic
SMP410a,0,,2,SMP410,cb_intrinsic
SMP425,0,,2,SMP425,cb_intrinsic
SMP441,0,,2,SMP441,cb_intrinsic
SMP445,0,,2,SMP445,cb_intrinsic
SMP451a,0,,2,SMP451,cb_intrinsic
SMP455,0,,2,SMP455,cb_intrinsic
SMP457,0,,2,SMP457,cb_intrinsic
SMP469b,0,,2,SMP469,cb_intrinsic
SMP470,0,,2,SMP470,cb_intrinsic
SMP492,0,,2,SMP492,cb_intrinsic
SMP495b,0,,2,SMP495_b,cb_intrinsic
SMP503,0,,2,SMP503,cb_intrinsic
SMP505,0,,2,SMP505,cb_intrinsic
SMP506,0,,2,SMP506,cb_intrinsic
SMP507,0,,2,SMP507,cb_intrinsic
SMP509a,0,,2,SMP509,cb_intrinsic
SMP510,0,,2,SMP510,cb_intrinsic
SMP511,0,,2,SMP511,cb_intrinsic
SMP513,0,,2,SMP513,cb_intrinsic
"SMP514,SMP515",0,,2,SMP514,cb_intrinsic
SMP516a,0,,2,SMP516,cb_intrinsic
SMP516b,0,,2,SMP516,cb_intrinsic
SMP520b,0,,2,SMP520,cb_intrinsic
SMP528,0,,2,SMP528,cb_intrinsic
SMP531,0,,2,SMP531,cb_intrinsic
SMP541,0,,2,SMP541,cb_intrinsic
SMP542,0,,2,SMP542,cb_intrinsic
SMP549,0,,2,SMP549,cb_intrinsic
SMP550,0,,2,SMP550,cb_intrinsic
SMP552,0,,2,SMP552,cb_intrinsic
SMP553,0,,2,SMP553,cb_intrinsic
SMP554,0,,2,SMP554,cb_intrinsic
SMP561,0,,2,SMP561,cb_intrinsic
SMP593,0,,2,SMP593,cb_intrinsic
SMP595,0,,2,SMP595,cb_intrinsic
SMP597,0,,2,SMP597,cb_intrinsic
SMP598,0,,2,SMP598,cb_intrinsic
SMP603,0,,2,SMP603,cb_intrinsic
SMP604,0,,2,SMP604,cb_intrinsic
SMPp&v1A_H01,0,,2,PS111,cb_intrinsic
SMPp&v1A_P03,0,,2,LHPD5f1,cb_intrinsic
SMPp&v1A_S03,0,,2,SMP336,cb_intrinsic
SMPp&v1B_M01,0,,2,IB109,cb_intrinsic
SMPp&v1B_M02,0,,2,SMPp&v1B_M02,cb_intrinsic
Sm39,0,,2,Cm35,ol_intrinsic
Sm42,0,,2,Cm34,ol_intrinsic
TuTuAa,0,,2,TuTuA_2,cb_intrinsic
TuTuAb,0,,2,TuTuA_1,cb_intrinsic
TuTuB_b,0,,2,TuTuB_b,cb_intrinsic
VA1d_vPN,0,,2,VA1d_vPN,cb_intrinsic
VA7l_adPN,0,,2,VA7l_adPN,cb_intrinsic
VC1_lPN,0,,2,VC1_lPN,cb_intrinsic
VES005,0,,2,VES005,cb_intrinsic
VES010,0,,2,VES010,cb_intrinsic
VES011,0,,2,VES011,cb_intrinsic
VES013,0,,2,VES013,cb_intrinsic
VES016,0,,2,VES016,cb_intrinsic
VES017,0,,2,VES017,cb_intrinsic
VES024b,0,,2,VES024_b,cb_intrinsic
VES041,0,,2,VES041,cb_intrinsic
VES045,0,,2,VES045,cb_intrinsic
VES047,0,,2,VES047,cb_intrinsic
VES054,0,,2,VES054,cb_intrinsic
VES063a,0,,2,VES063,cb_intrinsic
VES063b,0,,2,VES063,cb_intrinsic
VES072,0,,2,VES072,cb_intrinsic
VES074,0,,2,VES074,cb_intrinsic
VES076,0,,2,VES076,cb_intrinsic
VES078,0,,2,VES078,cb_intrinsic
VESa2_P01,0,,2,SLP243,cb_intrinsic
VM4_adPN,0,,2,VM4_adPN,cb_intrinsic
VP1d+VP4_l2PN2,0,,2,VP1d+VP4_l2PN2,cb_intrinsic
VP1d_il2PN,0,,2,VP1d_il2PN,cb_intrinsic
VP1l+VP3_ilPN,0,,2,VP1l+VP3_ilPN,cb_intrinsic
VP1m+VP2_lvPN1,0,,2,VP1m+VP2_lvPN1,cb_intrinsic
VP2+VC5_l2PN,0,,2,VP2+VC5_l2PN,cb_intrinsic
VP3+VP1l_ivPN,0,,2,VP3+VP1l_ivPN,cb_intrinsic
VP4+VL1_l2PN,0,,2,VP4+VL1_l2PN,cb_intrinsic
VP4+_vPN,0,,2,VP4+_vPN,cb_intrinsic
VP5+VP3_l2PN,0,,2,VP5+VP3_l2PN,cb_intrinsic
VP5+Z_adPN,0,,2,VP5+Z_adPN,cb_intrinsic
V_l2PN,0,,2,V_l2PN,cb_intrinsic
WED004a,0,,2,WED004,cb_intrinsic
WED026a,0,,2,WED026,cb_intrinsic
WED044,0,,2,WED044,cb_intrinsic
WED046,0,,2,WED046,cb_intrinsic
WED051,0,,2,WED051,cb_intrinsic
WED070,0,,2,WED070,cb_intrinsic
WED075,0,,2,WED075,cb_intrinsic
WED076,0,,2,WED076,cb_intrinsic
WED080,0,,2,WED080,cb_intrinsic
WED089,0,,2,WED089,cb_intrinsic
WED091,0,,2,WED091,cb_intrinsic
WED094,0,,2,WED094,cb_intrinsic
WED108,0,,2,WED108,cb_intrinsic
WED145c,0,,2,WED145,cb_intrinsic
WEDPN2B_a,0,,2,WEDPN2B_a,cb_intrinsic
WEDPN2B_b,0,,2,WEDPN2B_b,cb_intrinsic
WEDPN3a,0,,2,WEDPN3,cb_intrinsic
WEDPN3b,0,,2,WEDPN3,cb_intrinsic
WEDPN3c,0,,2,WEDPN3,cb_intrinsic
WEDPN4,0,,2,WEDPN4,cb_intrinsic
WEDPN5,0,,2,WEDPN5,cb_intrinsic
aMe22,0,,2,aMe22,cb_intrinsic
aPhM2b,0,,2,aPhM2b,cb_sensory
aPhM4,0,,2,aPhM4,cb_sensory
aSP22,0,,2,aSP22,descending_neuron
cL05,0,,2,LT46,visual_centrifugal
cL06,0,,2,LoVC9,visual_centrifugal
cL12,0,,2,LoVC3,visual_centrifugal
cL13,0,,2,LoVC5,visual_centrifugal
cL15,0,,2,LoVC6,visual_centrifugal
cL22a,0,,2,LoVC4,visual_centrifugal
cL22b,0,,2,LoVC11,visual_centrifugal
cL22c,0,,2,LoVC12,visual_centrifugal
cM01a,0,,2,MeVC8,visual_centrifugal
cM01b,0,,2,MeVC7a,visual_centrifugal
cM02a,0,,2,MeVC5,visual_centrifugal
cM15,0,,2,MeVC11,visual_centrifugal
cM17,0,,2,MeVC4a,visual_centrifugal
cM18,0,,2,MeVC3,visual_centrifugal
lLN10,0,,2,lLN10,cb_intrinsic
mAL4C,0,,2,mAL4C,cb_intrinsic
mAL4D,0,,2,mAL4D,cb_intrinsic
mAL4H,0,,2,mAL4H,cb_intrinsic
mAL5A1,0,,2,mAL5A1,cb_intrinsic
mALB1,0,,2,mALB1,cb_intrinsic
mALB2,0,,2,mALB2,cb_intrinsic
mALD1,0,,2,mALD1,cb_intrinsic
mALD2,0,,2,LoVC20,cb_intrinsic
mALD4,0,,2,mALD4,cb_intrinsic
pC1b,0,,2,pC1x_b,cb_intrinsic
v2LN31,0,,2,v2LN31,cb_intrinsic
v2LN3A1_a,0,,2,v2LN3A1_a,cb_intrinsic
v2LN41a,0,,2,v2LN41,cb_intrinsic
v2LN42a,0,,2,v2LN42,cb_intrinsic
v2LNX01,0,,2,v2LNX01,cb_intrinsic
vLN24,0,,2,vLN24,cb_intrinsic
vLN26,0,,2,vLN26,cb_intrinsic
vLN27,0,,2,vLN27,cb_intrinsic
AN_GNG_109,0,,1,AN05B007,ascending_neuron
AN_GNG_122,0,,1,AN08B097,ascending_neuron
AN_GNG_133,0,,1,AN00A002,ascending_neuron
AN_GNG_153,0,,1,AN05B029,ascending_neuron
AN_GNG_185,0,,1,AN08B089,ascending_neuron
AN_GNG_74,0,,1,AN05B027,ascending_neuron
AN_GNG_FLA_1,0,,1,AN05B026,ascending_neuron
AN_GNG_SAD_18,0,,1,AN05B006,ascending_neuron
AOTU054,0,,1,AOTU054,cb_intrinsic
AVLP014,0,,1,AVLP014,cb_intrinsic
AVLP030,0,,1,AVLP030,cb_intrinsic
AVLP037,0,,1,AVLP037,cb_intrinsic
"AVLP096,AVLP256,AVLP255,WED014",0,,1,WED013,cb_intrinsic
AVLP105b,0,,1,AVLP105,cb_intrinsic
CB0407,0,,1,GNG528,cb_intrinsic
CB0436,0,,1,GNG522,cb_intrinsic
CB0548,0,,1,PRW057,cb_intrinsic
CB0648,0,,1,CB0648,cb_intrinsic
CB0683,0,,1,CB0683,cb_intrinsic
CB0778,0,,1,GNG470,cb_intrinsic
"CB0825,CB3004",0,,1,,cb_intrinsic
"CB1099,CB1620",0,,1,,cb_intrinsic
CB1116,0,,1,CB1116,cb_intrinsic
"CB1304,CB2233",0,,1,,cb_intrinsic
CB1652,0,,1,CB1652,cb_intrinsic
CB1828,0,,1,SMP736,cb_intrinsic
CB2055,0,,1,GNG388,cb_intrinsic
CB2416,0,,1,CB2416,cb_intrinsic
CB2718,0,,1,GNG384,cb_intrinsic
CB2743,0,,1,CB2743,cb_intrinsic
CB2865b,0,,1,WEDPN7A,cb_intrinsic
CB2889,0,,1,CB2889,cb_intrinsic
"CB2968,CB3438",0,,1,PRW024,cb_intrinsic
CB3008,0,,1,CB3008,cb_intrinsic
CB3071,0,,1,CB3071,cb_intrinsic
CB3130,0,,1,SLP164,cb_intrinsic
CB3134b,0,,1,LHAV6b3,cb_intrinsic
CB3178,0,,1,AVLP345_b,cb_intrinsic
CB3332,0,,1,CB3332,cb_intrinsic
"CB3377,CB3234",0,,1,,cb_intrinsic
CB3407,0,,1,CB3407,cb_intrinsic
CB3766,0,,1,SMP227,cb_intrinsic
CB3875,0,,1,SAD109,cb_intrinsic
CB3876,0,,1,SAD103,cb_intrinsic
CB3878,0,,1,SAD096,cb_intrinsic
CB3881,0,,1,WED185,cb_intrinsic
CB3885,0,,1,GNG004,cb_intrinsic
CB3887,0,,1,GNG006,cb_intrinsic
CB3892a,0,,1,GNG297,cb_intrinsic
CB3892b,0,,1,GNG298,cb_intrinsic
CB3898,0,,1,GNG344,cb_intrinsic
CB3901,0,,1,GNG299,cb_intrinsic
CB3902,0,,1,GNG005,cb_intrinsic
CB3903,0,,1,GNG343,cb_intrinsic
CB3904,0,,1,GNG343,cb_intrinsic
CB3911,0,,1,WED196,cb_intrinsic
CB3913,0,,1,WED189,cb_intrinsic
CB3914,0,,1,WED187,cb_intrinsic
CB3916,0,,1,GNG003,cb_intrinsic
CB3924,0,,1,GNG337,cb_intrinsic
CB3933,0,,1,CB3933,cb_intrinsic
CB3950b,0,,1,CB3950b,cb_intrinsic
CB3958,0,,1,GNG002,cb_intrinsic
CB3997,0,,1,SAD115,cb_intrinsic
CB4019,0,,1,CB4019,cb_intrinsic
CB4058,0,,1,GNG001,cb_intrinsic
CB4203,0,,1,PRW004,cb_intrinsic
CB4247,0,,1,CB4247,cb_intrinsic
CL121,0,,1,CL12X,cb_intrinsic
DNge150,0,,1,DNge150,descending_neuron
DNge151,0,,1,DNge151,descending_neuron
FB3D,0,,1,FB3D,cb_intrinsic
JO-EV4,0,,1,JO-EV4,cb_sensory
LHAD1f4a,0,,1,LHAD1f4,cb_intrinsic
LHAD2c3a,0,,1,LHAD2c3,cb_intrinsic
LHAV2a3b,0,,1,LHAV2a3,cb_intrinsic
LHPV2i1,0,,1,LHPV2i1,cb_intrinsic
LHPV4a7b,0,,1,LHPV4a7,cb_intrinsic
PS210,0,,1,PS210,cb_intrinsic
SA_VTV_8,0,,1,LgAG3,sensory_ascending
SIP090,0,,1,SIP090,cb_intrinsic
SMP025b,0,,1,SMP025,cb_intrinsic
SMP331c,0,,1,SMP331,cb_intrinsic
TRN_VP3b,0,,1,TRN_VP3b,cb_sensory
lLN9,0,,1,lLN9,cb_intrinsic
