cell_type_name,female_n,female_broad_class,male_n,male_cell_type,male_superclass,category
AN_4_None,168,sensory neuron,0,,,female_specific
SNppxx,148,sensory neuron,0,,,female_specific
SNxxxx,142,sensory neuron,0,,,female_specific
SNxx03,126,sensory neuron,0,,,female_specific
CB3830,120,CNS neuron,0,,,female_specific
SNch05,116,sensory neuron,0,,,female_specific
CB3819,105,CNS neuron,0,,,female_specific
Dm3,103,CNS neuron,0,,,female_specific
TmY18,99,CNS neuron,0,,,female_specific
SNta29,95,sensory neuron,0,,,female_specific
SNpp39,94,sensory neuron,0,,,female_specific
SNta37,93,sensory neuron,0,,,female_specific
SNxx04,87,sensory neuron,0,,,female_specific
PFNp_b,86,,0,,,female_specific
SNpp50,85,sensory neuron,0,,,female_specific
SNpp45,78,sensory neuron,0,,,female_specific
JO-E,77,sensory neuron,0,,,female_specific
SNta44,74,sensory neuron,0,,,female_specific
SNpp60,71,sensory neuron,0,,,female_specific
CB3848,69,CNS neuron,0,,,female_specific
JO-F,69,sensory neuron,0,,,female_specific
SNta20,64,sensory neuron,0,,,female_specific
mAL,64,,0,,,female_specific
SNta43,61,sensory neuron,0,,,female_specific
SNta38,60,sensory neuron,0,,,female_specific
SNch10,57,sensory neuron,0,,,female_specific
SNta21,57,sensory neuron,0,,,female_specific
PFNp_a,55,,0,,,female_specific
SNpp47,54,sensory neuron,0,,,female_specific
Acc. ti flexor MN,52,efferent neuron,0,,,female_specific
SNxx05,52,sensory neuron,0,,,female_specific
CB3828,50,CNS neuron,0,,,female_specific
SNpp52,49,sensory neuron,0,,,female_specific
CB3823,46,,0,,,female_specific
SNta30,44,sensory neuron,0,,,female_specific
TPMN,43,sensory neuron,0,,,female_specific
AMMC B1,42,CNS neuron,0,,,female_specific
SNpp41,42,sensory neuron,0,,,female_specific
SNta45,40,sensory neuron,0,,,female_specific
SNta42,39,sensory neuron,0,,,female_specific
SNxx06,38,sensory neuron,0,,,female_specific
SNch06,37,sensory neuron,0,,,female_specific
SNta28,37,sensory neuron,0,,,female_specific
PFNp_d,35,,0,,,female_specific
SNta32,35,sensory neuron,0,,,female_specific
SNta39,35,sensory neuron,0,,,female_specific
Tm6,34,CNS neuron,0,,,female_specific
JO-EDM,33,sensory neuron,0,,,female_specific
Tr flexor MN,33,efferent neuron,0,,,female_specific
IN19A117,32,CNS neuron,0,,,female_specific
SNch09,32,sensory neuron,0,,,female_specific
SNta34,32,sensory neuron,0,,,female_specific
SNta35,32,sensory neuron,0,,,female_specific
AN_GNG_165,31,sensory neuron,0,,,female_specific
SLPa&l1_anterior__0,31,,0,,,female_specific
SNpp19,31,sensory neuron,0,,,female_specific
SNta04,31,sensory neuron,0,,,female_specific
JO-EVM,30,sensory neuron,0,,,female_specific
SNch11,30,sensory neuron,0,,,female_specific
SNpp43,30,sensory neuron,0,,,female_specific
PFNp_e,29,,0,,,female_specific
SNta09,29,sensory neuron,0,,,female_specific
SApp08,28,sensory neuron,0,,,female_specific
SNpp51,28,sensory neuron,0,,,female_specific
SApp10,27,sensory neuron,0,,,female_specific
SNpp59,27,sensory neuron,0,,,female_specific
SNta23,27,sensory neuron,0,,,female_specific
BM_Ant,26,sensory neuron,0,,,female_specific
BM_dPoOr,26,sensory neuron,0,,,female_specific
IN19A060,26,,0,,,female_specific
INXXX258,26,,0,,,female_specific
SApp07,26,sensory neuron,0,,,female_specific
SNxx01,26,sensory neuron,0,,,female_specific
FS1A,25,,0,,,female_specific
IN03B060,25,,0,,,female_specific
SApp09,25,sensory neuron,0,,,female_specific
SNch01,25,sensory neuron,0,,,female_specific
SNpp40,25,sensory neuron,0,,,female_specific
SNpp58,25,sensory neuron,0,,,female_specific
lLN2P,25,sensory neuron,0,,,female_specific
DNg02,24,CNS neuron,0,,,female_specific
INXXX360,24,sensory neuron,0,,,female_specific
KCab-m,24,CNS neuron,0,,,female_specific
PFNp_c,24,,0,,,female_specific
SApp05,24,sensory neuron,0,,,female_specific
SNch03,24,sensory neuron,0,,,female_specific
m-NSC,24,efferent neuron,0,,,female_specific
CB3832,23,,0,,,female_specific
JO-EVL,23,sensory neuron,0,,,female_specific
PS005,23,,0,,,female_specific
SNta26,23,sensory neuron,0,,,female_specific
Ti flexor MN,23,efferent neuron,0,,,female_specific
Tm12,23,CNS neuron,0,,,female_specific
vDeltaI,23,,0,,,female_specific
SNxx14,22,sensory neuron,0,,,female_specific
DNut042,21,CNS neuron,0,,,female_specific
IN19A106,21,,0,,,female_specific
IN20A.22A055,21,,0,,,female_specific
IN21A087,21,glia,0,,,female_specific
INXXX230,21,,0,,,female_specific
SNpp56,21,sensory neuron,0,,,female_specific
SNta25,21,sensory neuron,0,,,female_specific
SNta27,21,sensory neuron,0,,,female_specific
SNta40,21,sensory neuron,0,,,female_specific
SNtaxx,21,sensory neuron,0,,,female_specific
taste peg,21,sensory neuron,0,,,female_specific
IN03B066,20,,0,,,female_specific
IN19A088,20,,0,,,female_specific
MC62,20,,0,,,female_specific
SApp23,20,sensory neuron,0,,,female_specific
TN1-like,20,,0,,,female_specific
CB1138,19,,0,,,female_specific
ER2_c,19,,0,,,female_specific
Fe reductor MN,19,efferent neuron,0,,,female_specific
IN03B058,19,,0,,,female_specific
IN03B086,19,,0,,,female_specific
IN06A106,19,,0,,,female_specific
SNta31,19,sensory neuron,0,,,female_specific
SNta41,19,sensory neuron,0,,,female_specific
SNxx22,19,sensory neuron,0,,,female_specific
accessory_pharyngeal_nerve_sensory_group2,19,sensory neuron,0,,,female_specific
AN_GNG_196,18,sensory neuron,0,,,female_specific
CB1225,18,,0,,,female_specific
IN06A064,18,efferent neuron,0,,,female_specific
IN06A082,18,,0,,,female_specific
IN06A113,18,sensory neuron,0,,,female_specific
IN06A117,18,,0,,,female_specific
INXXX287,18,,0,,,female_specific
KCab-c,18,CNS neuron,0,,,female_specific
LLPC2c,18,,0,,,female_specific
SA_DMT_DMetaN_12,18,sensory neuron,0,,,female_specific
SAch01,18,sensory neuron,0,,,female_specific
SNch12,18,sensory neuron,0,,,female_specific
cLPTCrn,18,CNS neuron,0,,,female_specific
CB1786,17,,0,,,female_specific
CB3837,17,,0,,,female_specific
Dm8,17,CNS neuron,0,,,female_specific
IN19A108,17,,0,,,female_specific
LB3a,17,sensory neuron,0,,,female_specific
SApp03,17,sensory neuron,0,,,female_specific
SApp22,17,sensory neuron,0,,,female_specific
SNch02,17,sensory neuron,0,,,female_specific
SNpp22,17,sensory neuron,0,,,female_specific
SNxx33,17,sensory neuron,0,,,female_specific
ltm1-tibia MN,17,efferent neuron,0,,,female_specific
AN_GNG_184,16,,0,,,female_specific
CB0958,16,,0,,,female_specific
ER3a_b,16,,0,,,female_specific
ER3w_b,16,,0,,,female_specific
IN01A051,16,,0,,,female_specific
IN03B089,16,,0,,,female_specific
IN06A059,16,,0,,,female_specific
IN07B073,16,,0,,,female_specific
IN08A043,16,,0,,,female_specific
IN11B016,16,,0,,,female_specific
IN12B044,16,,0,,,female_specific
IN13A068,16,,0,,,female_specific
INXXX334,16,,0,,,female_specific
INXXX341,16,,0,,,female_specific
SA_DMT_DMetaN,16,sensory neuron,0,,,female_specific
SApp01,16,sensory neuron,0,,,female_specific
SNpp57,16,sensory neuron,0,,,female_specific
SNta24,16,sensory neuron,0,,,female_specific
IN06A104,15,CNS neuron,0,,,female_specific
IN06A116,15,,0,,,female_specific
IN08A041,15,CNS neuron,0,,,female_specific
IN13A055,15,CNS neuron,0,,,female_specific
INXXX378,15,glia,0,,,female_specific
JO-EV,15,sensory neuron,0,,,female_specific
SNta03,15,sensory neuron,0,,,female_specific
SNta19,15,sensory neuron,0,,,female_specific
SNxx17,15,sensory neuron,0,,,female_specific
AN_GNG_179,14,CNS neuron,0,,,female_specific
CB3851,14,CNS neuron,0,,,female_specific
IN03B069,14,,0,,,female_specific
IN06A022,14,,0,,,female_specific
IN06A075,14,,0,,,female_specific
IN07B061,14,,0,,,female_specific
IN11B014,14,,0,,,female_specific
IN11B021,14,,0,,,female_specific
IN11B022,14,,0,,,female_specific
IN13A061,14,CNS neuron,0,,,female_specific
IN13A062,14,,0,,,female_specific
IN16B075,14,,0,,,female_specific
IN20A.22A030,14,,0,,,female_specific
IN20A.22A073,14,,0,,,female_specific
INXXX448,14,,0,,,female_specific
LB1a,14,sensory neuron,0,,,female_specific
SApp15,14,sensory neuron,0,,,female_specific
SApp17,14,sensory neuron,0,,,female_specific
SNch07,14,sensory neuron,0,,,female_specific
SNpp17,14,sensory neuron,0,,,female_specific
SNta02,14,sensory neuron,0,,,female_specific
dMS2,14,,0,,,female_specific
AN_GNG_192,13,sensory neuron,0,,,female_specific
CB3829,13,,0,,,female_specific
CB3834,13,CNS neuron,0,,,female_specific
ER1_b,13,,0,,,female_specific
FC1B,13,,0,,,female_specific
FC1E,13,,0,,,female_specific
IN03B072,13,,0,,,female_specific
IN06A132,13,sensory neuron,0,,,female_specific
IN11A021,13,,0,,,female_specific
IN13A029,13,,0,,,female_specific
IN13A040,13,,0,,,female_specific
IN13A051,13,CNS neuron,0,,,female_specific
IN19A093,13,CNS neuron,0,,,female_specific
IN21A037,13,,0,,,female_specific
INXXX247,13,,0,,,female_specific
INXXX332,13,,0,,,female_specific
INXXX454,13,,0,,,female_specific
JO-EDP,13,sensory neuron,0,,,female_specific
SApp06,13,sensory neuron,0,,,female_specific
SNpp02,13,sensory neuron,0,,,female_specific
SNpp44,13,sensory neuron,0,,,female_specific
SNta11,13,sensory neuron,0,,,female_specific
CB1791,12,,0,,,female_specific
DNnt011,12,CNS neuron,0,,,female_specific
ER3a_a,12,,0,,,female_specific
ER3p_a,12,,0,,,female_specific
IN01B027,12,,0,,,female_specific
IN03A062,12,,0,,,female_specific
IN04B074,12,,0,,,female_specific
IN04B078,12,,0,,,female_specific
IN08B036,12,,0,,,female_specific
IN11A032,12,,0,,,female_specific
IN11B020,12,,0,,,female_specific
IN12B072,12,,0,,,female_specific
IN13A050,12,CNS neuron,0,,,female_specific
IN13B090,12,,0,,,female_specific
IN20A.22A024,12,,0,,,female_specific
INXXX240,12,,0,,,female_specific
INXXX354,12,,0,,,female_specific
Pm2,12,CNS neuron,0,,,female_specific
SApp02,12,sensory neuron,0,,,female_specific
SNch04,12,sensory neuron,0,,,female_specific
SNta33,12,sensory neuron,0,,,female_specific
Sternal anterior rotator MN,12,efferent neuron,0,,,female_specific
Sternal posterior rotator MN,12,efferent neuron,0,,,female_specific
ltm MN,12,efferent neuron,0,,,female_specific
w-cHIN,12,,0,,,female_specific
Acc. tr flexor MN,11,efferent neuron,0,,,female_specific
BM_FrOr,11,sensory neuron,0,,,female_specific
CB2865,11,,0,,,female_specific
CB3831,11,,0,,,female_specific
CRE043,11,,0,,,female_specific
ER2_a,11,,0,,,female_specific
FC1F,11,,0,,,female_specific
IN01B086,11,sensory neuron,0,,,female_specific
IN03A046,11,,0,,,female_specific
IN03A068,11,,0,,,female_specific
IN03B061,11,,0,,,female_specific
IN03B070,11,,0,,,female_specific
IN03B077,11,,0,,,female_specific
IN04B068,11,,0,,,female_specific
IN05B090,11,,0,,,female_specific
IN06B066,11,,0,,,female_specific
IN08A036,11,CNS neuron,0,,,female_specific
IN09A090,11,,0,,,female_specific
IN09B038,11,,0,,,female_specific
IN11B017,11,,0,,,female_specific
IN12A059,11,,0,,,female_specific
IN19A016,11,CNS neuron,0,,,female_specific
IN19A064,11,,0,,,female_specific
IN19A098,11,CNS neuron,0,,,female_specific
IN19A122,11,,0,,,female_specific
IN19B068,11,,0,,,female_specific
IN20A.22A021,11,,0,,,female_specific
IN20A.22A038,11,,0,,,female_specific
IN20A.22A043,11,,0,,,female_specific
IN20A.22A048,11,,0,,,female_specific
IN20A.22A067,11,,0,,,female_specific
INXXX228,11,,0,,,female_specific
INXXX290,11,,0,,,female_specific
INXXX297,11,,0,,,female_specific
INXXX336,11,,0,,,female_specific
INXXX363,11,,0,,,female_specific
INXXX395,11,,0,,,female_specific
LAL034,11,,0,,,female_specific
Mt4,11,CNS neuron,0,,,female_specific
OCI,11,,0,,,female_specific
PI,11,efferent neuron,0,,,female_specific
SA_VTV_3,11,sensory neuron,0,,,female_specific
SNpp18,11,sensory neuron,0,,,female_specific
SNxx02,11,sensory neuron,0,,,female_specific
SNxx10,11,sensory neuron,0,,,female_specific
Sternotrochanter MN,11,efferent neuron,0,,,female_specific
pharyngeal_nerve_sensory_group2,11,sensory neuron,0,,,female_specific
uLPTCrn,11,CNS neuron,0,,,female_specific
AN_GNG_166,10,,0,,,female_specific
CB2740,10,,0,,,female_specific
CB2990,10,,0,,,female_specific
CB3803,10,CNS neuron,0,,,female_specific
DM5_ventral__0,10,,0,,,female_specific
DNut046,10,CNS neuron,0,,,female_specific
ENXXX226,10,efferent neuron,0,,,female_specific
ER1_a,10,,0,,,female_specific
FS1B,10,,0,,,female_specific
GFC3,10,,0,,,female_specific
IN01A045,10,,0,,,female_specific
IN03B071,10,,0,,,female_specific
IN03B091,10,,0,,,female_specific
IN08A026,10,CNS neuron,0,,,female_specific
IN08A028,10,,0,,,female_specific
IN11B015,10,,0,,,female_specific
IN12A063,10,,0,,,female_specific
IN13A038,10,CNS neuron,0,,,female_specific
IN13A045,10,,0,,,female_specific
IN13A047,10,CNS neuron,0,,,female_specific
IN14A023,10,CNS neuron,0,,,female_specific
IN17A061,10,CNS neuron,0,,,female_specific
IN19A041,10,,0,,,female_specific
IN19A061,10,CNS neuron,0,,,female_specific
IN19A073,10,,0,,,female_specific
IN20A.22A018,10,,0,,,female_specific
IN20A.22A035,10,,0,,,female_specific
IN20A.22A036,10,,0,,,female_specific
IN20A.22A060,10,,0,,,female_specific
IN21A047,10,,0,,,female_specific
IN21A058,10,,0,,,female_specific
IN23B060,10,,0,,,female_specific
INXXX161,10,,0,,,female_specific
INXXX315,10,,0,,,female_specific
INXXX411,10,,0,,,female_specific
INXXX429,10,,0,,,female_specific
JO-FDL,10,sensory neuron,0,,,female_specific
KCa'b'-ap2,10,CNS neuron,0,,,female_specific
LC10,10,CNS neuron,0,,,female_specific
MNad13,10,efferent neuron,0,,,female_specific
SAchxx,10,sensory neuron,0,,,female_specific
SApp12,10,sensory neuron,0,,,female_specific
SMP106a,10,,0,,,female_specific
SNpp01,10,sensory neuron,0,,,female_specific
SNxx20,10,sensory neuron,0,,,female_specific
SNxx29,10,sensory neuron,0,,,female_specific
Ti extensor MN,10,efferent neuron,0,,,female_specific
WED031,10,,0,,,female_specific
WED143,10,,0,,,female_specific
ltm2-femur MN,10,efferent neuron,0,,,female_specific
CB1329,9,,0,,,female_specific
CB1761,9,,0,,,female_specific
CB2317,9,,0,,,female_specific
CB3275,9,,0,,,female_specific
DNht001,9,CNS neuron,0,,,female_specific
DNut054,9,CNS neuron,0,,,female_specific
DProN_d,9,efferent neuron,0,,,female_specific
EN00B026,9,efferent neuron,0,,,female_specific
ER3d_a,9,,0,,,female_specific
FB9B_c,9,,0,,,female_specific
FC1A,9,,0,,,female_specific
GFC4,9,,0,,,female_specific
IN02A059,9,,0,,,female_specific
IN03A064,9,,0,,,female_specific
IN03A087,9,,0,,,female_specific
IN03B079,9,,0,,,female_specific
IN03B093,9,,0,,,female_specific
IN05B085,9,,0,,,female_specific
IN06A063,9,,0,,,female_specific
IN06A067,9,,0,,,female_specific
IN06A094,9,glia,0,,,female_specific
IN06B056,9,,0,,,female_specific
IN09A057,9,,0,,,female_specific
IN09A079,9,,0,,,female_specific
IN11A027,9,,0,,,female_specific
IN12B063,9,,0,,,female_specific
IN12B079,9,,0,,,female_specific
IN13A018,9,,0,,,female_specific
IN13A030,9,,0,,,female_specific
IN13A034,9,,0,,,female_specific
IN13A041,9,CNS neuron,0,,,female_specific
IN13A042,9,CNS neuron,0,,,female_specific
IN13B027,9,,0,,,female_specific
IN17A028,9,,0,,,female_specific
IN17A052,9,CNS neuron,0,,,female_specific
IN19A096,9,CNS neuron,0,,,female_specific
IN20A.22A039,9,,0,,,female_specific
IN20A.22A071,9,,0,,,female_specific
IN21A041,9,,0,,,female_specific
INXXX058,9,,0,,,female_specific
INXXX246,9,,0,,,female_specific
INXXX269,9,,0,,,female_specific
INXXX346,9,,0,,,female_specific
JO-FVA,9,sensory neuron,0,,,female_specific
LB2,9,sensory neuron,0,,,female_specific
MC61,9,CNS neuron,0,,,female_specific
Pleural remotor/abductor MN,9,efferent neuron,0,,,female_specific
SA_DMT_DMetaN_8,9,,0,,,female_specific
SApp11,9,sensory neuron,0,,,female_specific
TuBu09,9,,0,,,female_specific
aSP-f4,9,,0,,,female_specific
abdominal_ppk_neuron,9,sensory neuron,0,,,female_specific
AN_5_None,8,,0,,,female_specific
AN_GNG_77,8,,0,,,female_specific
APDN3,8,,0,,,female_specific
BM_Fr,8,sensory neuron,0,,,female_specific
BM_InOc,8,sensory neuron,0,,,female_specific
CB0948,8,,0,,,female_specific
CB0979,8,,0,,,female_specific
CB1231,8,,0,,,female_specific
CB1341,8,,0,,,female_specific
CB1587,8,,0,,,female_specific
CB2358,8,,0,,,female_specific
CB2795,8,,0,,,female_specific
CL210,8,,0,,,female_specific
DLMn c-f,8,efferent neuron,0,,,female_specific
DNxn109,8,CNS neuron,0,,,female_specific
FB4F_a,8,,0,,,female_specific
FB8A,8,,0,,,female_specific
Hugin-PC,8,,0,,,female_specific
IN02A030,8,,0,,,female_specific
IN02A054,8,,0,,,female_specific
IN03A067,8,,0,,,female_specific
IN03B063,8,,0,,,female_specific
IN03B092,8,,0,,,female_specific
IN05B072,8,,0,,,female_specific
IN06A019,8,,0,,,female_specific
IN06A076,8,,0,,,female_specific
IN06A079,8,,0,,,female_specific
IN06A110,8,,0,,,female_specific
IN06A133,8,,0,,,female_specific
IN06A136,8,,0,,,female_specific
IN06B073,8,,0,,,female_specific
IN08A015,8,,0,,,female_specific
IN09A096,8,CNS neuron,0,,,female_specific
IN09B043,8,CNS neuron,0,,,female_specific
IN09B046,8,,0,,,female_specific
IN11A003,8,,0,,,female_specific
IN11A014,8,,0,,,female_specific
IN11B018,8,,0,,,female_specific
IN11B019,8,,0,,,female_specific
IN12A043,8,,0,,,female_specific
IN12B048,8,,0,,,female_specific
IN13A035,8,,0,,,female_specific
IN13A059,8,,0,,,female_specific
IN13B054,8,sensory neuron,0,,,female_specific
IN14A020,8,,0,,,female_specific
IN16B032,8,,0,,,female_specific
IN16B088,8,,0,,,female_specific
IN17A111,8,,0,,,female_specific
IN19A005,8,,0,,,female_specific
IN19A011,8,CNS neuron,0,,,female_specific
IN19A048,8,,0,,,female_specific
IN19A069,8,,0,,,female_specific
IN19B089,8,,0,,,female_specific
IN19B091,8,,0,,,female_specific
IN20A.22A074,8,,0,,,female_specific
IN21A015,8,CNS neuron,0,,,female_specific
IN21A017,8,sensory neuron,0,,,female_specific
IN21A078,8,,0,,,female_specific
INXXX158,8,,0,,,female_specific
INXXX211,8,,0,,,female_specific
INXXX231,8,,0,,,female_specific
INXXX353,8,,0,,,female_specific
INXXX396,8,,0,,,female_specific
INXXX405,8,,0,,,female_specific
INXXX426,8,,0,,,female_specific
INXXX443,8,,0,,,female_specific
INXXX446,8,,0,,,female_specific
INXXX468,8,,0,,,female_specific
LLPC2a,8,,0,,,female_specific
LLPC2b,8,,0,,,female_specific
PFNm_a,8,,0,,,female_specific
PS087,8,,0,,,female_specific
PS209,8,,0,,,female_specific
SAD007,8,,0,,,female_specific
SAxx02,8,sensory neuron,0,,,female_specific
SAxxxx,8,sensory neuron,0,,,female_specific
SIP020,8,,0,,,female_specific
SNch14,8,sensory neuron,0,,,female_specific
SNpp20,8,sensory neuron,0,,,female_specific
SNpp42,8,sensory neuron,0,,,female_specific
Tergotr. MN,8,efferent neuron,0,,,female_specific
Tr extensor MN,8,efferent neuron,0,,,female_specific
WED015,8,,0,,,female_specific
WED026,8,,0,,,female_specific
ANXXX202,7,sensory neuron,0,,,female_specific
AN_GNG_147,7,CNS neuron,0,,,female_specific
AN_GNG_90,7,sensory neuron,0,,,female_specific
AVLP026,7,,0,,,female_specific
AVLP028,7,,0,,,female_specific
AVLP194,7,,0,,,female_specific
BM_dOcci,7,sensory neuron,0,,,female_specific
CB1298,7,,0,,,female_specific
CB1466,7,,0,,,female_specific
CB1861,7,,0,,,female_specific
CB2188,7,,0,,,female_specific
CB2344,7,,0,,,female_specific
CB2376,7,,0,,,female_specific
CB2519,7,,0,,,female_specific
CB2580,7,,0,,,female_specific
CB2928,7,,0,,,female_specific
CB3102,7,,0,,,female_specific
CB3287,7,,0,,,female_specific
CoHP8,7,sensory neuron,0,,,female_specific
CvN1-3,7,efferent neuron,0,,,female_specific
DNg08,7,CNS neuron,0,,,female_specific
ER3a_d,7,,0,,,female_specific
ER3d_c,7,,0,,,female_specific
IN03A052,7,,0,,,female_specific
IN03A060,7,,0,,,female_specific
IN03A089,7,,0,,,female_specific
IN03B035,7,,0,,,female_specific
IN03B065,7,,0,,,female_specific
IN03B074,7,,0,,,female_specific
IN03B080,7,,0,,,female_specific
IN03B083,7,,0,,,female_specific
IN04B027,7,,0,,,female_specific
IN04B031,7,,0,,,female_specific
IN05B086,7,,0,,,female_specific
IN06A044,7,,0,,,female_specific
IN06A057,7,,0,,,female_specific
IN06A102,7,,0,,,female_specific
IN06A130,7,,0,,,female_specific
IN07B054,7,,0,,,female_specific
IN07B055,7,,0,,,female_specific
IN08A031,7,,0,,,female_specific
IN08B008,7,,0,,,female_specific
IN08B068,7,,0,,,female_specific
IN08B083,7,,0,,,female_specific
IN09A043,7,CNS neuron,0,,,female_specific
IN09B005,7,,0,,,female_specific
IN11A007,7,glia,0,,,female_specific
IN11B013,7,,0,,,female_specific
IN11B023,7,,0,,,female_specific
IN12A036,7,,0,,,female_specific
IN12A044,7,,0,,,female_specific
IN13A024,7,,0,,,female_specific
IN13A028,7,,0,,,female_specific
IN13A036,7,,0,,,female_specific
IN13A060,7,CNS neuron,0,,,female_specific
IN13B036,7,,0,,,female_specific
IN16B061,7,CNS neuron,0,,,female_specific
IN16B077,7,CNS neuron,0,,,female_specific
IN16B086,7,,0,,,female_specific
IN17A025,7,CNS neuron,0,,,female_specific
IN17A064,7,,0,,,female_specific
IN19A008,7,,0,,,female_specific
IN19A015,7,efferent neuron,0,,,female_specific
IN19A071,7,,0,,,female_specific
IN19A084,7,,0,,,female_specific
IN19A100,7,,0,,,female_specific
IN20A.22A007,7,,0,,,female_specific
IN20A.22A026,7,,0,,,female_specific
IN20A.22A028,7,,0,,,female_specific
IN20A.22A051,7,,0,,,female_specific
IN21A001,7,efferent neuron,0,,,female_specific
IN21A042,7,,0,,,female_specific
IN21A056,7,,0,,,female_specific
IN23B072,7,,0,,,female_specific
INXXX217,7,,0,,,female_specific
INXXX253,7,,0,,,female_specific
INXXX281,7,,0,,,female_specific
INXXX321,7,CNS neuron,0,,,female_specific
INXXX370,7,,0,,,female_specific
INXXX381,7,sensory neuron,0,,,female_specific
INXXX401,7,,0,,,female_specific
INXXX402,7,,0,,,female_specific
INXXX427,7,sensory neuron,0,,,female_specific
INXXX436,7,,0,,,female_specific
INXXX440,7,,0,,,female_specific
INXXX464,7,CNS neuron,0,,,female_specific
LAL056,7,,0,,,female_specific
LAL059,7,,0,,,female_specific
LC31b,7,,0,,,female_specific
MNad05,7,efferent neuron,0,,,female_specific
MNad14,7,efferent neuron,0,,,female_specific
PS150,7,,0,,,female_specific
PVLP074,7,,0,,,female_specific
SA_DLV,7,sensory neuron,0,,,female_specific
SA_VTV_2,7,sensory neuron,0,,,female_specific
SAch02,7,sensory neuron,0,,,female_specific
SApp13,7,sensory neuron,0,,,female_specific
SApp19,7,sensory neuron,0,,,female_specific
SAppxx,7,sensory neuron,0,,,female_specific
SAxx01,7,sensory neuron,0,,,female_specific
SMP173,7,,0,,,female_specific
SMP319,7,,0,,,female_specific
SNpp34,7,sensory neuron,0,,,female_specific
Tm5Y,7,CNS neuron,0,,,female_specific
accessory_pharyngeal_nerve_sensory_group1,7,sensory neuron,0,,,female_specific
l-NSC-ITP,7,efferent neuron,0,,,female_specific
AN04B003,6,,0,,,female_specific
AN07B072,6,,0,,,female_specific
AN07B082,6,,0,,,female_specific
AN08B079,6,,0,,,female_specific
AN_3_None,6,,0,,,female_specific
AN_GNG_135,6,,0,,,female_specific
AN_GNG_137,6,,0,,,female_specific
AOTU039,6,,0,,,female_specific
CB.FB5B0,6,,0,,,female_specific
CB.FB8C2,6,,0,,,female_specific
CB0739,6,,0,,,female_specific
CB0959,6,,0,,,female_specific
CB0962,6,,0,,,female_specific
CB1038,6,,0,,,female_specific
CB1102,6,,0,,,female_specific
CB1198,6,CNS neuron,0,,,female_specific
CB1394,6,,0,,,female_specific
CB1496,6,,0,,,female_specific
CB1528,6,,0,,,female_specific
CB1580,6,,0,,,female_specific
CB1635,6,,0,,,female_specific
CB1760,6,,0,,,female_specific
CB1776,6,,0,,,female_specific
CB2213,6,,0,,,female_specific
CB2258,6,,0,,,female_specific
CB2384,6,,0,,,female_specific
CB2891,6,,0,,,female_specific
CB3283,6,,0,,,female_specific
CB3639,6,,0,,,female_specific
DM4_CX_p__0,6,,0,,,female_specific
DNg92,6,CNS neuron,0,,,female_specific
DNxn144,6,CNS neuron,0,,,female_specific
DVMn 1a-c,6,efferent neuron,0,,,female_specific
FB2D,6,,0,,,female_specific
FB3C,6,,0,,,female_specific
H2rn,6,CNS neuron,0,,,female_specific
IN01A061,6,sensory neuron,0,,,female_specific
IN01B016,6,sensory neuron,0,,,female_specific
IN02A044,6,,0,,,female_specific
IN02A049,6,,0,,,female_specific
IN03A026,6,,0,,,female_specific
IN03A036,6,,0,,,female_specific
IN03A037,6,,0,,,female_specific
IN03A051,6,,0,,,female_specific
IN03A073,6,glia,0,,,female_specific
IN03A077,6,,0,,,female_specific
IN03B021,6,,0,,,female_specific
IN03B054,6,,0,,,female_specific
IN03B090,6,,0,,,female_specific
IN04B029,6,,0,,,female_specific
IN04B054,6,,0,,,female_specific
IN04B080,6,,0,,,female_specific
IN04B081,6,glia,0,,,female_specific
IN04B091,6,,0,,,female_specific
IN04B101,6,,0,,,female_specific
IN05B065,6,,0,,,female_specific
IN06A066,6,,0,,,female_specific
IN06A070,6,,0,,,female_specific
IN06A083,6,,0,,,female_specific
IN06A085,6,,0,,,female_specific
IN06A098,6,,0,,,female_specific
IN06A108,6,,0,,,female_specific
IN06A119,6,,0,,,female_specific
IN06B028,6,,0,,,female_specific
IN06B080,6,,0,,,female_specific
IN06B087,6,,0,,,female_specific
IN07B007,6,,0,,,female_specific
IN07B087,6,glia,0,,,female_specific
IN07B098,6,,0,,,female_specific
IN08B070,6,,0,,,female_specific
IN09A012,6,CNS neuron,0,,,female_specific
IN09A071,6,CNS neuron,0,,,female_specific
IN09A092,6,,0,,,female_specific
IN11A022,6,,0,,,female_specific
IN11A025,6,,0,,,female_specific
IN11A028,6,,0,,,female_specific
IN11A040,6,,0,,,female_specific
IN11B004,6,,0,,,female_specific
IN12A057,6,,0,,,female_specific
IN12A061,6,,0,,,female_specific
IN12B029,6,,0,,,female_specific
IN13A001,6,,0,,,female_specific
IN13A002,6,,0,,,female_specific
IN13A003,6,,0,,,female_specific
IN13A005,6,CNS neuron,0,,,female_specific
IN13A006,6,,0,,,female_specific
IN13A007,6,,0,,,female_specific
IN13A008,6,,0,,,female_specific
IN13A010,6,CNS neuron,0,,,female_specific
IN13A012,6,CNS neuron,0,,,female_specific
IN13A014,6,,0,,,female_specific
IN13A015,6,CNS neuron,0,,,female_specific
IN13A020,6,CNS neuron,0,,,female_specific
IN13A022,6,,0,,,female_specific
IN13A057,6,,0,,,female_specific
IN13A064,6,,0,,,female_specific
IN13B001,6,sensory neuron,0,,,female_specific
IN13B021,6,,0,,,female_specific
IN13B065,6,CNS neuron,0,,,female_specific
IN13B078,6,,0,,,female_specific
IN13B097,6,,0,,,female_specific
IN14A025,6,,0,,,female_specific
IN14B010,6,CNS neuron,0,,,female_specific
IN17A001,6,,0,,,female_specific
IN17A007,6,CNS neuron,0,,,female_specific
IN17A016,6,CNS neuron,0,,,female_specific
IN17A019,6,,0,,,female_specific
IN19A001,6,,0,,,female_specific
IN19A002,6,,0,,,female_specific
IN19A003,6,,0,,,female_specific
IN19A004,6,,0,,,female_specific
IN19A006,6,,0,,,female_specific
IN19A007,6,,0,,,female_specific
IN19A020,6,,0,,,female_specific
IN19A021,6,,0,,,female_specific
IN19A022,6,CNS neuron,0,,,female_specific
IN19A029,6,,0,,,female_specific
IN19A030,6,,0,,,female_specific
IN19A032,6,CNS neuron,0,,,female_specific
IN19A054,6,,0,,,female_specific
IN19A067,6,,0,,,female_specific
IN19A081,6,CNS neuron,0,,,female_specific
IN19A099,6,efferent neuron,0,,,female_specific
IN19A110,6,,0,,,female_specific
IN19A121,6,,0,,,female_specific
IN19B094,6,sensory neuron,0,,,female_specific
IN20A.22A008,6,,0,,,female_specific
IN20A.22A009,6,,0,,,female_specific
IN20A.22A015,6,,0,,,female_specific
IN20A.22A017,6,,0,,,female_specific
IN20A.22A027,6,,0,,,female_specific
IN20A.22A054,6,,0,,,female_specific
IN20A.22A056,6,,0,,,female_specific
IN21A003,6,,0,,,female_specific
IN21A004,6,glia,0,,,female_specific
IN21A008,6,,0,,,female_specific
IN21A009,6,,0,,,female_specific
IN21A011,6,,0,,,female_specific
IN21A014,6,,0,,,female_specific
IN21A016,6,,0,,,female_specific
IN21A018,6,,0,,,female_specific
IN21A019,6,,0,,,female_specific
IN21A022,6,,0,,,female_specific
IN21A023,6,,0,,,female_specific
IN21A028,6,,0,,,female_specific
IN21A035,6,,0,,,female_specific
IN21A044,6,,0,,,female_specific
IN21A049,6,,0,,,female_specific
IN21A063,6,,0,,,female_specific
IN21A083,6,,0,,,female_specific
IN21A098,6,,0,,,female_specific
IN23B009,6,,0,,,female_specific
INXXX100,6,,0,,,female_specific
INXXX213,6,,0,,,female_specific
INXXX220,6,,0,,,female_specific
INXXX265,6,,0,,,female_specific
INXXX282,6,,0,,,female_specific
INXXX348,6,efferent neuron,0,,,female_specific
INXXX400,6,sensory neuron,0,,,female_specific
INXXX416,6,,0,,,female_specific
INXXX424,6,sensory neuron,0,,,female_specific
LAL188,6,,0,,,female_specific
MNad01,6,efferent neuron,0,,,female_specific
MNad02,6,efferent neuron,0,,,female_specific
MNml78,6,efferent neuron,0,,,female_specific
PFNm_b,6,,0,,,female_specific
PLP241,6,,0,,,female_specific
PS004b,6,,0,,,female_specific
SA1_b,6,,0,,,female_specific
SAD008,6,,0,,,female_specific
SA_VTV_4,6,sensory neuron,0,,,female_specific
SIP024,6,,0,,,female_specific
SMP016,6,,0,,,female_specific
SMP018,6,,0,,,female_specific
SMP406,6,,0,,,female_specific
SNch13,6,sensory neuron,0,,,female_specific
SNta14,6,sensory neuron,0,,,female_specific
SNta18,6,sensory neuron,0,,,female_specific
Tergopleural/Pleural promotor MN,6,efferent neuron,0,,,female_specific
TuBu10,6,,0,,,female_specific
WEDPN7B,6,,0,,,female_specific
ab-PDF,6,efferent neuron,0,,,female_specific
columnar,6,,0,,,female_specific
vDeltaH,6,,0,,,female_specific
AN05B101,5,,0,,,female_specific
AN06B046,5,,0,,,female_specific
AN16B078,5,,0,,,female_specific
AN_4_63,5,CNS neuron,0,,,female_specific
AN_FLA_GNG_1,5,,0,,,female_specific
AN_GNG_123,5,,0,,,female_specific
AN_GNG_129,5,,0,,,female_specific
AN_GNG_140,5,,0,,,female_specific
AN_GNG_62,5,,0,,,female_specific
AN_GNG_99,5,sensory neuron,0,,,female_specific
AN_GNG_VES_10,5,sensory neuron,0,,,female_specific
AOTU052,5,,0,,,female_specific
ATL009,5,,0,,,female_specific
AVLP008,5,,0,,,female_specific
AVLP069,5,,0,,,female_specific
AVLP187,5,,0,,,female_specific
CB0742,5,,0,,,female_specific
CB0960,5,,0,,,female_specific
CB1068,5,,0,,,female_specific
CB1071,5,,0,,,female_specific
CB1184,5,,0,,,female_specific
CB1239,5,,0,,,female_specific
CB1380,5,,0,,,female_specific
CB1759,5,,0,,,female_specific
CB1949,5,,0,,,female_specific
CB2044,5,,0,,,female_specific
CB2187,5,,0,,,female_specific
CB2225,5,,0,,,female_specific
CB2293,5,,0,,,female_specific
CB2370,5,,0,,,female_specific
CB2604,5,,0,,,female_specific
CB2670,5,,0,,,female_specific
CB2801,5,,0,,,female_specific
CB2893,5,,0,,,female_specific
CB2911,5,,0,,,female_specific
CB3022,5,,0,,,female_specific
CB3082,5,,0,,,female_specific
CB3145,5,CNS neuron,0,,,female_specific
CB3199,5,,0,,,female_specific
CB3516,5,,0,,,female_specific
CB3821,5,CNS neuron,0,,,female_specific
CB3824,5,CNS neuron,0,,,female_specific
CB3827,5,CNS neuron,0,,,female_specific
CB3835,5,CNS neuron,0,,,female_specific
DM1_antero_ventral__2,5,,0,,,female_specific
DNg12,5,CNS neuron,0,,,female_specific
DNit003,5,CNS neuron,0,,,female_specific
DNnt013,5,CNS neuron,0,,,female_specific
DNut058,5,CNS neuron,0,,,female_specific
ER2_d,5,,0,,,female_specific
ER3p_b,5,,0,,,female_specific
FB1E_a,5,,0,,,female_specific
FB2E,5,,0,,,female_specific
FB2I_a,5,,0,,,female_specific
FB7I,5,,0,,,female_specific
IN00A040,5,,0,,,female_specific
IN01A038,5,,0,,,female_specific
IN01A065,5,,0,,,female_specific
IN01A079,5,,0,,,female_specific
IN01B044,5,glia,0,,,female_specific
IN01B056,5,sensory neuron,0,,,female_specific
IN02A029,5,,0,,,female_specific
IN02A066,5,,0,,,female_specific
IN03A050,5,,0,,,female_specific
IN03A054,5,,0,,,female_specific
IN03A061,5,CNS neuron,0,,,female_specific
IN03A085,5,,0,,,female_specific
IN03A092,5,,0,,,female_specific
IN03A094,5,,0,,,female_specific
IN03B042,5,,0,,,female_specific
IN03B046,5,,0,,,female_specific
IN03B052,5,,0,,,female_specific
IN04B019,5,,0,,,female_specific
IN04B042,5,,0,,,female_specific
IN04B043,5,,0,,,female_specific
IN04B062,5,,0,,,female_specific
IN04B094,5,,0,,,female_specific
IN04B100,5,,0,,,female_specific
IN04B107,5,,0,,,female_specific
IN05B057,5,,0,,,female_specific
IN05B070,5,glia,0,,,female_specific
IN05B088,5,,0,,,female_specific
IN06A061,5,,0,,,female_specific
IN06A071,5,,0,,,female_specific
IN06A109,5,sensory neuron,0,,,female_specific
IN06A124,5,,0,,,female_specific
IN06A126,5,,0,,,female_specific
IN06B043,5,,0,,,female_specific
IN06B070,5,,0,,,female_specific
IN07B058,5,,0,,,female_specific
IN07B065,5,,0,,,female_specific
IN07B066,5,,0,,,female_specific
IN08A048,5,,0,,,female_specific
IN09A014,5,CNS neuron,0,,,female_specific
IN09A034,5,,0,,,female_specific
IN09A054,5,CNS neuron,0,,,female_specific
IN09A072,5,,0,,,female_specific
IN09B045,5,,0,,,female_specific
IN09B047,5,,0,,,female_specific
IN11A005,5,,0,,,female_specific
IN11A008,5,,0,,,female_specific
IN11A020,5,,0,,,female_specific
IN11A034,5,,0,,,female_specific
IN11B003,5,,0,,,female_specific
IN12A053,5,,0,,,female_specific
IN12B002,5,,0,,,female_specific
IN12B018,5,,0,,,female_specific
IN12B056,5,,0,,,female_specific
IN12B069,5,,0,,,female_specific
IN12B075,5,,0,,,female_specific
IN13A009,5,,0,,,female_specific
IN13A021,5,CNS neuron,0,,,female_specific
IN13A032,5,,0,,,female_specific
IN13A044,5,,0,,,female_specific
IN13A046,5,,0,,,female_specific
IN13A054,5,,0,,,female_specific
IN13A063,5,CNS neuron,0,,,female_specific
IN13A067,5,,0,,,female_specific
IN13B064,5,,0,,,female_specific
IN13B093,5,,0,,,female_specific
IN14A086,5,,0,,,female_specific
IN14A110,5,glia,0,,,female_specific
IN16B108,5,sensory neuron,0,,,female_specific
IN17A017,5,CNS neuron,0,,,female_specific
IN17A020,5,,0,,,female_specific
IN17A022,5,CNS neuron,0,,,female_specific
IN17A026,5,,0,,,female_specific
IN17A039,5,,0,,,female_specific
IN17A041,5,CNS neuron,0,,,female_specific
IN17A093,5,,0,,,female_specific
IN17A095,5,,0,,,female_specific
IN17A104,5,glia,0,,,female_specific
IN17A113,5,,0,,,female_specific
IN18B045,5,,0,,,female_specific
IN19A045,5,,0,,,female_specific
IN19A046,5,sensory neuron,0,,,female_specific
IN19A056,5,,0,,,female_specific
IN19A057,5,,0,,,female_specific
IN19A065,5,,0,,,female_specific
IN19A072,5,,0,,,female_specific
IN19A083,5,,0,,,female_specific
IN19A085,5,,0,,,female_specific
IN19A092,5,,0,,,female_specific
IN19A107,5,CNS neuron,0,,,female_specific
IN19A109,5,,0,,,female_specific
IN19A114,5,,0,,,female_specific
IN20A.22A001,5,,0,,,female_specific
IN20A.22A023,5,,0,,,female_specific
IN20A.22A069,5,,0,,,female_specific
IN20A.22A070,5,,0,,,female_specific
IN20A.22A076,5,,0,,,female_specific
IN21A002,5,,0,,,female_specific
IN21A006,5,,0,,,female_specific
IN21A007,5,,0,,,female_specific
IN21A010,5,,0,,,female_specific
IN21A012,5,efferent neuron,0,,,female_specific
IN21A013,5,,0,,,female_specific
IN21A024,5,,0,,,female_specific
IN21A026,5,glia,0,,,female_specific
IN21A038,5,,0,,,female_specific
IN21A059,5,,0,,,female_specific
IN21A061,5,,0,,,female_specific
IN21A067,5,,0,,,female_specific
IN21A079,5,,0,,,female_specific
IN21A080,5,,0,,,female_specific
IN21A093,5,,0,,,female_specific
IN21A102,5,,0,,,female_specific
IN21A103,5,,0,,,female_specific
IN23B055,5,,0,,,female_specific
INXXX052,5,,0,,,female_specific
INXXX137,5,efferent neuron,0,,,female_specific
INXXX239,5,,0,,,female_specific
INXXX316,5,,0,,,female_specific
INXXX331,5,,0,,,female_specific
INXXX364,5,,0,,,female_specific
INXXX386,5,,0,,,female_specific
INXXX397,5,,0,,,female_specific
INXXX417,5,,0,,,female_specific
INXXX460,5,,0,,,female_specific
INXXX466,5,,0,,,female_specific
JO-C,5,sensory neuron,0,,,female_specific
JO-CA,5,sensory neuron,0,,,female_specific
LC14,5,,0,,,female_specific
LHCENT13,5,,0,,,female_specific
LHPV3a1,5,,0,,,female_specific
LTe49a,5,,0,,,female_specific
LTe49d,5,,0,,,female_specific
MNad08,5,efferent neuron,0,,,female_specific
MNad09,5,efferent neuron,0,,,female_specific
MNad16,5,efferent neuron,0,,,female_specific
MNhl68,5,efferent neuron,0,,,female_specific
PS289,5,,0,,,female_specific
PS290,5,,0,,,female_specific
SA_DMT_ADMN_1,5,sensory neuron,0,,,female_specific
SA_DMT_ADMN_11,5,sensory neuron,0,,,female_specific
SA_VTV_PDMN_1,5,,0,,,female_specific
SApp04,5,sensory neuron,0,,,female_specific
SApp16,5,sensory neuron,0,,,female_specific
SIP028b,5,,0,,,female_specific
SLP295b,5,,0,,,female_specific
SMP167,5,,0,,,female_specific
SNch08,5,sensory neuron,0,,,female_specific
SNpp32,5,sensory neuron,0,,,female_specific
SNta36,5,sensory neuron,0,,,female_specific
SNxx08,5,sensory neuron,0,,,female_specific
SNxx16,5,sensory neuron,0,,,female_specific
SNxx21,5,sensory neuron,0,,,female_specific
WED145,5,,0,,,female_specific
WEDa2_44,5,,0,,,female_specific
bLPTCrn,5,CNS neuron,0,,,female_specific
bilaterally projecting campaniform sensillum neuron,5,sensory neuron,0,,,female_specific
pharyngeal_nerve_sensory_group1,5,sensory neuron,0,,,female_specific
sternal_posterior_rotator_dorsomedial_ribbon,5,efferent neuron,0,,,female_specific
v2LN42,5,,0,,,female_specific
vDeltaG,5,,0,,,female_specific
vMS12,5,,0,,,female_specific
AMMC B1 like,4,CNS neuron,0,,,female_specific
AN05B069,4,,0,,,female_specific
AN07B045,4,,0,,,female_specific
AN07B069,4,CNS neuron,0,,,female_specific
AN07B071,4,CNS neuron,0,,,female_specific
AN08B113,4,,0,,,female_specific
AN10B037,4,,0,,,female_specific
AN10B048,4,,0,,,female_specific
ANXXX084,4,,0,,,female_specific
AN_GNG_13,4,,0,,,female_specific
AN_GNG_161,4,,0,,,female_specific
AN_GNG_168,4,,0,,,female_specific
AN_GNG_52,4,sensory neuron,0,,,female_specific
AN_multi_128,4,,0,,,female_specific
AOTU008d,4,,0,,,female_specific
AOTU038,4,,0,,,female_specific
AVLP044a,4,,0,,,female_specific
AVLP286,4,,0,,,female_specific
AVLP380b,4,,0,,,female_specific
AVLP463,4,,0,,,female_specific
CB.FB1I1,4,,0,,,female_specific
CB.FB2E1,4,,0,,,female_specific
CB0007,4,,0,,,female_specific
CB1159,4,,0,,,female_specific
CB1271,4,,0,,,female_specific
CB1331,4,,0,,,female_specific
CB1450,4,,0,,,female_specific
CB1508,4,,0,,,female_specific
CB1620,4,,0,,,female_specific
CB1668,4,,0,,,female_specific
CB1724,4,,0,,,female_specific
CB1743,4,,0,,,female_specific
CB1765,4,,0,,,female_specific
CB1779,4,,0,,,female_specific
CB1814,4,,0,,,female_specific
CB1919,4,,0,,,female_specific
CB1996,4,,0,,,female_specific
CB2157,4,,0,,,female_specific
CB2209,4,,0,,,female_specific
CB2267,4,,0,,,female_specific
CB2282,4,,0,,,female_specific
CB2378,4,,0,,,female_specific
CB2399,4,,0,,,female_specific
CB2405,4,,0,,,female_specific
CB2417,4,,0,,,female_specific
CB2506,4,,0,,,female_specific
CB2616,4,,0,,,female_specific
CB2830,4,,0,,,female_specific
CB2898,4,,0,,,female_specific
CB2903,4,,0,,,female_specific
CB2909,4,,0,,,female_specific
CB2926,4,,0,,,female_specific
CB2973,4,,0,,,female_specific
CB3006,4,,0,,,female_specific
CB3092,4,,0,,,female_specific
CB3111,4,,0,,,female_specific
CB3229,4,,0,,,female_specific
CB3321,4,,0,,,female_specific
CB3534,4,,0,,,female_specific
CB3792,4,,0,,,female_specific
CB3796,4,,0,,,female_specific
CB3815,4,,0,,,female_specific
CB3816,4,CNS neuron,0,,,female_specific
CB3840,4,CNS neuron,0,,,female_specific
CB3852,4,CNS neuron,0,,,female_specific
CL022,4,,0,,,female_specific
CL169,4,,0,,,female_specific
CL313,4,,0,,,female_specific
CRE080a,4,,0,,,female_specific
CREl1_30,4,,0,,,female_specific
CV1030,4,efferent neuron,0,,,female_specific
CV1034,4,,0,,,female_specific
CoHP4,4,sensory neuron,0,,,female_specific
DNfl021,4,CNS neuron,0,,,female_specific
DNg05,4,CNS neuron,0,,,female_specific
DNg06,4,CNS neuron,0,,,female_specific
DNg08_a,4,CNS neuron,0,,,female_specific
DNg08_b,4,CNS neuron,0,,,female_specific
DNg110,4,CNS neuron,0,,,female_specific
DNg74,4,CNS neuron,0,,,female_specific
DNnt012,4,CNS neuron,0,,,female_specific
DNut034,4,CNS neuron,0,,,female_specific
DNxl106,4,CNS neuron,0,,,female_specific
DNxn117,4,CNS neuron,0,,,female_specific
DNxn128,4,CNS neuron,0,,,female_specific
DNxn146,4,CNS neuron,0,,,female_specific
DNxn179,4,CNS neuron,0,,,female_specific
DNxn181,4,CNS neuron,0,,,female_specific
Dm21,4,,0,,,female_specific
ER2_b,4,,0,,,female_specific
FB2C,4,,0,,,female_specific
FB3B,4,,0,,,female_specific
FB6C_b,4,,0,,,female_specific
IB002,4,,0,,,female_specific
IN00A009,4,,0,,,female_specific
IN00A057,4,,0,,,female_specific
IN01A030,4,,0,,,female_specific
IN01A047,4,glia,0,,,female_specific
IN01A052,4,CNS neuron,0,,,female_specific
IN01A059,4,,0,,,female_specific
IN01A062,4,,0,,,female_specific
IN01A069,4,,0,,,female_specific
IN01B019,4,,0,,,female_specific
IN01B020,4,sensory neuron,0,,,female_specific
IN01B061,4,,0,,,female_specific
IN01B065,4,,0,,,female_specific
IN01B080,4,,0,,,female_specific
IN01B091,4,sensory neuron,0,,,female_specific
IN01B099,4,sensory neuron,0,,,female_specific
IN02A038,4,,0,,,female_specific
IN03A041,4,,0,,,female_specific
IN03A055,4,,0,,,female_specific
IN03A069,4,,0,,,female_specific
IN03A082,4,,0,,,female_specific
IN03A090,4,,0,,,female_specific
IN03B012,4,,0,,,female_specific
IN03B015,4,,0,,,female_specific
IN03B019,4,,0,,,female_specific
IN03B020,4,,0,,,female_specific
IN03B032,4,,0,,,female_specific
IN03B053,4,,0,,,female_specific
IN03B055,4,,0,,,female_specific
IN03B057,4,,0,,,female_specific
IN03B064,4,,0,,,female_specific
IN03B088,4,,0,,,female_specific
IN04B041,4,,0,,,female_specific
IN04B046,4,,0,,,female_specific
IN04B050,4,,0,,,female_specific
IN04B071,4,,0,,,female_specific
IN04B084,4,,0,,,female_specific
IN04B085,4,,0,,,female_specific
IN04B104,4,,0,,,female_specific
IN05B017,4,,0,,,female_specific
IN05B022,4,,0,,,female_specific
IN05B033,4,,0,,,female_specific
IN05B042,4,,0,,,female_specific
IN05B066,4,,0,,,female_specific
IN05B075,4,,0,,,female_specific
IN05B089,4,,0,,,female_specific
IN05B091,4,,0,,,female_specific
IN06A003,4,,0,,,female_specific
IN06A020,4,,0,,,female_specific
IN06A033,4,,0,,,female_specific
IN06A042,4,,0,,,female_specific
IN06A050,4,,0,,,female_specific
IN06A072,4,,0,,,female_specific
IN06A077,4,,0,,,female_specific
IN06A081,4,,0,,,female_specific
IN06A087,4,,0,,,female_specific
IN06A093,4,,0,,,female_specific
IN06A096,4,,0,,,female_specific
IN06A097,4,,0,,,female_specific
IN06A100,4,,0,,,female_specific
IN06A103,4,,0,,,female_specific
IN06A120,4,,0,,,female_specific
IN06A129,4,,0,,,female_specific
IN06A134,4,,0,,,female_specific
IN06A137,4,,0,,,female_specific
IN06B017,4,CNS neuron,0,,,female_specific
IN06B029,4,glia,0,,,female_specific
IN06B040,4,,0,,,female_specific
IN06B047,4,,0,,,female_specific
IN06B053,4,,0,,,female_specific
IN06B072,4,,0,,,female_specific
IN06B081,4,,0,,,female_specific
IN07B001,4,,0,,,female_specific
IN07B030,4,,0,,,female_specific
IN07B031,4,,0,,,female_specific
IN08A011,4,,0,,,female_specific
IN08A037,4,,0,,,female_specific
IN08A042,4,,0,,,female_specific
IN08B051,4,,0,,,female_specific
IN08B085,4,,0,,,female_specific
IN09A030,4,CNS neuron,0,,,female_specific
IN09A066,4,,0,,,female_specific
IN09A081,4,,0,,,female_specific
IN09B006,4,,0,,,female_specific
IN09B022,4,,0,,,female_specific
IN10B011,4,,0,,,female_specific
IN10B014,4,,0,,,female_specific
IN10B028,4,,0,,,female_specific
IN11A011,4,,0,,,female_specific
IN11A016,4,,0,,,female_specific
IN11A019,4,,0,,,female_specific
IN11A024,4,,0,,,female_specific
IN11A030,4,,0,,,female_specific
IN11A031,4,,0,,,female_specific
IN11A043,4,,0,,,female_specific
IN11B001,4,,0,,,female_specific
IN12A018,4,,0,,,female_specific
IN12A042,4,,0,,,female_specific
IN12A052,4,,0,,,female_specific
IN12A062,4,,0,,,female_specific
IN12B011,4,,0,,,female_specific
IN12B024,4,,0,,,female_specific
IN12B032,4,,0,,,female_specific
IN12B038,4,,0,,,female_specific
IN12B040,4,,0,,,female_specific
IN12B041,4,,0,,,female_specific
IN13A004,4,,0,,,female_specific
IN13A013,4,,0,,,female_specific
IN13A027,4,CNS neuron,0,,,female_specific
IN13A049,4,CNS neuron,0,,,female_specific
IN13A052,4,,0,,,female_specific
IN13B005,4,glia,0,,,female_specific
IN13B026,4,,0,,,female_specific
IN13B030,4,,0,,,female_specific
IN13B058,4,CNS neuron,0,,,female_specific
IN13B073,4,,0,,,female_specific
IN13B075,4,CNS neuron,0,,,female_specific
IN13B087,4,,0,,,female_specific
IN13B089,4,,0,,,female_specific
IN14A047,4,,0,,,female_specific
IN14A048,4,,0,,,female_specific
IN14A052,4,CNS neuron,0,,,female_specific
IN14A084,4,,0,,,female_specific
IN14A095,4,,0,,,female_specific
IN14B005,4,,0,,,female_specific
IN14B007,4,CNS neuron,0,,,female_specific
IN14B012,4,,0,,,female_specific
IN16B064,4,CNS neuron,0,,,female_specific
IN16B083,4,CNS neuron,0,,,female_specific
IN16B098,4,,0,,,female_specific
IN16B121,4,CNS neuron,0,,,female_specific
IN17A043,4,,0,,,female_specific
IN17A044,4,,0,,,female_specific
IN17A049,4,,0,,,female_specific
IN17A055,4,,0,,,female_specific
IN17A058,4,,0,,,female_specific
IN17A069,4,,0,,,female_specific
IN17A071,4,,0,,,female_specific
IN17A077,4,,0,,,female_specific
IN17A079,4,CNS neuron,0,,,female_specific
IN17A089,4,,0,,,female_specific
IN17A108,4,,0,,,female_specific
IN17A112,4,,0,,,female_specific
IN18B021,4,,0,,,female_specific
IN18B042,4,,0,,,female_specific
IN19A009,4,,0,,,female_specific
IN19A010,4,,0,,,female_specific
IN19A012,4,CNS neuron,0,,,female_specific
IN19A013,4,,0,,,female_specific
IN19A014,4,,0,,,female_specific
IN19A019,4,,0,,,female_specific
IN19A024,4,,0,,,female_specific
IN19A042,4,,0,,,female_specific
IN19A047,4,,0,,,female_specific
IN19A052,4,,0,,,female_specific
IN19A059,4,,0,,,female_specific
IN19A070,4,,0,,,female_specific
IN19A086,4,,0,,,female_specific
IN19A113,4,,0,,,female_specific
IN19A118,4,,0,,,female_specific
IN19A120,4,,0,,,female_specific
IN19B003,4,,0,,,female_specific
IN19B067,4,sensory neuron,0,,,female_specific
IN19B070,4,,0,,,female_specific
IN20A.22A006,4,,0,,,female_specific
IN20A.22A010,4,,0,,,female_specific
IN20A.22A016,4,,0,,,female_specific
IN20A.22A019,4,,0,,,female_specific
IN20A.22A029,4,,0,,,female_specific
IN20A.22A041,4,,0,,,female_specific
IN20A.22A042,4,,0,,,female_specific
IN20A.22A052,4,,0,,,female_specific
IN20A.22A065,4,,0,,,female_specific
IN20A.22A078,4,,0,,,female_specific
IN20A.22A088,4,,0,,,female_specific
IN20A.22A089,4,,0,,,female_specific
IN20A.22A092,4,,0,,,female_specific
IN21A005,4,,0,,,female_specific
IN21A020,4,,0,,,female_specific
IN21A046,4,,0,,,female_specific
IN21A051,4,,0,,,female_specific
IN21A077,4,,0,,,female_specific
IN21A086,4,,0,,,female_specific
IN21A095,4,,0,,,female_specific
IN23B018,4,,0,,,female_specific
IN23B023,4,,0,,,female_specific
IN23B041,4,,0,,,female_specific
IN23B056,4,,0,,,female_specific
IN23B059,4,,0,,,female_specific
IN23B071,4,glia,0,,,female_specific
INXXX027,4,,0,,,female_specific
INXXX044,4,,0,,,female_specific
INXXX045,4,,0,,,female_specific
INXXX095,4,,0,,,female_specific
INXXX126,4,,0,,,female_specific
INXXX167,4,,0,,,female_specific
INXXX212,4,,0,,,female_specific
INXXX257,4,glia,0,,,female_specific
INXXX267,4,,0,,,female_specific
INXXX309,4,,0,,,female_specific
INXXX357,4,,0,,,female_specific
INXXX365,4,,0,,,female_specific
INXXX377,4,,0,,,female_specific
INXXX384,4,,0,,,female_specific
INXXX441,4,efferent neuron,0,,,female_specific
INXXX450,4,,0,,,female_specific
JO-EDC,4,sensory neuron,0,,,female_specific
LHPV2a2,4,,0,,,female_specific
LUL130,4,CNS neuron,0,,,female_specific
Li124_56,4,,0,,,female_specific
MNad04,4,efferent neuron,0,,,female_specific
MNad06,4,efferent neuron,0,,,female_specific
MNad11,4,efferent neuron,0,,,female_specific
MNad53,4,efferent neuron,0,,,female_specific
MNhl67,4,efferent neuron,0,,,female_specific
OCG01,4,,0,,,female_specific
PLP053b,4,,0,,,female_specific
PLP065b,4,,0,,,female_specific
PLP087a,4,,0,,,female_specific
PS008,4,,0,,,female_specific
PS095,4,,0,,,female_specific
PS097,4,,0,,,female_specific
PS208,4,,0,,,female_specific
PS261,4,,0,,,female_specific
PSa1_49,4,,0,,,female_specific
PVLP008,4,,0,,,female_specific
SAD016,4,,0,,,female_specific
SApp20,4,sensory neuron,0,,,female_specific
SEZ-NSC-Hugin,4,efferent neuron,0,,,female_specific
SMP293,4,,0,,,female_specific
SMP405,4,,0,,,female_specific
SMP459,4,,0,,,female_specific
SNpp06,4,sensory neuron,0,,,female_specific
SNpp23,4,sensory neuron,0,,,female_specific
SNpp35,4,sensory neuron,0,,,female_specific
SNpp46,4,sensory neuron,0,,,female_specific
SNxx30,4,sensory neuron,0,,,female_specific
Sternal adductor MN,4,efferent neuron,0,,,female_specific
T1 “multinerve” neuron,4,efferent neuron,0,,,female_specific
Ta levator MN,4,efferent neuron,0,,,female_specific
VLPl&p1_posterior_60,4,,0,,,female_specific
WED001,4,,0,,,female_specific
WED094c,4,,0,,,female_specific
aSP-g2,4,,0,,,female_specific
oviDNx,4,CNS neuron,0,,,female_specific
s-LNv,4,,0,,,female_specific
synapseless ascending,4,,0,,,female_specific
vPR1b,4,CNS neuron,0,,,female_specific
vPR9,4,,0,,,female_specific
AN01A055,3,,0,,,female_specific
AN05B036,3,sensory neuron,0,,,female_specific
AN05B053,3,,0,,,female_specific
AN05B054,3,,0,,,female_specific
AN07B056,3,,0,,,female_specific
AN07B076,3,,0,,,female_specific
AN07B089,3,,0,,,female_specific
AN08B097,3,,0,,,female_specific
AN09B018,3,CNS neuron,0,,,female_specific
AN10B033,3,CNS neuron,0,,,female_specific
AN10B034,3,,0,,,female_specific
AN10B035,3,,0,,,female_specific
AN10B046,3,,0,,,female_specific
AN10B047,3,,0,,,female_specific
AN10B053,3,,0,,,female_specific
AN19B001,3,,0,,,female_specific
AN19B060,3,,0,,,female_specific
AN19B065,3,,0,,,female_specific
AN19B076,3,,0,,,female_specific
AN19B079,3,,0,,,female_specific
AN19B104,3,,0,,,female_specific
ANXXX099,3,,0,,,female_specific
ANXXX136,3,sensory neuron,0,,,female_specific
AN_8_13,3,,0,,,female_specific
AN_8_None,3,,0,,,female_specific
AN_9_None,3,,0,,,female_specific
AN_FLA_PRW_1,3,,0,,,female_specific
AN_FLA_PRW_2,3,,0,,,female_specific
AN_GNG_11,3,CNS neuron,0,,,female_specific
AN_GNG_110,3,,0,,,female_specific
AN_GNG_204,3,,0,,,female_specific
AN_GNG_IPS_13,3,,0,,,female_specific
AN_SMP_2,3,,0,,,female_specific
AN_multi_104,3,,0,,,female_specific
AN_multi_119,3,,0,,,female_specific
AOTUv4_dorsal_26,3,,0,,,female_specific
ATL010,3,,0,,,female_specific
AVLP469b,3,,0,,,female_specific
AVLP559a,3,,0,,,female_specific
AVLP570,3,,0,,,female_specific
CB.FB2E7,3,,0,,,female_specific
CB.FB5D4,3,,0,,,female_specific
CB0270,3,,0,,,female_specific
CB0299,3,,0,,,female_specific
CB0352,3,,0,,,female_specific
CB0398,3,,0,,,female_specific
CB0663,3,,0,,,female_specific
CB0719,3,,0,,,female_specific
CB0726,3,efferent neuron,0,,,female_specific
CB0727,3,,0,,,female_specific
CB0988,3,,0,,,female_specific
CB1029,3,,0,,,female_specific
CB1066,3,,0,,,female_specific
CB1092,3,,0,,,female_specific
CB1097,3,,0,,,female_specific
CB1127,3,,0,,,female_specific
CB1144,3,,0,,,female_specific
CB1221,3,,0,,,female_specific
CB1297,3,,0,,,female_specific
CB1315,3,,0,,,female_specific
CB1324,3,,0,,,female_specific
CB1360,3,,0,,,female_specific
CB1430,3,,0,,,female_specific
CB1436,3,,0,,,female_specific
CB1446,3,,0,,,female_specific
CB1452,3,,0,,,female_specific
CB1468,3,,0,,,female_specific
CB1474,3,,0,,,female_specific
CB1501,3,,0,,,female_specific
CB1514,3,,0,,,female_specific
CB1747,3,,0,,,female_specific
CB1755,3,,0,,,female_specific
CB1764,3,,0,,,female_specific
CB1772,3,,0,,,female_specific
CB1830,3,,0,,,female_specific
CB1917,3,,0,,,female_specific
CB1961,3,,0,,,female_specific
CB1962,3,,0,,,female_specific
CB1989,3,,0,,,female_specific
CB2014,3,glia,0,,,female_specific
CB2056,3,,0,,,female_specific
CB2068,3,,0,,,female_specific
CB2069,3,,0,,,female_specific
CB2091,3,,0,,,female_specific
CB2103,3,,0,,,female_specific
CB2119,3,,0,,,female_specific
CB2220,3,,0,,,female_specific
CB2238,3,,0,,,female_specific
CB2271,3,,0,,,female_specific
CB2289,3,,0,,,female_specific
CB2334,3,,0,,,female_specific
CB2367,3,,0,,,female_specific
CB2403,3,,0,,,female_specific
CB2502,3,,0,,,female_specific
CB2536,3,,0,,,female_specific
CB2554,3,,0,,,female_specific
CB2581,3,,0,,,female_specific
CB2591,3,,0,,,female_specific
CB2605,3,,0,,,female_specific
CB2662,3,,0,,,female_specific
CB2699,3,,0,,,female_specific
CB2712,3,,0,,,female_specific
CB2738,3,,0,,,female_specific
CB2745,3,,0,,,female_specific
CB2781,3,,0,,,female_specific
CB2785,3,,0,,,female_specific
CB2881,3,,0,,,female_specific
CB2905,3,,0,,,female_specific
CB2917,3,,0,,,female_specific
CB2932,3,,0,,,female_specific
CB2951,3,,0,,,female_specific
CB3083,3,,0,,,female_specific
CB3114,3,,0,,,female_specific
CB3176,3,,0,,,female_specific
CB3284,3,,0,,,female_specific
CB3289,3,,0,,,female_specific
CB3315,3,,0,,,female_specific
CB3423,3,,0,,,female_specific
CB3434,3,,0,,,female_specific
CB3482,3,,0,,,female_specific
CB3491,3,,0,,,female_specific
CB3501,3,,0,,,female_specific
CB3521,3,,0,,,female_specific
CB3531,3,,0,,,female_specific
CB3538,3,,0,,,female_specific
CB3550,3,,0,,,female_specific
CB3622,3,,0,,,female_specific
CB3628,3,,0,,,female_specific
CB3637,3,,0,,,female_specific
CB3640,3,,0,,,female_specific
CB3673,3,,0,,,female_specific
CB3723,3,,0,,,female_specific
CB3751,3,,0,,,female_specific
CB3793,3,,0,,,female_specific
CB3804,3,,0,,,female_specific
CB3861,3,,0,,,female_specific
CB3864,3,CNS neuron,0,,,female_specific
CB3890,3,,0,,,female_specific
CB3891,3,,0,,,female_specific
CL008,3,,0,,,female_specific
CL078a,3,,0,,,female_specific
CL266b,3,,0,,,female_specific
CL300,3,,0,,,female_specific
CL355,3,,0,,,female_specific
CRE018,3,,0,,,female_specific
CRE103,3,,0,,,female_specific
CV1002,3,,0,,,female_specific
CV1006,3,,0,,,female_specific
CV1011,3,,0,,,female_specific
CV1013,3,,0,,,female_specific
CV1016,3,,0,,,female_specific
CoHP3,3,sensory neuron,0,,,female_specific
DM1_CX_v__0,3,,0,,,female_specific
DM3_CX_v__0,3,,0,,,female_specific
DN2,3,,0,,,female_specific
DNfl020,3,CNS neuron,0,,,female_specific
DNg18,3,CNS neuron,0,,,female_specific
DNg36,3,CNS neuron,0,,,female_specific
DNg52,3,CNS neuron,0,,,female_specific
DNit005,3,CNS neuron,0,,,female_specific
DNlt010,3,CNS neuron,0,,,female_specific
DNut036,3,CNS neuron,0,,,female_specific
DNut047,3,CNS neuron,0,,,female_specific
DNxl071,3,sensory neuron,0,,,female_specific
DNxn006,3,CNS neuron,0,,,female_specific
DNxn112,3,CNS neuron,0,,,female_specific
DNxn115,3,,0,,,female_specific
DNxn134,3,CNS neuron,0,,,female_specific
DNxn165,3,CNS neuron,0,,,female_specific
DNxn187,3,CNS neuron,0,,,female_specific
EN27X010,3,efferent neuron,0,,,female_specific
ENXXX286,3,efferent neuron,0,,,female_specific
FB2F_a,3,,0,,,female_specific
FB2G_b,3,,0,,,female_specific
FB3A,3,,0,,,female_specific
FB5A,3,,0,,,female_specific
FB5D,3,,0,,,female_specific
FB5P,3,,0,,,female_specific
FB5Y,3,,0,,,female_specific
FB8H,3,,0,,,female_specific
GFC1,3,,0,,,female_specific
IN00A022,3,,0,,,female_specific
IN00A025,3,,0,,,female_specific
IN00A031,3,,0,,,female_specific
IN00A043,3,,0,,,female_specific
IN00A045,3,,0,,,female_specific
IN00A053,3,,0,,,female_specific
IN00A063,3,,0,,,female_specific
IN01A015,3,,0,,,female_specific
IN01A039,3,,0,,,female_specific
IN01A040,3,CNS neuron,0,,,female_specific
IN01A054,3,,0,,,female_specific
IN01A068,3,,0,,,female_specific
IN01A070,3,,0,,,female_specific
IN01A071,3,,0,,,female_specific
IN01A078,3,,0,,,female_specific
IN01A082,3,,0,,,female_specific
IN01A088,3,,0,,,female_specific
IN01B003,3,,0,,,female_specific
IN01B024,3,sensory neuron,0,,,female_specific
IN01B033,3,,0,,,female_specific
IN01B038,3,sensory neuron,0,,,female_specific
IN01B039,3,sensory neuron,0,,,female_specific
IN01B045,3,,0,,,female_specific
IN01B070,3,sensory neuron,0,,,female_specific
IN01B100,3,,0,,,female_specific
IN02A015,3,,0,,,female_specific
IN02A041,3,,0,,,female_specific
IN02A043,3,,0,,,female_specific
IN02A060,3,,0,,,female_specific
IN02A061,3,,0,,,female_specific
IN02A064,3,,0,,,female_specific
IN03A006,3,,0,,,female_specific
IN03A013,3,,0,,,female_specific
IN03A018,3,,0,,,female_specific
IN03A020,3,,0,,,female_specific
IN03A031,3,,0,,,female_specific
IN03A039,3,,0,,,female_specific
IN03A059,3,,0,,,female_specific
IN03A071,3,,0,,,female_specific
IN03A072,3,,0,,,female_specific
IN03A083,3,,0,,,female_specific
IN03A084,3,,0,,,female_specific
IN03A088,3,,0,,,female_specific
IN03A095,3,,0,,,female_specific
IN03B043,3,,0,,,female_specific
IN03B056,3,,0,,,female_specific
IN03B059,3,,0,,,female_specific
IN03B062,3,,0,,,female_specific
IN03B087,3,,0,,,female_specific
IN04A002,3,,0,,,female_specific
IN04B037,3,,0,,,female_specific
IN04B044,3,,0,,,female_specific
IN04B063,3,,0,,,female_specific
IN04B066,3,,0,,,female_specific
IN04B067,3,,0,,,female_specific
IN04B070,3,,0,,,female_specific
IN04B072,3,,0,,,female_specific
IN04B073,3,,0,,,female_specific
IN04B087,3,,0,,,female_specific
IN04B088,3,,0,,,female_specific
IN04B090,3,,0,,,female_specific
IN04B092,3,,0,,,female_specific
IN04B098,3,,0,,,female_specific
IN04B105,3,,0,,,female_specific
IN04B110,3,,0,,,female_specific
IN04B111,3,,0,,,female_specific
IN05B011,3,,0,,,female_specific
IN05B032,3,,0,,,female_specific
IN05B064,3,,0,,,female_specific
IN06A011,3,,0,,,female_specific
IN06A032,3,,0,,,female_specific
IN06A034,3,,0,,,female_specific
IN06A048,3,,0,,,female_specific
IN06A052,3,,0,,,female_specific
IN06A054,3,,0,,,female_specific
IN06A056,3,,0,,,female_specific
IN06A065,3,,0,,,female_specific
IN06A078,3,,0,,,female_specific
IN06A090,3,,0,,,female_specific
IN06A099,3,,0,,,female_specific
IN06A114,3,,0,,,female_specific
IN06A115,3,,0,,,female_specific
IN06A122,3,,0,,,female_specific
IN06B016,3,,0,,,female_specific
IN06B052,3,,0,,,female_specific
IN06B059,3,,0,,,female_specific
IN06B078,3,,0,,,female_specific
IN06B079,3,,0,,,female_specific
IN06B083,3,,0,,,female_specific
IN07B002,3,,0,,,female_specific
IN07B006,3,,0,,,female_specific
IN07B023,3,,0,,,female_specific
IN07B029,3,,0,,,female_specific
IN07B074,3,,0,,,female_specific
IN08A029,3,,0,,,female_specific
IN08A033,3,,0,,,female_specific
IN08A035,3,,0,,,female_specific
IN08A039,3,sensory neuron,0,,,female_specific
IN08A040,3,,0,,,female_specific
IN08A045,3,,0,,,female_specific
IN08A050,3,CNS neuron,0,,,female_specific
IN08B030,3,,0,,,female_specific
IN08B056,3,,0,,,female_specific
IN08B091,3,,0,,,female_specific
IN08B092,3,,0,,,female_specific
IN09A001,3,CNS neuron,0,,,female_specific
IN09A007,3,,0,,,female_specific
IN09A010,3,glia,0,,,female_specific
IN09A013,3,,0,,,female_specific
IN09A019,3,,0,,,female_specific
IN09A035,3,,0,,,female_specific
IN09A037,3,,0,,,female_specific
IN09A055,3,,0,,,female_specific
IN09A060,3,sensory neuron,0,,,female_specific
IN09A063,3,CNS neuron,0,,,female_specific
IN09A080,3,CNS neuron,0,,,female_specific
IN09A083,3,CNS neuron,0,,,female_specific
IN09B008,3,,0,,,female_specific
IN09B051,3,,0,,,female_specific
IN10B007,3,,0,,,female_specific
IN10B032,3,,0,,,female_specific
IN10B038,3,,0,,,female_specific
IN10B057,3,,0,,,female_specific
IN11A010,3,,0,,,female_specific
IN11A012,3,,0,,,female_specific
IN11A036,3,,0,,,female_specific
IN11A037,3,,0,,,female_specific
IN11A041,3,,0,,,female_specific
IN11A042,3,,0,,,female_specific
IN11B009,3,,0,,,female_specific
IN12A058,3,,0,,,female_specific
IN12A060,3,,0,,,female_specific
IN12B005,3,,0,,,female_specific
IN12B023,3,,0,,,female_specific
IN12B035,3,,0,,,female_specific
IN12B037,3,,0,,,female_specific
IN12B042,3,,0,,,female_specific
IN12B052,3,,0,,,female_specific
IN12B057,3,,0,,,female_specific
IN12B066,3,,0,,,female_specific
IN12B068,3,,0,,,female_specific
IN12B071,3,,0,,,female_specific
IN12B074,3,,0,,,female_specific
IN12B081,3,,0,,,female_specific
IN12B087,3,,0,,,female_specific
IN12B088,3,,0,,,female_specific
IN13A023,3,,0,,,female_specific
IN13A025,3,,0,,,female_specific
IN13A043,3,CNS neuron,0,,,female_specific
IN13A058,3,CNS neuron,0,,,female_specific
IN13A071,3,CNS neuron,0,,,female_specific
IN13B012,3,,0,,,female_specific
IN13B013,3,,0,,,female_specific
IN13B018,3,,0,,,female_specific
IN13B022,3,,0,,,female_specific
IN13B032,3,CNS neuron,0,,,female_specific
IN13B056,3,,0,,,female_specific
IN13B059,3,,0,,,female_specific
IN13B060,3,,0,,,female_specific
IN13B061,3,,0,,,female_specific
IN13B069,3,,0,,,female_specific
IN13B096,3,,0,,,female_specific
IN14A001,3,,0,,,female_specific
IN14A002,3,,0,,,female_specific
IN14A005,3,,0,,,female_specific
IN14A008,3,,0,,,female_specific
IN14A021,3,,0,,,female_specific
IN14A024,3,,0,,,female_specific
IN14A028,3,,0,,,female_specific
IN14A029,3,,0,,,female_specific
IN14A037,3,CNS neuron,0,,,female_specific
IN14A042,3,,0,,,female_specific
IN14A056,3,,0,,,female_specific
IN14A068,3,CNS neuron,0,,,female_specific
IN14A087,3,,0,,,female_specific
IN14A106,3,,0,,,female_specific
IN14A109,3,,0,,,female_specific
IN14A123,3,glia,0,,,female_specific
IN14B011,3,,0,,,female_specific
IN16B016,3,,0,,,female_specific
IN16B018,3,CNS neuron,0,,,female_specific
IN16B050,3,CNS neuron,0,,,female_specific
IN16B053,3,,0,,,female_specific
IN16B058,3,CNS neuron,0,,,female_specific
IN16B074,3,,0,,,female_specific
IN16B091,3,,0,,,female_specific
IN16B094,3,CNS neuron,0,,,female_specific
IN16B114,3,CNS neuron,0,,,female_specific
IN16B115,3,CNS neuron,0,,,female_specific
IN17A035,3,,0,,,female_specific
IN17A057,3,,0,,,female_specific
IN17A060,3,,0,,,female_specific
IN17A063,3,,0,,,female_specific
IN17A065,3,CNS neuron,0,,,female_specific
IN17A078,3,,0,,,female_specific
IN17A080,3,,0,,,female_specific
IN17A084,3,,0,,,female_specific
IN17A085,3,,0,,,female_specific
IN17A091,3,,0,,,female_specific
IN17A101,3,,0,,,female_specific
IN17A109,3,,0,,,female_specific
IN17A115,3,,0,,,female_specific
IN17A119,3,,0,,,female_specific
IN18B016,3,,0,,,female_specific
IN18B034,3,,0,,,female_specific
IN18B035,3,,0,,,female_specific
IN18B055,3,,0,,,female_specific
IN19A026,3,,0,,,female_specific
IN19A027,3,,0,,,female_specific
IN19A043,3,,0,,,female_specific
IN19A044,3,,0,,,female_specific
IN19A076,3,,0,,,female_specific
IN19A082,3,,0,,,female_specific
IN19A095,3,,0,,,female_specific
IN19A104,3,,0,,,female_specific
IN19A127,3,,0,,,female_specific
IN19A133,3,CNS neuron,0,,,female_specific
IN19B043,3,,0,,,female_specific
IN19B045,3,,0,,,female_specific
IN19B071,3,,0,,,female_specific
IN19B075,3,,0,,,female_specific
IN19B077,3,,0,,,female_specific
IN20A.22A004,3,,0,,,female_specific
IN20A.22A033,3,,0,,,female_specific
IN20A.22A040,3,,0,,,female_specific
IN20A.22A044,3,,0,,,female_specific
IN20A.22A047,3,,0,,,female_specific
IN20A.22A049,3,,0,,,female_specific
IN20A.22A066,3,,0,,,female_specific
IN20A.22A068,3,,0,,,female_specific
IN20A.22A079,3,,0,,,female_specific
IN20A.22A083,3,,0,,,female_specific
IN20A.22A085,3,,0,,,female_specific
IN20A.22A086,3,,0,,,female_specific
IN20A.22A087,3,,0,,,female_specific
IN21A040,3,,0,,,female_specific
IN21A048,3,,0,,,female_specific
IN21A053,3,,0,,,female_specific
IN21A062,3,,0,,,female_specific
IN21A075,3,,0,,,female_specific
IN21A081,3,,0,,,female_specific
IN21A085,3,,0,,,female_specific
IN21A089,3,,0,,,female_specific
IN21A105,3,,0,,,female_specific
IN23B025,3,,0,,,female_specific
IN23B031,3,,0,,,female_specific
IN23B032,3,,0,,,female_specific
IN23B066,3,,0,,,female_specific
IN23B094,3,,0,,,female_specific
INXXX078,3,,0,,,female_specific
INXXX112,3,,0,,,female_specific
INXXX180,3,,0,,,female_specific
INXXX188,3,efferent neuron,0,,,female_specific
INXXX204,3,,0,,,female_specific
INXXX237,3,,0,,,female_specific
INXXX260,3,,0,,,female_specific
INXXX280,3,,0,,,female_specific
INXXX303,3,,0,,,female_specific
INXXX306,3,,0,,,female_specific
INXXX317,3,,0,,,female_specific
INXXX319,3,,0,,,female_specific
INXXX337,3,,0,,,female_specific
INXXX350,3,,0,,,female_specific
INXXX369,3,,0,,,female_specific
INXXX373,3,,0,,,female_specific
INXXX399,3,,0,,,female_specific
INXXX414,3,,0,,,female_specific
INXXX415,3,,0,,,female_specific
INXXX419,3,,0,,,female_specific
INXXX437,3,,0,,,female_specific
INXXX452,3,,0,,,female_specific
INXXX458,3,,0,,,female_specific
JO-EVP,3,sensory neuron,0,,,female_specific
JO-FDA,3,sensory neuron,0,,,female_specific
LAL026,3,,0,,,female_specific
LAL029,3,,0,,,female_specific
LAL043,3,,0,,,female_specific
LAL144,3,,0,,,female_specific
LAL147b,3,,0,,,female_specific
LHAV2g2,3,,0,,,female_specific
LHPV2a1_b,3,,0,,,female_specific
LT82a,3,,0,,,female_specific
MD3_baf54cd7,3,,0,,,female_specific
MNad10,3,efferent neuron,0,,,female_specific
MNad12,3,efferent neuron,0,,,female_specific
MNad18,3,efferent neuron,0,,,female_specific
MNad21,3,efferent neuron,0,,,female_specific
MNad22,3,efferent neuron,0,,,female_specific
MNad24,3,efferent neuron,0,,,female_specific
MNad33,3,efferent neuron,0,,,female_specific
MNad40,3,efferent neuron,0,,,female_specific
MNad58,3,efferent neuron,0,,,female_specific
MNad61,3,efferent neuron,0,,,female_specific
MNad65,3,efferent neuron,0,,,female_specific
MNhl29,3,efferent neuron,0,,,female_specific
MNhm42,3,efferent neuron,0,,,female_specific
MNml79,3,efferent neuron,0,,,female_specific
MNnm10,3,efferent neuron,0,,,female_specific
PFR,3,,0,,,female_specific
PLP103c,3,,0,,,female_specific
PLP237,3,,0,,,female_specific
PS033,3,,0,,,female_specific
PS076,3,,0,,,female_specific
PS096,3,,0,,,female_specific
PS251,3,,0,,,female_specific
Pleural remotor abductor MN,3,efferent neuron,0,,,female_specific
SAD014,3,,0,,,female_specific
SA_DMT_DMetaN_5,3,,0,,,female_specific
SA_DMT_DMetaN_6,3,CNS neuron,0,,,female_specific
SApp14,3,sensory neuron,0,,,female_specific
SApp18,3,sensory neuron,0,,,female_specific
SApp21,3,sensory neuron,0,,,female_specific
SLP241,3,,0,,,female_specific
SLP286b,3,,0,,,female_specific
SLP291,3,,0,,,female_specific
SLP345,3,,0,,,female_specific
SLP398a,3,,0,,,female_specific
SLPal1__0,3,,0,,,female_specific
SMP029,3,,0,,,female_specific
SMP075b,3,,0,,,female_specific
SMP103,3,,0,,,female_specific
SMP143,3,,0,,,female_specific
SMP145,3,,0,,,female_specific
SMP215a,3,,0,,,female_specific
SMP352,3,,0,,,female_specific
SMP362,3,,0,,,female_specific
SMP510b,3,,0,,,female_specific
SMPpm1_26,3,,0,,,female_specific
SNpp04,3,sensory neuron,0,,,female_specific
SNpp07,3,sensory neuron,0,,,female_specific
SNpp14,3,sensory neuron,0,,,female_specific
SNpp24,3,sensory neuron,0,,,female_specific
SNpp30,3,sensory neuron,0,,,female_specific
SNpp62,3,sensory neuron,0,,,female_specific
SNta01,3,sensory neuron,0,,,female_specific
SNta22,3,sensory neuron,0,,,female_specific
SNxx12,3,sensory neuron,0,,,female_specific
SNxx19,3,sensory neuron,0,,,female_specific
SNxx23,3,sensory neuron,0,,,female_specific
SpsP,3,,0,,,female_specific
Ta depressor MN,3,efferent neuron,0,,,female_specific
Tr/flexor/MN,3,efferent neuron,0,,,female_specific
VLPd&p1_dorsal_9,3,,0,,,female_specific
VLPl&p2_posterior_38,3,,0,,,female_specific
VLPl&p2_posterior_46,3,,0,,,female_specific
VLPl1_or_VLPl5_53,3,,0,,,female_specific
VLPl2_medial_92,3,,0,,,female_specific
VS3,3,,0,,,female_specific
VS5,3,,0,,,female_specific
WED067,3,,0,,,female_specific
WED093,3,,0,,,female_specific
WED144,3,,0,,,female_specific
WEDPN3,3,,0,,,female_specific
WEDa2_5,3,,0,,,female_specific
abd_Dsx_OA,3,efferent neuron,0,,,female_specific
accessory_tibia_flexor_A,3,efferent neuron,0,,,female_specific
accessory_tibia_flexor_B,3,efferent neuron,0,,,female_specific
accessory_tibia_flexor_C,3,efferent neuron,0,,,female_specific
antennal motor neuron,3,efferent neuron,0,,,female_specific
femur_reductor,3,efferent neuron,0,,,female_specific
hi1 MN,3,efferent neuron,0,,,female_specific
l_NSC_unknown,3,efferent neuron,0,,,female_specific
oviDNb-like,3,CNS neuron,0,,,female_specific
sternal_posterior_rotator,3,efferent neuron,0,,,female_specific
sternotrochanter_extensor,3,efferent neuron,0,,,female_specific
tergotrochanter_extensor,3,efferent neuron,0,,,female_specific
trochanter_flexor_dorsomedial_ribbon,3,efferent neuron,0,,,female_specific
trochanter_flexor_ventrolateral_ribbon,3,efferent neuron,0,,,female_specific
v2LN40,3,,0,,,female_specific
vPR1a,3,,0,,,female_specific
vPR6,3,,0,,,female_specific
AN01A014,2,,0,,,female_specific
AN01B002,2,,0,,,female_specific
AN04B023,2,CNS neuron,0,,,female_specific
AN05B007,2,,0,,,female_specific
AN05B052,2,,0,,,female_specific
AN05B097,2,CNS neuron,0,,,female_specific
AN06A010,2,,0,,,female_specific
AN06A030,2,,0,,,female_specific
AN06A112,2,,0,,,female_specific
AN06B007,2,,0,,,female_specific
AN06B023,2,,0,,,female_specific
AN06B051,2,,0,,,female_specific
AN07B049,2,CNS neuron,0,,,female_specific
AN07B052,2,CNS neuron,0,,,female_specific
AN07B070,2,,0,,,female_specific
AN07B085,2,CNS neuron,0,,,female_specific
AN07B091,2,,0,,,female_specific
AN08B034,2,,0,,,female_specific
AN08B099,2,,0,,,female_specific
AN09A007,2,CNS neuron,0,,,female_specific
AN09B004,2,,0,,,female_specific
AN09B015,2,,0,,,female_specific
AN09B016,2,,0,,,female_specific
AN09B023,2,,0,,,female_specific
AN10B015,2,sensory neuron,0,,,female_specific
AN10B039,2,,0,,,female_specific
AN12B008,2,,0,,,female_specific
AN12B060,2,,0,,,female_specific
AN12B089,2,,0,,,female_specific
AN17A031,2,,0,,,female_specific
AN19A018,2,,0,,,female_specific
AN19B061,2,,0,,,female_specific
AN19B063,2,,0,,,female_specific
AN19B093,2,,0,,,female_specific
AN23B001,2,,0,,,female_specific
AN27X009,2,,0,,,female_specific
ANXXX008,2,,0,,,female_specific
ANXXX043,2,,0,,,female_specific
ANXXX093,2,,0,,,female_specific
ANXXX116,2,,0,,,female_specific
ANXXX318,2,,0,,,female_specific
AN_AVLP_27,2,,0,,,female_specific
AN_GNG_194,2,,0,,,female_specific
AN_GNG_200,2,,0,,,female_specific
AN_GNG_78,2,,0,,,female_specific
AN_GNG_88,2,,0,,,female_specific
AN_GNG_94,2,CNS neuron,0,,,female_specific
AN_GNG_IPS_20,2,,0,,,female_specific
AN_GNG_IPS_4,2,,0,,,female_specific
AN_GNG_SAD_1,2,,0,,,female_specific
AN_GNG_SAD_22,2,,0,,,female_specific
AN_GNG_SAD_26,2,sensory neuron,0,,,female_specific
AN_GNG_SAD_29,2,,0,,,female_specific
AN_PRW_FLA_1,2,,0,,,female_specific
AN_SAD_FLA_1,2,sensory neuron,0,,,female_specific
AN_multi_120,2,,0,,,female_specific
AN_multi_121,2,,0,,,female_specific
AN_multi_123,2,sensory neuron,0,,,female_specific
AOTU008_a,2,,0,,,female_specific
AOTU008_b,2,,0,,,female_specific
AOTU008a,2,,0,,,female_specific
AOTU016,2,,0,,,female_specific
AOTU017,2,,0,,,female_specific
AVLP005,2,,0,,,female_specific
AVLP105,2,,0,,,female_specific
AVLP141,2,,0,,,female_specific
AVLP234b,2,,0,,,female_specific
AVLP309a,2,,0,,,female_specific
AVLP380a,2,,0,,,female_specific
AVLP441,2,,0,,,female_specific
AVLP458,2,,0,,,female_specific
AVLP569,2,,0,,,female_specific
Allatostatin-C,2,CNS neuron,0,,,female_specific
BDN2,2,CNS neuron,0,,,female_specific
BM_Oc,2,sensory neuron,0,,,female_specific
CB.FB2E3,2,,0,,,female_specific
CB.FB5C0,2,,0,,,female_specific
CB.FB6B1,2,,0,,,female_specific
CB.FB6D2,2,,0,,,female_specific
CB.FB7E2,2,,0,,,female_specific
CB.FB9C0,2,,0,,,female_specific
CB.FB9D0,2,,0,,,female_specific
CB0064,2,,0,,,female_specific
CB0094,2,,0,,,female_specific
CB0126,2,,0,,,female_specific
CB0179,2,,0,,,female_specific
CB0306,2,,0,,,female_specific
CB0336,2,,0,,,female_specific
CB0364,2,,0,,,female_specific
CB0578,2,,0,,,female_specific
CB0796,2,,0,,,female_specific
CB0875,2,,0,,,female_specific
CB0905,2,efferent neuron,0,,,female_specific
CB0967,2,,0,,,female_specific
CB1037,2,,0,,,female_specific
CB1141,2,,0,,,female_specific
CB1143,2,,0,,,female_specific
CB1152,2,,0,,,female_specific
CB1161,2,,0,,,female_specific
CB1196,2,,0,,,female_specific
CB1223,2,,0,,,female_specific
CB1234,2,,0,,,female_specific
CB1259,2,,0,,,female_specific
CB1261,2,,0,,,female_specific
CB1273,2,,0,,,female_specific
CB1302,2,,0,,,female_specific
CB1310,2,,0,,,female_specific
CB1328,2,,0,,,female_specific
CB1335,2,,0,,,female_specific
CB1371,2,,0,,,female_specific
CB1377,2,,0,,,female_specific
CB1416,2,,0,,,female_specific
CB1440,2,,0,,,female_specific
CB1443,2,,0,,,female_specific
CB1563,2,,0,,,female_specific
CB1578,2,,0,,,female_specific
CB1589,2,,0,,,female_specific
CB1713,2,,0,,,female_specific
CB1734,2,,0,,,female_specific
CB1749,2,,0,,,female_specific
CB1762,2,,0,,,female_specific
CB1810,2,,0,,,female_specific
CB1831,2,,0,,,female_specific
CB1872,2,,0,,,female_specific
CB1886,2,,0,,,female_specific
CB1893,2,,0,,,female_specific
CB1922,2,,0,,,female_specific
CB1925,2,CNS neuron,0,,,female_specific
CB1969,2,,0,,,female_specific
CB1993,2,,0,,,female_specific
CB2010,2,,0,,,female_specific
CB2011,2,,0,,,female_specific
CB2020,2,,0,,,female_specific
CB2023,2,,0,,,female_specific
CB2024,2,,0,,,female_specific
CB2030,2,,0,,,female_specific
CB2076,2,,0,,,female_specific
CB2085,2,,0,,,female_specific
CB2102,2,,0,,,female_specific
CB2128,2,,0,,,female_specific
CB2142,2,,0,,,female_specific
CB2155,2,,0,,,female_specific
CB2156,2,,0,,,female_specific
CB2169,2,,0,,,female_specific
CB2197,2,,0,,,female_specific
CB2239,2,,0,,,female_specific
CB2264,2,,0,,,female_specific
CB2266,2,,0,,,female_specific
CB2274,2,,0,,,female_specific
CB2276,2,,0,,,female_specific
CB2283,2,,0,,,female_specific
CB2307,2,,0,,,female_specific
CB2308,2,,0,,,female_specific
CB2327,2,,0,,,female_specific
CB2354,2,,0,,,female_specific
CB2368,2,,0,,,female_specific
CB2375,2,,0,,,female_specific
CB2382,2,,0,,,female_specific
CB2391,2,CNS neuron,0,,,female_specific
CB2395,2,,0,,,female_specific
CB2422,2,,0,,,female_specific
CB2424,2,,0,,,female_specific
CB2446,2,,0,,,female_specific
CB2454,2,,0,,,female_specific
CB2470,2,,0,,,female_specific
CB2474,2,,0,,,female_specific
CB2482,2,,0,,,female_specific
CB2487,2,,0,,,female_specific
CB2505,2,,0,,,female_specific
CB2564,2,,0,,,female_specific
CB2571,2,,0,,,female_specific
CB2607,2,,0,,,female_specific
CB2629,2,,0,,,female_specific
CB2634,2,,0,,,female_specific
CB2651,2,,0,,,female_specific
CB2654,2,,0,,,female_specific
CB2663,2,,0,,,female_specific
CB2665,2,,0,,,female_specific
CB2673,2,,0,,,female_specific
CB2696,2,,0,,,female_specific
CB2723,2,,0,,,female_specific
CB2728,2,,0,,,female_specific
CB2730,2,,0,,,female_specific
CB2776,2,,0,,,female_specific
CB2821,2,,0,,,female_specific
CB2841,2,,0,,,female_specific
CB2868,2,,0,,,female_specific
CB2997,2,,0,,,female_specific
CB3003,2,,0,,,female_specific
CB3011,2,,0,,,female_specific
CB3077,2,,0,,,female_specific
CB3126,2,,0,,,female_specific
CB3154,2,,0,,,female_specific
CB3177,2,CNS neuron,0,,,female_specific
CB3183,2,,0,,,female_specific
CB3219,2,,0,,,female_specific
CB3230,2,,0,,,female_specific
CB3234,2,,0,,,female_specific
CB3238,2,,0,,,female_specific
CB3262,2,,0,,,female_specific
CB3272,2,,0,,,female_specific
CB3273,2,,0,,,female_specific
CB3298,2,,0,,,female_specific
CB3317,2,,0,,,female_specific
CB3346,2,,0,,,female_specific
CB3359,2,,0,,,female_specific
CB3379,2,,0,,,female_specific
CB3422,2,,0,,,female_specific
CB3426,2,,0,,,female_specific
CB3473,2,,0,,,female_specific
CB3527,2,,0,,,female_specific
CB3546,2,,0,,,female_specific
CB3551,2,,0,,,female_specific
CB3560,2,,0,,,female_specific
CB3611,2,,0,,,female_specific
CB3651,2,,0,,,female_specific
CB3653,2,,0,,,female_specific
CB3749,2,,0,,,female_specific
CB3764,2,,0,,,female_specific
CB3787,2,,0,,,female_specific
CB3820,2,,0,,,female_specific
CB3841,2,CNS neuron,0,,,female_specific
CB3845,2,CNS neuron,0,,,female_specific
CB3858,2,,0,,,female_specific
CB3859,2,,0,,,female_specific
CIN-P9-1,2,,0,,,female_specific
CIN-P9-3,2,,0,,,female_specific
CL013,2,,0,,,female_specific
CL059,2,,0,,,female_specific
CL060,2,,0,,,female_specific
CL099a,2,,0,,,female_specific
CL161,2,,0,,,female_specific
CL209,2,,0,,,female_specific
CL210_b,2,,0,,,female_specific
CL237,2,,0,,,female_specific
CL266a,2,,0,,,female_specific
CL353,2,,0,,,female_specific
CRE094,2,,0,,,female_specific
CRZ02,2,,0,,,female_specific
CV1001,2,,0,,,female_specific
CV1003,2,,0,,,female_specific
CV1004,2,,0,,,female_specific
CV1005,2,,0,,,female_specific
CV1007,2,efferent neuron,0,,,female_specific
CV1008,2,,0,,,female_specific
CV1009,2,,0,,,female_specific
CV1010,2,,0,,,female_specific
CV1012,2,,0,,,female_specific
CV1014,2,,0,,,female_specific
CV1015,2,,0,,,female_specific
CV1017,2,,0,,,female_specific
CV1018,2,,0,,,female_specific
CV1019,2,,0,,,female_specific
CV1020,2,,0,,,female_specific
CV1021,2,,0,,,female_specific
CV1022,2,,0,,,female_specific
CV1023,2,,0,,,female_specific
CV1024,2,,0,,,female_specific
CV1025,2,sensory neuron,0,,,female_specific
CV1026,2,CNS neuron,0,,,female_specific
CV1027,2,efferent neuron,0,,,female_specific
CV1028,2,,0,,,female_specific
CV1029,2,,0,,,female_specific
CV1031,2,,0,,,female_specific
CV1032,2,,0,,,female_specific
CV1035,2,,0,,,female_specific
CV1036,2,,0,,,female_specific
CV1037,2,efferent neuron,0,,,female_specific
CV1038,2,,0,,,female_specific
CV1039,2,,0,,,female_specific
CV1040,2,,0,,,female_specific
CV1041,2,,0,,,female_specific
CV1042,2,,0,,,female_specific
CV1043,2,,0,,,female_specific
CV1044,2,,0,,,female_specific
CV1045,2,,0,,,female_specific
CV1046,2,,0,,,female_specific
CvN2,2,efferent neuron,0,,,female_specific
CvN3,2,efferent neuron,0,,,female_specific
CvN4,2,efferent neuron,0,,,female_specific
CvN6,2,efferent neuron,0,,,female_specific
CvN7,2,efferent neuron,0,,,female_specific
CvN_A1,2,efferent neuron,0,,,female_specific
DM6_posterior_55,2,,0,,,female_specific
DNa12,2,CNS neuron,0,,,female_specific
DNd01,2,,0,,,female_specific
DNde004,2,CNS neuron,0,,,female_specific
DNfl032,2,CNS neuron,0,,,female_specific
DNfl040,2,CNS neuron,0,,,female_specific
DNfl042,2,CNS neuron,0,,,female_specific
DNge005,2,CNS neuron,0,,,female_specific
DNge0128,2,CNS neuron,0,,,female_specific
DNge061,2,CNS neuron,0,,,female_specific
DNge118,2,CNS neuron,0,,,female_specific
DNit007,2,CNS neuron,0,,,female_specific
DNit012,2,CNS neuron,0,,,female_specific
DNml001,2,CNS neuron,0,,,female_specific
DNnt015,2,CNS neuron,0,,,female_specific
DNnt019,2,CNS neuron,0,,,female_specific
DNnt020,2,CNS neuron,0,,,female_specific
DNp51,2,CNS neuron,0,,,female_specific
DNut045,2,CNS neuron,0,,,female_specific
DNut050,2,CNS neuron,0,,,female_specific
DNut051,2,CNS neuron,0,,,female_specific
DNut053,2,CNS neuron,0,,,female_specific
DNxl063,2,CNS neuron,0,,,female_specific
DNxl066,2,CNS neuron,0,,,female_specific
DNxl068,2,CNS neuron,0,,,female_specific
DNxl070,2,CNS neuron,0,,,female_specific
DNxl073,2,CNS neuron,0,,,female_specific
DNxl078,2,CNS neuron,0,,,female_specific
DNxl080,2,CNS neuron,0,,,female_specific
DNxl081,2,CNS neuron,0,,,female_specific
DNxl083,2,CNS neuron,0,,,female_specific
DNxl091,2,CNS neuron,0,,,female_specific
DNxl095,2,CNS neuron,0,,,female_specific
DNxl100,2,CNS neuron,0,,,female_specific
DNxl101,2,CNS neuron,0,,,female_specific
DNxl104,2,CNS neuron,0,,,female_specific
DNxl111,2,CNS neuron,0,,,female_specific
DNxl115,2,CNS neuron,0,,,female_specific
DNxl125,2,CNS neuron,0,,,female_specific
DNxl127,2,CNS neuron,0,,,female_specific
DNxn071,2,CNS neuron,0,,,female_specific
DNxn100,2,,0,,,female_specific
DNxn102,2,CNS neuron,0,,,female_specific
DNxn104,2,CNS neuron,0,,,female_specific
DNxn111,2,CNS neuron,0,,,female_specific
DNxn113,2,CNS neuron,0,,,female_specific
DNxn114,2,CNS neuron,0,,,female_specific
DNxn126,2,CNS neuron,0,,,female_specific
DNxn127,2,CNS neuron,0,,,female_specific
DNxn129,2,CNS neuron,0,,,female_specific
DNxn136,2,CNS neuron,0,,,female_specific
DNxn139,2,CNS neuron,0,,,female_specific
DNxn143,2,CNS neuron,0,,,female_specific
DNxn145,2,CNS neuron,0,,,female_specific
DNxn151,2,CNS neuron,0,,,female_specific
DNxn155,2,CNS neuron,0,,,female_specific
DNxn157,2,CNS neuron,0,,,female_specific
DNxn159,2,CNS neuron,0,,,female_specific
DNxn184,2,CNS neuron,0,,,female_specific
DProN_v,2,efferent neuron,0,,,female_specific
EAXXX079,2,sensory neuron,0,,,female_specific
EN00B004,2,,0,,,female_specific
EN00B011,2,efferent neuron,0,,,female_specific
EN00B017,2,efferent neuron,0,,,female_specific
ENXXX128,2,efferent neuron,0,,,female_specific
ER3a_c,2,,0,,,female_specific
FB1H,2,,0,,,female_specific
FB2B_a,2,,0,,,female_specific
FB2B_b,2,,0,,,female_specific
FB2I_b,2,,0,,,female_specific
FB2J,2,,0,,,female_specific
FB4H,2,,0,,,female_specific
FB4M,2,,0,,,female_specific
FB4Q_a,2,,0,,,female_specific
FB4X,2,,0,,,female_specific
FB4Y,2,,0,,,female_specific
FB5AB,2,,0,,,female_specific
FB5G,2,,0,,,female_specific
FB6H,2,,0,,,female_specific
FB6J,2,,0,,,female_specific
FB6Z,2,,0,,,female_specific
FB8C,2,,0,,,female_specific
FB9B_a,2,,0,,,female_specific
FB9B_d,2,,0,,,female_specific
FB9C_b,2,,0,,,female_specific
GFC2,2,,0,,,female_specific
Hugin-PH,2,efferent neuron,0,,,female_specific
IB034,2,,0,,,female_specific
IB039,2,,0,,,female_specific
IB041,2,,0,,,female_specific
IN00A001,2,,0,,,female_specific
IN00A002,2,,0,,,female_specific
IN00A011,2,,0,,,female_specific
IN00A024,2,,0,,,female_specific
IN00A029,2,,0,,,female_specific
IN00A032,2,,0,,,female_specific
IN00A033,2,,0,,,female_specific
IN00A034,2,,0,,,female_specific
IN00A035,2,,0,,,female_specific
IN00A036,2,,0,,,female_specific
IN00A038,2,,0,,,female_specific
IN00A042,2,,0,,,female_specific
IN00A047,2,,0,,,female_specific
IN00A048,2,,0,,,female_specific
IN00A049,2,,0,,,female_specific
IN01A005,2,,0,,,female_specific
IN01A010,2,,0,,,female_specific
IN01A016,2,,0,,,female_specific
IN01A019,2,,0,,,female_specific
IN01A023,2,,0,,,female_specific
IN01A027,2,,0,,,female_specific
IN01A029,2,,0,,,female_specific
IN01A044,2,,0,,,female_specific
IN01A046,2,,0,,,female_specific
IN01A056,2,,0,,,female_specific
IN01A058,2,,0,,,female_specific
IN01A066,2,,0,,,female_specific
IN01A067,2,,0,,,female_specific
IN01A075,2,,0,,,female_specific
IN01A077,2,,0,,,female_specific
IN01A081,2,,0,,,female_specific
IN01A083,2,,0,,,female_specific
IN01A084,2,,0,,,female_specific
IN01A085,2,,0,,,female_specific
IN01B001,2,,0,,,female_specific
IN01B002,2,,0,,,female_specific
IN01B007,2,,0,,,female_specific
IN01B010,2,,0,,,female_specific
IN01B026,2,,0,,,female_specific
IN01B028,2,,0,,,female_specific
IN01B031,2,,0,,,female_specific
IN01B034,2,,0,,,female_specific
IN01B035,2,,0,,,female_specific
IN01B036,2,,0,,,female_specific
IN01B037,2,sensory neuron,0,,,female_specific
IN01B040,2,,0,,,female_specific
IN01B042,2,,0,,,female_specific
IN01B043,2,,0,,,female_specific
IN01B046,2,,0,,,female_specific
IN01B052,2,,0,,,female_specific
IN01B059,2,,0,,,female_specific
IN01B063,2,,0,,,female_specific
IN01B081,2,sensory neuron,0,,,female_specific
IN01B082,2,,0,,,female_specific
IN01B084,2,,0,,,female_specific
IN01B097,2,,0,,,female_specific
IN02A004,2,glia,0,,,female_specific
IN02A010,2,glia,0,,,female_specific
IN02A012,2,,0,,,female_specific
IN02A023,2,,0,,,female_specific
IN02A024,2,,0,,,female_specific
IN02A033,2,,0,,,female_specific
IN02A052,2,,0,,,female_specific
IN02A062,2,,0,,,female_specific
IN03A001,2,,0,,,female_specific
IN03A007,2,,0,,,female_specific
IN03A010,2,,0,,,female_specific
IN03A014,2,,0,,,female_specific
IN03A016,2,,0,,,female_specific
IN03A019,2,,0,,,female_specific
IN03A022,2,,0,,,female_specific
IN03A030,2,,0,,,female_specific
IN03A033,2,,0,,,female_specific
IN03A035,2,,0,,,female_specific
IN03A043,2,,0,,,female_specific
IN03A053,2,,0,,,female_specific
IN03A063,2,,0,,,female_specific
IN03A065,2,,0,,,female_specific
IN03A066,2,,0,,,female_specific
IN03A070,2,,0,,,female_specific
IN03A076,2,,0,,,female_specific
IN03A091,2,,0,,,female_specific
IN03A093,2,,0,,,female_specific
IN03B001,2,,0,,,female_specific
IN03B005,2,,0,,,female_specific
IN03B008,2,,0,,,female_specific
IN03B011,2,,0,,,female_specific
IN03B016,2,,0,,,female_specific
IN03B022,2,,0,,,female_specific
IN03B025,2,,0,,,female_specific
IN03B028,2,,0,,,female_specific
IN03B031,2,,0,,,female_specific
IN03B034,2,,0,,,female_specific
IN03B036,2,,0,,,female_specific
IN03B038,2,,0,,,female_specific
IN03B045,2,,0,,,female_specific
IN03B051,2,,0,,,female_specific
IN03B067,2,,0,,,female_specific
IN03B075,2,,0,,,female_specific
IN03B076,2,,0,,,female_specific
IN03B078,2,,0,,,female_specific
IN03B081,2,,0,,,female_specific
IN03B085,2,,0,,,female_specific
IN04B004,2,,0,,,female_specific
IN04B005,2,,0,,,female_specific
IN04B015,2,,0,,,female_specific
IN04B022,2,,0,,,female_specific
IN04B025,2,,0,,,female_specific
IN04B028,2,,0,,,female_specific
IN04B033,2,,0,,,female_specific
IN04B047,2,glia,0,,,female_specific
IN04B049,2,,0,,,female_specific
IN04B055,2,,0,,,female_specific
IN04B058,2,,0,,,female_specific
IN04B064,2,,0,,,female_specific
IN04B069,2,,0,,,female_specific
IN04B082,2,sensory neuron,0,,,female_specific
IN04B086,2,,0,,,female_specific
IN04B089,2,,0,,,female_specific
IN04B095,2,,0,,,female_specific
IN04B102,2,,0,,,female_specific
IN04B112,2,,0,,,female_specific
IN04B114,2,,0,,,female_specific
IN04B115,2,,0,,,female_specific
IN05B008,2,,0,,,female_specific
IN05B014,2,,0,,,female_specific
IN05B016,2,,0,,,female_specific
IN05B018,2,,0,,,female_specific
IN05B019,2,,0,,,female_specific
IN05B020,2,,0,,,female_specific
IN05B028,2,,0,,,female_specific
IN05B030,2,,0,,,female_specific
IN05B031,2,,0,,,female_specific
IN05B034,2,,0,,,female_specific
IN05B037,2,,0,,,female_specific
IN05B038,2,,0,,,female_specific
IN05B039,2,,0,,,female_specific
IN05B041,2,,0,,,female_specific
IN05B043,2,,0,,,female_specific
IN05B061,2,,0,,,female_specific
IN05B073,2,,0,,,female_specific
IN05B087,2,,0,,,female_specific
IN05B094,2,,0,,,female_specific
IN06A002,2,,0,,,female_specific
IN06A004,2,,0,,,female_specific
IN06A005,2,,0,,,female_specific
IN06A006,2,CNS neuron,0,,,female_specific
IN06A008,2,,0,,,female_specific
IN06A012,2,,0,,,female_specific
IN06A013,2,,0,,,female_specific
IN06A014,2,,0,,,female_specific
IN06A016,2,,0,,,female_specific
IN06A018,2,,0,,,female_specific
IN06A023,2,,0,,,female_specific
IN06A024,2,,0,,,female_specific
IN06A028,2,,0,,,female_specific
IN06A035,2,,0,,,female_specific
IN06A036,2,,0,,,female_specific
IN06A037,2,,0,,,female_specific
IN06A038,2,,0,,,female_specific
IN06A040,2,,0,,,female_specific
IN06A043,2,,0,,,female_specific
IN06A045,2,,0,,,female_specific
IN06A046,2,,0,,,female_specific
IN06A055,2,,0,,,female_specific
IN06A058,2,,0,,,female_specific
IN06A068,2,,0,,,female_specific
IN06A069,2,glia,0,,,female_specific
IN06A073,2,,0,,,female_specific
IN06A074,2,,0,,,female_specific
IN06A088,2,,0,,,female_specific
IN06A091,2,,0,,,female_specific
IN06A111,2,,0,,,female_specific
IN06A121,2,,0,,,female_specific
IN06A125,2,,0,,,female_specific
IN06A138,2,,0,,,female_specific
IN06B001,2,,0,,,female_specific
IN06B006,2,,0,,,female_specific
IN06B015,2,,0,,,female_specific
IN06B020,2,,0,,,female_specific
IN06B035,2,,0,,,female_specific
IN06B036,2,,0,,,female_specific
IN06B038,2,,0,,,female_specific
IN06B050,2,,0,,,female_specific
IN06B055,2,,0,,,female_specific
IN06B058,2,,0,,,female_specific
IN06B069,2,,0,,,female_specific
IN06B084,2,,0,,,female_specific
IN06B086,2,,0,,,female_specific
IN07B008,2,,0,,,female_specific
IN07B016,2,CNS neuron,0,,,female_specific
IN07B044,2,,0,,,female_specific
IN07B090,2,,0,,,female_specific
IN07B096,2,,0,,,female_specific
IN07B104,2,,0,,,female_specific
IN08A006,2,,0,,,female_specific
IN08A007,2,,0,,,female_specific
IN08A008,2,,0,,,female_specific
IN08A018_T2_L,2,,0,,,female_specific
IN08A019,2,,0,,,female_specific
IN08A022,2,CNS neuron,0,,,female_specific
IN08A025,2,CNS neuron,0,,,female_specific
IN08A027,2,,0,,,female_specific
IN08A034,2,CNS neuron,0,,,female_specific
IN08A047,2,,0,,,female_specific
IN08B004,2,,0,,,female_specific
IN08B019,2,CNS neuron,0,,,female_specific
IN08B021,2,,0,,,female_specific
IN08B035,2,,0,,,female_specific
IN08B037,2,,0,,,female_specific
IN08B055,2,,0,,,female_specific
IN08B064,2,,0,,,female_specific
IN08B065,2,,0,,,female_specific
IN08B072,2,,0,,,female_specific
IN08B090,2,,0,,,female_specific
IN08B104,2,,0,,,female_specific
IN09A003,2,,0,,,female_specific
IN09A004,2,,0,,,female_specific
IN09A015,2,,0,,,female_specific
IN09A018,2,,0,,,female_specific
IN09A023,2,,0,,,female_specific
IN09A031,2,,0,,,female_specific
IN09A033,2,CNS neuron,0,,,female_specific
IN09A039,2,,0,,,female_specific
IN09A042,2,,0,,,female_specific
IN09A045,2,,0,,,female_specific
IN09A046,2,,0,,,female_specific
IN09A047,2,,0,,,female_specific
IN09A049,2,CNS neuron,0,,,female_specific
IN09A050,2,CNS neuron,0,,,female_specific
IN09A052,2,,0,,,female_specific
IN09A056,2,,0,,,female_specific
IN09A061,2,CNS neuron,0,,,female_specific
IN09A068,2,,0,,,female_specific
IN09A077,2,CNS neuron,0,,,female_specific
IN09A078,2,,0,,,female_specific
IN09A085,2,CNS neuron,0,,,female_specific
IN09A088,2,,0,,,female_specific
IN09A091,2,CNS neuron,0,,,female_specific
IN09B014,2,,0,,,female_specific
IN09B018,2,,0,,,female_specific
IN09B048,2,,0,,,female_specific
IN09B050,2,CNS neuron,0,,,female_specific
IN10B030,2,,0,,,female_specific
IN10B050,2,,0,,,female_specific
IN10B059,2,,0,,,female_specific
IN11A001,2,,0,,,female_specific
IN11A013,2,,0,,,female_specific
IN11A018,2,,0,,,female_specific
IN11A026,2,,0,,,female_specific
IN11A035,2,,0,,,female_specific
IN11A044,2,,0,,,female_specific
IN11B002,2,,0,,,female_specific
IN11B006,2,,0,,,female_specific
IN11B011,2,,0,,,female_specific
IN11B012,2,,0,,,female_specific
IN12A001,2,,0,,,female_specific
IN12A004,2,,0,,,female_specific
IN12A006,2,,0,,,female_specific
IN12A009,2,,0,,,female_specific
IN12A010,2,,0,,,female_specific
IN12A011,2,,0,,,female_specific
IN12A012,2,,0,,,female_specific
IN12A019,2,,0,,,female_specific
IN12A026,2,,0,,,female_specific
IN12A050,2,,0,,,female_specific
IN12B007,2,,0,,,female_specific
IN12B012,2,,0,,,female_specific
IN12B025,2,,0,,,female_specific
IN12B030,2,,0,,,female_specific
IN12B031,2,,0,,,female_specific
IN12B034,2,glia,0,,,female_specific
IN12B036,2,,0,,,female_specific
IN12B047,2,,0,,,female_specific
IN12B053,2,,0,,,female_specific
IN12B058,2,,0,,,female_specific
IN12B060,2,,0,,,female_specific
IN12B064,2,,0,,,female_specific
IN12B070,2,,0,,,female_specific
IN12B077,2,,0,,,female_specific
IN13A011,2,CNS neuron,0,,,female_specific
IN13A031,2,,0,,,female_specific
IN13A037,2,CNS neuron,0,,,female_specific
IN13A053,2,,0,,,female_specific
IN13B006,2,,0,,,female_specific
IN13B008,2,,0,,,female_specific
IN13B015,2,,0,,,female_specific
IN13B017,2,,0,,,female_specific
IN13B028,2,,0,,,female_specific
IN13B029,2,,0,,,female_specific
IN13B033,2,,0,,,female_specific
IN13B035,2,,0,,,female_specific
IN13B041,2,,0,,,female_specific
IN13B044,2,,0,,,female_specific
IN13B045,2,,0,,,female_specific
IN13B053,2,,0,,,female_specific
IN13B055,2,,0,,,female_specific
IN13B057,2,,0,,,female_specific
IN13B072,2,,0,,,female_specific
IN13B074,2,,0,,,female_specific
IN13B076,2,,0,,,female_specific
IN13B079,2,,0,,,female_specific
IN13B098,2,CNS neuron,0,,,female_specific
IN14A010,2,,0,,,female_specific
IN14A011,2,,0,,,female_specific
IN14A014,2,,0,,,female_specific
IN14A017,2,,0,,,female_specific
IN14A018,2,,0,,,female_specific
IN14A030,2,,0,,,female_specific
IN14A036,2,,0,,,female_specific
IN14A040,2,,0,,,female_specific
IN14A063,2,,0,,,female_specific
IN14A064,2,,0,,,female_specific
IN14A078,2,sensory neuron,0,,,female_specific
IN14A108,2,,0,,,female_specific
IN14A114,2,CNS neuron,0,,,female_specific
IN14A116,2,,0,,,female_specific
IN14B001,2,,0,,,female_specific
IN14B002,2,CNS neuron,0,,,female_specific
IN14B003,2,,0,,,female_specific
IN14B004,2,CNS neuron,0,,,female_specific
IN14B006,2,,0,,,female_specific
IN14B008,2,glia,0,,,female_specific
IN14B009,2,,0,,,female_specific
IN16B033,2,,0,,,female_specific
IN16B034,2,CNS neuron,0,,,female_specific
IN16B036,2,,0,,,female_specific
IN16B041,2,CNS neuron,0,,,female_specific
IN16B045,2,CNS neuron,0,,,female_specific
IN16B052,2,,0,,,female_specific
IN16B055,2,CNS neuron,0,,,female_specific
IN16B056,2,glia,0,,,female_specific
IN16B060,2,CNS neuron,0,,,female_specific
IN16B062,2,,0,,,female_specific
IN16B065,2,,0,,,female_specific
IN16B066,2,,0,,,female_specific
IN16B073,2,,0,,,female_specific
IN16B085,2,,0,,,female_specific
IN16B089,2,,0,,,female_specific
IN16B099,2,,0,,,female_specific
IN16B102,2,CNS neuron,0,,,female_specific
IN16B117,2,,0,,,female_specific
IN16B118,2,,0,,,female_specific
IN16B125,2,,0,,,female_specific
IN17A011,2,,0,,,female_specific
IN17A023,2,,0,,,female_specific
IN17A029,2,,0,,,female_specific
IN17A072,2,,0,,,female_specific
IN17A081,2,,0,,,female_specific
IN17A082,2,,0,,,female_specific
IN17A090,2,,0,,,female_specific
IN17A096,2,,0,,,female_specific
IN17A097,2,,0,,,female_specific
IN17A100,2,,0,,,female_specific
IN17A107,2,,0,,,female_specific
IN17A118,2,,0,,,female_specific
IN17B001,2,,0,,,female_specific
IN17B006,2,,0,,,female_specific
IN17B008,2,,0,,,female_specific
IN17B010,2,,0,,,female_specific
IN18B011,2,,0,,,female_specific
IN18B012,2,sensory neuron,0,,,female_specific
IN18B027,2,,0,,,female_specific
IN18B032,2,,0,,,female_specific
IN18B040,2,,0,,,female_specific
IN18B041,2,,0,,,female_specific
IN18B043,2,,0,,,female_specific
IN18B048,2,,0,,,female_specific
IN18B051,2,,0,,,female_specific
IN18B052,2,,0,,,female_specific
IN18B054,2,,0,,,female_specific
IN19A028,2,,0,,,female_specific
IN19A031,2,,0,,,female_specific
IN19A033,2,,0,,,female_specific
IN19A034,2,,0,,,female_specific
IN19A037,2,,0,,,female_specific
IN19A040,2,,0,,,female_specific
IN19A051,2,,0,,,female_specific
IN19A055,2,,0,,,female_specific
IN19A062,2,,0,,,female_specific
IN19A068,2,,0,,,female_specific
IN19A079,2,,0,,,female_specific
IN19A080,2,,0,,,female_specific
IN19A090,2,,0,,,female_specific
IN19A103,2,,0,,,female_specific
IN19A116,2,,0,,,female_specific
IN19A142,2,,0,,,female_specific
IN19B004,2,,0,,,female_specific
IN19B010,2,,0,,,female_specific
IN19B011,2,,0,,,female_specific
IN19B012,2,,0,,,female_specific
IN19B020,2,sensory neuron,0,,,female_specific
IN19B021,2,,0,,,female_specific
IN19B030,2,,0,,,female_specific
IN19B035,2,,0,,,female_specific
IN19B038,2,,0,,,female_specific
IN19B047,2,glia,0,,,female_specific
IN19B048,2,,0,,,female_specific
IN19B050,2,,0,,,female_specific
IN19B058,2,glia,0,,,female_specific
IN19B062,2,,0,,,female_specific
IN19B080,2,,0,,,female_specific
IN19B081,2,,0,,,female_specific
IN19B084,2,,0,,,female_specific
IN19B111,2,,0,,,female_specific
IN19B112,2,,0,,,female_specific
IN20A.22A005,2,,0,,,female_specific
IN20A.22A025,2,,0,,,female_specific
IN20A.22A032,2,,0,,,female_specific
IN20A.22A037,2,,0,,,female_specific
IN20A.22A053,2,,0,,,female_specific
IN20A.22A062,2,,0,,,female_specific
IN20A.22A064,2,,0,,,female_specific
IN20A.22A077,2,,0,,,female_specific
IN20A.22A091,2,,0,,,female_specific
IN21A027,2,CNS neuron,0,,,female_specific
IN21A029,2,,0,,,female_specific
IN21A030,2,,0,,,female_specific
IN21A032,2,,0,,,female_specific
IN21A034,2,,0,,,female_specific
IN21A036,2,,0,,,female_specific
IN21A045,2,,0,,,female_specific
IN21A050,2,,0,,,female_specific
IN21A071,2,,0,,,female_specific
IN21A073,2,,0,,,female_specific
IN21A076,2,,0,,,female_specific
IN21A088,2,,0,,,female_specific
IN21A092,2,,0,,,female_specific
IN21A096,2,,0,,,female_specific
IN23B001,2,,0,,,female_specific
IN23B008,2,,0,,,female_specific
IN23B011,2,,0,,,female_specific
IN23B028,2,,0,,,female_specific
IN23B030,2,,0,,,female_specific
IN23B036,2,,0,,,female_specific
IN23B037,2,,0,,,female_specific
IN23B040,2,,0,,,female_specific
IN23B043,2,,0,,,female_specific
IN23B047,2,,0,,,female_specific
IN23B050,2,,0,,,female_specific
IN23B074,2,,0,,,female_specific
IN23B078,2,,0,,,female_specific
IN23B084,2,glia,0,,,female_specific
IN23B089,2,,0,,,female_specific
IN26X001,2,,0,,,female_specific
IN27X001,2,,0,,,female_specific
IN27X005,2,,0,,,female_specific
IN27X014,2,,0,,,female_specific
INXXX003,2,,0,,,female_specific
INXXX004,2,,0,,,female_specific
INXXX008,2,,0,,,female_specific
INXXX011,2,,0,,,female_specific
INXXX022,2,,0,,,female_specific
INXXX023,2,,0,,,female_specific
INXXX029,2,,0,,,female_specific
INXXX031,2,,0,,,female_specific
INXXX035,2,,0,,,female_specific
INXXX036,2,CNS neuron,0,,,female_specific
INXXX038,2,,0,,,female_specific
INXXX042,2,,0,,,female_specific
INXXX048,2,,0,,,female_specific
INXXX054,2,,0,,,female_specific
INXXX063,2,,0,,,female_specific
INXXX065,2,,0,,,female_specific
INXXX066,2,,0,,,female_specific
INXXX073,2,,0,,,female_specific
INXXX076,2,,0,,,female_specific
INXXX089,2,,0,,,female_specific
INXXX104,2,,0,,,female_specific
INXXX114,2,,0,,,female_specific
INXXX115,2,,0,,,female_specific
INXXX119,2,,0,,,female_specific
INXXX122,2,,0,,,female_specific
INXXX129,2,,0,,,female_specific
INXXX134,2,,0,,,female_specific
INXXX135,2,,0,,,female_specific
INXXX138,2,,0,,,female_specific
INXXX140,2,,0,,,female_specific
INXXX143,2,,0,,,female_specific
INXXX147,2,,0,,,female_specific
INXXX153,2,,0,,,female_specific
INXXX173,2,,0,,,female_specific
INXXX183,2,,0,,,female_specific
INXXX192,2,,0,,,female_specific
INXXX194,2,CNS neuron,0,,,female_specific
INXXX199,2,,0,,,female_specific
INXXX206,2,,0,,,female_specific
INXXX219,2,,0,,,female_specific
INXXX223,2,,0,,,female_specific
INXXX224,2,,0,,,female_specific
INXXX232,2,,0,,,female_specific
INXXX233,2,,0,,,female_specific
INXXX238,2,,0,,,female_specific
INXXX241,2,,0,,,female_specific
INXXX243,2,glia,0,,,female_specific
INXXX245,2,,0,,,female_specific
INXXX249,2,,0,,,female_specific
INXXX252,2,,0,,,female_specific
INXXX261,2,,0,,,female_specific
INXXX263,2,,0,,,female_specific
INXXX268,2,,0,,,female_specific
INXXX270,2,,0,,,female_specific
INXXX276,2,,0,,,female_specific
INXXX284,2,,0,,,female_specific
INXXX295,2,,0,,,female_specific
INXXX300,2,,0,,,female_specific
INXXX304,2,,0,,,female_specific
INXXX335,2,,0,,,female_specific
INXXX339,2,,0,,,female_specific
INXXX340,2,,0,,,female_specific
INXXX345,2,,0,,,female_specific
INXXX347,2,,0,,,female_specific
INXXX351,2,,0,,,female_specific
INXXX355,2,,0,,,female_specific
INXXX359,2,,0,,,female_specific
INXXX383,2,,0,,,female_specific
INXXX387,2,,0,,,female_specific
INXXX388,2,,0,,,female_specific
INXXX390,2,,0,,,female_specific
INXXX403,2,efferent neuron,0,,,female_specific
INXXX406,2,,0,,,female_specific
INXXX408,2,,0,,,female_specific
INXXX412,2,,0,,,female_specific
INXXX423,2,,0,,,female_specific
INXXX442,2,,0,,,female_specific
INXXX449,2,,0,,,female_specific
INXXX467,2,,0,,,female_specific
INXXX469,2,,0,,,female_specific
JO-FVL,2,sensory neuron,0,,,female_specific
KCab-s,2,CNS neuron,0,,,female_specific
LAL103,2,,0,,,female_specific
LAL117b,2,,0,,,female_specific
LAL168,2,,0,,,female_specific
LALv1_ventral__1,2,,0,,,female_specific
LC31c,2,,0,,,female_specific
LHAD1b2_a,2,,0,,,female_specific
LHAD1f3b,2,,0,,,female_specific
LHAD2c3c,2,,0,,,female_specific
LHAV3c1,2,,0,,,female_specific
LHAV7b1,2,,0,,,female_specific
LN_ITP,2,,0,,,female_specific
LPN,2,,0,,,female_specific
LTe49e,2,,0,,,female_specific
LTe59b,2,,0,,,female_specific
Li2,2,CNS neuron,0,,,female_specific
MNad25,2,efferent neuron,0,,,female_specific
MNad26,2,efferent neuron,0,,,female_specific
MNad36,2,efferent neuron,0,,,female_specific
MNad42,2,efferent neuron,0,,,female_specific
MNad43,2,efferent neuron,0,,,female_specific
MNad57,2,efferent neuron,0,,,female_specific
MNhl01,2,efferent neuron,0,,,female_specific
MNhl02,2,efferent neuron,0,,,female_specific
MNhl59,2,efferent neuron,0,,,female_specific
MNhl65,2,efferent neuron,0,,,female_specific
MNhl87,2,efferent neuron,0,,,female_specific
MNhm03,2,efferent neuron,0,,,female_specific
MNml29,2,efferent neuron,0,,,female_specific
MNml80,2,efferent neuron,0,,,female_specific
MNwm35,2,efferent neuron,0,,,female_specific
MNwm36,2,efferent neuron,0,,,female_specific
MNxm01,2,efferent neuron,0,,,female_specific
MNxm02,2,efferent neuron,0,,,female_specific
MX3_49,2,CNS neuron,0,,,female_specific
M_l2PN10t19,2,,0,,,female_specific
M_vPNml74,2,,0,,,female_specific
MooSEZ,2,,0,,,female_specific
PLP057b,2,,0,,,female_specific
PLP103a,2,,0,,,female_specific
PLP150c,2,,0,,,female_specific
PLP204,2,CNS neuron,0,,,female_specific
PS018,2,,0,,,female_specific
PS036,2,,0,,,female_specific
PS042,2,,0,,,female_specific
PS077,2,,0,,,female_specific
PS099,2,,0,,,female_specific
PS179,2,,0,,,female_specific
PS188a,2,,0,,,female_specific
PS225,2,CNS neuron,0,,,female_specific
PSp3__0,2,,0,,,female_specific
PVLP006,2,,0,,,female_specific
PVLP048,2,,0,,,female_specific
SAD004,2,,0,,,female_specific
SAD006,2,,0,,,female_specific
SAD075,2,,0,,,female_specific
SAF,2,,0,,,female_specific
SA_DMT_ADMN_8,2,sensory neuron,0,,,female_specific
SA_DMT_DMetaN_2,2,,0,,,female_specific
SA_MDA_1,2,sensory neuron,0,,,female_specific
SA_MDA_2,2,,0,,,female_specific
SA_MDA_4,2,sensory neuron,0,,,female_specific
SA_VTV_5,2,sensory neuron,0,,,female_specific
SA_VTV_9,2,sensory neuron,0,,,female_specific
SIP021,2,,0,,,female_specific
SIP041,2,,0,,,female_specific
SIP079,2,,0,,,female_specific
SLP005,2,CNS neuron,0,,,female_specific
SLP007a,2,,0,,,female_specific
SLP212,2,,0,,,female_specific
SLP226,2,,0,,,female_specific
SLP227,2,,0,,,female_specific
SLP288c,2,,0,,,female_specific
SLP400b,2,,0,,,female_specific
SLP402,2,,0,,,female_specific
SLP421,2,,0,,,female_specific
SMP016_a,2,,0,,,female_specific
SMP059,2,,0,,,female_specific
SMP121,2,,0,,,female_specific
SMP193b,2,,0,,,female_specific
SMP215b,2,,0,,,female_specific
SMP305,2,,0,,,female_specific
SMP330a,2,,0,,,female_specific
SMP351,2,,0,,,female_specific
SMP469,2,,0,,,female_specific
SMP484,2,,0,,,female_specific
SMP485,2,,0,,,female_specific
SMP510a,2,,0,,,female_specific
SMP544,2,,0,,,female_specific
SMP568_c,2,,0,,,female_specific
SNpp08,2,sensory neuron,0,,,female_specific
SNpp16,2,sensory neuron,0,,,female_specific
SNpp25,2,sensory neuron,0,,,female_specific
SNpp29,2,sensory neuron,0,,,female_specific
SNpp53,2,,0,,,female_specific
SNpp55,2,sensory neuron,0,,,female_specific
SNta05,2,sensory neuron,0,,,female_specific
SNta12,2,sensory neuron,0,,,female_specific
SNxx07,2,sensory neuron,0,,,female_specific
SNxx11,2,sensory neuron,0,,,female_specific
SNxx15,2,sensory neuron,0,,,female_specific
SNxx18,2,efferent neuron,0,,,female_specific
STTMm,2,efferent neuron,0,,,female_specific
VES024,2,,0,,,female_specific
VES051,2,,0,,,female_specific
VES060,2,,0,,,female_specific
VES066,2,,0,,,female_specific
VLPl2_posterior_13,2,,0,,,female_specific
VLPl2_posterior_47,2,,0,,,female_specific
VLPp&l1_posterior_25,2,,0,,,female_specific
VLPp2_37,2,,0,,,female_specific
VS1,2,,0,,,female_specific
VS2,2,,0,,,female_specific
VS7,2,,0,,,female_specific
WED002b,2,,0,,,female_specific
WED002e,2,,0,,,female_specific
WED004,2,,0,,,female_specific
WED013,2,,0,,,female_specific
WED038b,2,,0,,,female_specific
WED063_b,2,,0,,,female_specific
WED085,2,,0,,,female_specific
WED130,2,,0,,,female_specific
WED154,2,,0,,,female_specific
WED166_c,2,,0,,,female_specific
WEDPN8C,2,,0,,,female_specific
XA,2,,0,,,female_specific
Z_lvPNm1,2,,0,,,female_specific
aIPg2,2,,0,,,female_specific
aSP-f3,2,,0,,,female_specific
aSP-g1,2,,0,,,female_specific
accessory_trochanter_flexor,2,efferent neuron,0,,,female_specific
b1 MN,2,efferent neuron,0,,,female_specific
b2 MN,2,efferent neuron,0,,,female_specific
b3 MN,2,efferent neuron,0,,,female_specific
bIPS,2,CNS neuron,0,,,female_specific
giant fiber,2,CNS neuron,0,,,female_specific
hDVM MN,2,efferent neuron,0,,,female_specific
hg1 MN,2,efferent neuron,0,,,female_specific
hg2 MN,2,efferent neuron,0,,,female_specific
hg3 MN,2,efferent neuron,0,,,female_specific
hg4 MN,2,efferent neuron,0,,,female_specific
hi2 MN,2,efferent neuron,0,,,female_specific
hiii2 MN,2,efferent neuron,0,,,female_specific
i1 MN,2,efferent neuron,0,,,female_specific
i2 MN,2,efferent neuron,0,,,female_specific
iii3 MN,2,efferent neuron,0,,,female_specific
lLN16A,2,,0,,,female_specific
long_tendon_muscle_A,2,efferent neuron,0,,,female_specific
long_tendon_muscle_A_dipalpha,2,efferent neuron,0,,,female_specific
mALC2,2,CNS neuron,0,,,female_specific
moonwalker descending neuron,2,,0,,,female_specific
oviDNb,2,CNS neuron,0,,,female_specific
oviDNd,2,CNS neuron,0,,,female_specific
peripherally synapsing interneuron,2,efferent neuron,0,,,female_specific
ps1 MN,2,efferent neuron,0,,,female_specific
ps2 MN,2,efferent neuron,0,,,female_specific
sternal_anterior_rotator_miller_31,2,efferent neuron,0,,,female_specific
synapseless descending,2,CNS neuron,0,,,female_specific
tarsus_depressor_A,2,efferent neuron,0,,,female_specific
tp1 MN,2,efferent neuron,0,,,female_specific
tp2 MN,2,efferent neuron,0,,,female_specific
tpn MN,2,efferent neuron,0,,,female_specific
trochanter_flexor_posterior_soma_ProAN,2,efferent neuron,0,,,female_specific
v2LN41,2,,0,,,female_specific
v2LN46,2,,0,,,female_specific
vMS11,2,,0,,,female_specific
vMS17,2,,0,,,female_specific
5th-LNv,1,,0,,,female_specific
ADNM1,1,efferent neuron,0,,,female_specific
ADNM2,1,efferent neuron,0,,,female_specific
AN00A002,1,,0,,,female_specific
AN00A006,1,,0,,,female_specific
AN01A021,1,,0,,,female_specific
AN01A033,1,,0,,,female_specific
AN01B018,1,sensory neuron,0,,,female_specific
AN02A002,1,,0,,,female_specific
AN02A017,1,,0,,,female_specific
AN03B009,1,,0,,,female_specific
AN03B011,1,CNS neuron,0,,,female_specific
AN03B050,1,,0,,,female_specific
AN04B004,1,,0,,,female_specific
AN05B009,1,,0,,,female_specific
AN05B015,1,,0,,,female_specific
AN05B026,1,,0,,,female_specific
AN05B027,1,,0,,,female_specific
AN05B048,1,,0,,,female_specific
AN05B049,1,,0,,,female_specific
AN05B050,1,,0,,,female_specific
AN05B063,1,,0,,,female_specific
AN05B071,1,,0,,,female_specific
AN05B083,1,,0,,,female_specific
AN05B100,1,,0,,,female_specific
AN05B102,1,,0,,,female_specific
AN06A017,1,,0,,,female_specific
AN06A092,1,sensory neuron,0,,,female_specific
AN06B014,1,,0,,,female_specific
AN06B031,1,,0,,,female_specific
AN06B037,1,,0,,,female_specific
AN06B039,1,,0,,,female_specific
AN06B040,1,,0,,,female_specific
AN06B068,1,,0,,,female_specific
AN07B004,1,,0,,,female_specific
AN07B005,1,,0,,,female_specific
AN07B017,1,CNS neuron,0,,,female_specific
AN07B024,1,,0,,,female_specific
AN07B032,1,,0,,,female_specific
AN07B036,1,,0,,,female_specific
AN07B046,1,,0,,,female_specific
AN07B050,1,,0,,,female_specific
AN07B060,1,,0,,,female_specific
AN07B062,1,,0,,,female_specific
AN08B009,1,CNS neuron,0,,,female_specific
AN08B022,1,,0,,,female_specific
AN08B023,1,,0,,,female_specific
AN08B081,1,,0,,,female_specific
AN08B100,1,,0,,,female_specific
AN08B101,1,,0,,,female_specific
AN08B107,1,,0,,,female_specific
AN08B109,1,,0,,,female_specific
AN08B110,1,,0,,,female_specific
AN08B112,1,,0,,,female_specific
AN09B003,1,,0,,,female_specific
AN09B009,1,,0,,,female_specific
AN09B024,1,,0,,,female_specific
AN09B026,1,,0,,,female_specific
AN09B029,1,,0,,,female_specific
AN09B031,1,,0,,,female_specific
AN09B032,1,,0,,,female_specific
AN09B037,1,,0,,,female_specific
AN10B029,1,,0,,,female_specific
AN10B049,1,,0,,,female_specific
AN10B056,1,,0,,,female_specific
AN11B008,1,,0,,,female_specific
AN11B012,1,,0,,,female_specific
AN12A003,1,,0,,,female_specific
AN12A017,1,,0,,,female_specific
AN12B001,1,,0,,,female_specific
AN12B004,1,,0,,,female_specific
AN13B002,1,,0,,,female_specific
AN16B081,1,,0,,,female_specific
AN17A004,1,,0,,,female_specific
AN17A008,1,,0,,,female_specific
AN17A012,1,,0,,,female_specific
AN17A013,1,,0,,,female_specific
AN17A014,1,,0,,,female_specific
AN17B007,1,,0,,,female_specific
AN18B002,1,,0,,,female_specific
AN18B003,1,,0,,,female_specific
AN18B004,1,,0,,,female_specific
AN18B020,1,,0,,,female_specific
AN18B025,1,CNS neuron,0,,,female_specific
AN18B032,1,,0,,,female_specific
AN18B053,1,,0,,,female_specific
AN19A018_d,1,,0,,,female_specific
AN19B004,1,,0,,,female_specific
AN19B015,1,,0,,,female_specific
AN19B024,1,,0,,,female_specific
AN19B042,1,,0,,,female_specific
AN19B049,1,,0,,,female_specific
AN19B051,1,,0,,,female_specific
AN19B099,1,,0,,,female_specific
AN19B100,1,,0,,,female_specific
AN19B101,1,,0,,,female_specific
AN19B102,1,,0,,,female_specific
AN19B106,1,,0,,,female_specific
AN23B002,1,,0,,,female_specific
AN23B004,1,,0,,,female_specific
AN27X008,1,,0,,,female_specific
AN27X017,1,,0,,,female_specific
ANXXX002,1,,0,,,female_specific
ANXXX007,1,,0,,,female_specific
ANXXX023,1,,0,,,female_specific
ANXXX027,1,,0,,,female_specific
ANXXX033,1,,0,,,female_specific
ANXXX055,1,,0,,,female_specific
ANXXX075,1,,0,,,female_specific
ANXXX090,1,,0,,,female_specific
ANXXX092,1,,0,,,female_specific
ANXXX109,1,,0,,,female_specific
ANXXX151,1,,0,,,female_specific
ANXXX214,1,,0,,,female_specific
ANXXX410,1,,0,,,female_specific
ANXXX434,1,,0,,,female_specific
AN_4_4c359f9c,1,,0,,,female_specific
AN_4_c964e2c2,1,sensory neuron,0,,,female_specific
AN_AVLP_12,1,,0,,,female_specific
AN_AVLP_28,1,,0,,,female_specific
AN_AVLP_PVLP_7,1,,0,,,female_specific
AN_FLA_1,1,,0,,,female_specific
AN_GNG_1,1,,0,,,female_specific
AN_GNG_103,1,,0,,,female_specific
AN_GNG_138,1,,0,,,female_specific
AN_GNG_143,1,,0,,,female_specific
AN_GNG_17,1,,0,,,female_specific
AN_GNG_177,1,,0,,,female_specific
AN_GNG_48,1,,0,,,female_specific
AN_GNG_55,1,,0,,,female_specific
AN_GNG_61,1,,0,,,female_specific
AN_GNG_FLA_4,1,,0,,,female_specific
AN_GNG_IPS_15,1,,0,,,female_specific
AN_GNG_IPS_18,1,,0,,,female_specific
AN_GNG_SAD_25,1,,0,,,female_specific
AN_SMP_1,1,,0,,,female_specific
AN_SMP_3,1,,0,,,female_specific
AN_SMP_FLA_1,1,,0,,,female_specific
AN_VES_GNG_6,1,,0,,,female_specific
AN_multi_107,1,,0,,,female_specific
AN_multi_25,1,,0,,,female_specific
AN_multi_34,1,,0,,,female_specific
AN_multi_35,1,,0,,,female_specific
AN_multi_44,1,,0,,,female_specific
AOTU002_b,1,,0,,,female_specific
AOTU003,1,,0,,,female_specific
AOTU008b,1,,0,,,female_specific
AOTU008c,1,,0,,,female_specific
ATL045,1,,0,,,female_specific
AVLP006a,1,,0,,,female_specific
AVLP007,1,,0,,,female_specific
AVLP010,1,,0,,,female_specific
AVLP100,1,,0,,,female_specific
AVLP142,1,,0,,,female_specific
AVLP143a,1,,0,,,female_specific
AVLP143b,1,,0,,,female_specific
AVLP145,1,,0,,,female_specific
AVLP199,1,,0,,,female_specific
AVLP204,1,,0,,,female_specific
AVLP234a,1,,0,,,female_specific
AVLP246,1,,0,,,female_specific
AVLP313,1,,0,,,female_specific
AVLP338,1,,0,,,female_specific
AVLP559b,1,,0,,,female_specific
AVLP559c,1,,0,,,female_specific
Acc./ti/flexor/MN,1,efferent neuron,0,,,female_specific
BM_Or,1,,0,,,female_specific
CB.FB2E2,1,,0,,,female_specific
CB.FB5B1,1,,0,,,female_specific
CB.FB5D1,1,,0,,,female_specific
CB.FB5D7,1,,0,,,female_specific
CB.FB5I0,1,,0,,,female_specific
CB.FB5I1,1,,0,,,female_specific
CB.FB5I3,1,CNS neuron,0,,,female_specific
CB.FB5I4,1,,0,,,female_specific
CB.FB6C2,1,,0,,,female_specific
CB.FB6C4,1,,0,,,female_specific
CB.FB6D1,1,,0,,,female_specific
CB.FB7B0,1,,0,,,female_specific
CB.FB7C0,1,,0,,,female_specific
CB.FB7D0,1,,0,,,female_specific
CB.FB7E1,1,,0,,,female_specific
CB.FB8C0,1,,0,,,female_specific
CB0056,1,,0,,,female_specific
CB0129,1,,0,,,female_specific
CB0149,1,,0,,,female_specific
CB0151,1,,0,,,female_specific
CB0314,1,,0,,,female_specific
CB0339,1,,0,,,female_specific
CB0342,1,,0,,,female_specific
CB0642,1,,0,,,female_specific
CB0659,1,,0,,,female_specific
CB0662,1,,0,,,female_specific
CB0793,1,,0,,,female_specific
CB0944,1,,0,,,female_specific
CB0965,1,,0,,,female_specific
CB0968,1,,0,,,female_specific
CB1001,1,,0,,,female_specific
CB1006,1,,0,,,female_specific
CB1018,1,,0,,,female_specific
CB1022,1,,0,,,female_specific
CB1025,1,,0,,,female_specific
CB1043,1,,0,,,female_specific
CB1058,1,,0,,,female_specific
CB1061,1,,0,,,female_specific
CB1084,1,,0,,,female_specific
CB1093,1,,0,,,female_specific
CB1107,1,,0,,,female_specific
CB1110,1,,0,,,female_specific
CB1115,1,,0,,,female_specific
CB1118,1,,0,,,female_specific
CB1119,1,,0,,,female_specific
CB1129,1,,0,,,female_specific
CB1130,1,,0,,,female_specific
CB1172,1,,0,,,female_specific
CB1175,1,,0,,,female_specific
CB1192,1,,0,,,female_specific
CB1197,1,,0,,,female_specific
CB1207,1,,0,,,female_specific
CB1211,1,,0,,,female_specific
CB1224,1,,0,,,female_specific
CB1250,1,,0,,,female_specific
CB1285,1,,0,,,female_specific
CB1288,1,,0,,,female_specific
CB1317,1,,0,,,female_specific
CB1327,1,,0,,,female_specific
CB1354,1,,0,,,female_specific
CB1370,1,,0,,,female_specific
CB1378,1,,0,,,female_specific
CB1390,1,,0,,,female_specific
CB1395,1,,0,,,female_specific
CB1400,1,,0,,,female_specific
CB1402,1,,0,,,female_specific
CB1410,1,,0,,,female_specific
CB1422,1,,0,,,female_specific
CB1423,1,,0,,,female_specific
CB1426,1,,0,,,female_specific
CB1449,1,,0,,,female_specific
CB1485,1,,0,,,female_specific
CB1499,1,,0,,,female_specific
CB1567,1,,0,,,female_specific
CB1597,1,,0,,,female_specific
CB1611,1,,0,,,female_specific
CB1624,1,,0,,,female_specific
CB1630,1,,0,,,female_specific
CB1666,1,,0,,,female_specific
CB1681,1,,0,,,female_specific
CB1690,1,,0,,,female_specific
CB1785,1,,0,,,female_specific
CB1837,1,,0,,,female_specific
CB1860,1,,0,,,female_specific
CB1862,1,,0,,,female_specific
CB1868,1,,0,,,female_specific
CB1875,1,,0,,,female_specific
CB1892,1,,0,,,female_specific
CB1894,1,,0,,,female_specific
CB1905,1,,0,,,female_specific
CB1951,1,,0,,,female_specific
CB1963,1,,0,,,female_specific
CB1970,1,,0,,,female_specific
CB1991,1,,0,,,female_specific
CB2009,1,,0,,,female_specific
CB2016,1,,0,,,female_specific
CB2021,1,,0,,,female_specific
CB2034,1,,0,,,female_specific
CB2039,1,,0,,,female_specific
CB2062,1,,0,,,female_specific
CB2077,1,,0,,,female_specific
CB2094,1,,0,,,female_specific
CB2101,1,,0,,,female_specific
CB2120,1,,0,,,female_specific
CB2138,1,,0,,,female_specific
CB2168,1,,0,,,female_specific
CB2173,1,,0,,,female_specific
CB2176,1,,0,,,female_specific
CB2193,1,,0,,,female_specific
CB2236,1,,0,,,female_specific
CB2241,1,,0,,,female_specific
CB2265,1,,0,,,female_specific
CB2277,1,,0,,,female_specific
CB2284,1,,0,,,female_specific
CB2326,1,,0,,,female_specific
CB2338,1,,0,,,female_specific
CB2352,1,,0,,,female_specific
CB2360,1,,0,,,female_specific
CB2381,1,,0,,,female_specific
CB2394,1,,0,,,female_specific
CB2406,1,,0,,,female_specific
CB2418,1,,0,,,female_specific
CB2421,1,CNS neuron,0,,,female_specific
CB2449,1,,0,,,female_specific
CB2451,1,,0,,,female_specific
CB2468,1,,0,,,female_specific
CB2510,1,,0,,,female_specific
CB2542,1,,0,,,female_specific
CB2544,1,,0,,,female_specific
CB2547,1,,0,,,female_specific
CB2566,1,,0,,,female_specific
CB2573,1,,0,,,female_specific
CB2579,1,,0,,,female_specific
CB2590,1,,0,,,female_specific
CB2608,1,,0,,,female_specific
CB2610,1,,0,,,female_specific
CB2618,1,,0,,,female_specific
CB2637,1,,0,,,female_specific
CB2698,1,,0,,,female_specific
CB2717,1,,0,,,female_specific
CB2741,1,,0,,,female_specific
CB2747,1,,0,,,female_specific
CB2758,1,,0,,,female_specific
CB2762,1,,0,,,female_specific
CB2768,1,,0,,,female_specific
CB2783,1,,0,,,female_specific
CB2791,1,,0,,,female_specific
CB2809,1,,0,,,female_specific
CB2822,1,,0,,,female_specific
CB2835,1,,0,,,female_specific
CB2848,1,,0,,,female_specific
CB2849,1,,0,,,female_specific
CB2883,1,,0,,,female_specific
CB2886,1,,0,,,female_specific
CB2894,1,,0,,,female_specific
CB2900,1,,0,,,female_specific
CB2914,1,,0,,,female_specific
CB2915,1,,0,,,female_specific
CB2930,1,,0,,,female_specific
CB2986,1,,0,,,female_specific
CB2999,1,,0,,,female_specific
CB3035,1,,0,,,female_specific
CB3048,1,,0,,,female_specific
CB3063,1,,0,,,female_specific
CB3066,1,,0,,,female_specific
CB3079,1,,0,,,female_specific
CB3107,1,,0,,,female_specific
CB3108,1,,0,,,female_specific
CB3117,1,,0,,,female_specific
CB3125,1,,0,,,female_specific
CB3129,1,,0,,,female_specific
CB3174,1,,0,,,female_specific
CB3179,1,,0,,,female_specific
CB3188,1,,0,,,female_specific
CB3192,1,,0,,,female_specific
CB3195,1,,0,,,female_specific
CB3196,1,,0,,,female_specific
CB3210,1,,0,,,female_specific
CB3227,1,,0,,,female_specific
CB3235,1,,0,,,female_specific
CB3260,1,,0,,,female_specific
CB3285,1,,0,,,female_specific
CB3312,1,,0,,,female_specific
CB3314,1,,0,,,female_specific
CB3327,1,,0,,,female_specific
CB3342,1,,0,,,female_specific
CB3349,1,,0,,,female_specific
CB3355,1,,0,,,female_specific
CB3356,1,,0,,,female_specific
CB3363,1,,0,,,female_specific
CB3377,1,,0,,,female_specific
CB3378,1,,0,,,female_specific
CB3397,1,,0,,,female_specific
CB3401,1,,0,,,female_specific
CB3406,1,,0,,,female_specific
CB3418,1,,0,,,female_specific
CB3424,1,,0,,,female_specific
CB3429,1,,0,,,female_specific
CB3442,1,,0,,,female_specific
CB3444,1,,0,,,female_specific
CB3467,1,,0,,,female_specific
CB3468,1,,0,,,female_specific
CB3470,1,,0,,,female_specific
CB3485,1,,0,,,female_specific
CB3522,1,,0,,,female_specific
CB3529,1,,0,,,female_specific
CB3533,1,,0,,,female_specific
CB3536,1,,0,,,female_specific
CB3554,1,,0,,,female_specific
CB3568,1,,0,,,female_specific
CB3572,1,,0,,,female_specific
CB3587,1,,0,,,female_specific
CB3589,1,,0,,,female_specific
CB3597,1,,0,,,female_specific
CB3602,1,,0,,,female_specific
CB3605,1,,0,,,female_specific
CB3609,1,,0,,,female_specific
CB3648,1,,0,,,female_specific
CB3650,1,,0,,,female_specific
CB3662,1,,0,,,female_specific
CB3687,1,,0,,,female_specific
CB3699,1,,0,,,female_specific
CB3705,1,,0,,,female_specific
CB3721,1,,0,,,female_specific
CB3750,1,,0,,,female_specific
CB3753,1,,0,,,female_specific
CB3755,1,,0,,,female_specific
CB3772,1,,0,,,female_specific
CB3774,1,,0,,,female_specific
CB3800,1,CNS neuron,0,,,female_specific
CB3802,1,,0,,,female_specific
CB3814,1,,0,,,female_specific
CB3826,1,CNS neuron,0,,,female_specific
CB3843,1,CNS neuron,0,,,female_specific
CB3844,1,,0,,,female_specific
CB3850,1,,0,,,female_specific
CL014,1,,0,,,female_specific
CL024a,1,,0,,,female_specific
CL037,1,,0,,,female_specific
CL078b,1,,0,,,female_specific
CL117,1,,0,,,female_specific
CL160a,1,,0,,,female_specific
CL160b,1,,0,,,female_specific
CL184,1,,0,,,female_specific
CL206,1,,0,,,female_specific
CL225,1,,0,,,female_specific
CL240,1,,0,,,female_specific
CL243,1,,0,,,female_specific
CL277,1,,0,,,female_specific
CL278,1,,0,,,female_specific
CL279,1,,0,,,female_specific
CL296,1,,0,,,female_specific
CL354,1,,0,,,female_specific
CMU,1,efferent neuron,0,,,female_specific
CMU-like,1,efferent neuron,0,,,female_specific
CRE014,1,,0,,,female_specific
CRE043_a,1,,0,,,female_specific
CRE080b,1,,0,,,female_specific
CRE084,1,,0,,,female_specific
CRE099,1,,0,,,female_specific
CRZ01,1,,0,,,female_specific
CvN5,1,efferent neuron,0,,,female_specific
CvN5-8,1,efferent neuron,0,,,female_specific
CvN_A2,1,efferent neuron,0,,,female_specific
DM2_central__0,1,,0,,,female_specific
DM2_or_DM3_posterior__1,1,,0,,,female_specific
DM4_dorsal_63,1,,0,,,female_specific
DM5_central_26,1,,0,,,female_specific
DM6_central1__0,1,,0,,,female_specific
DM6_posterior_60,1,,0,,,female_specific
DM6_posterior__1,1,,0,,,female_specific
DM6_posterior__8,1,,0,,,female_specific
DM6_ventral__3,1,,0,,,female_specific
DN1pE,1,,0,,,female_specific
DNa13_a,1,CNS neuron,0,,,female_specific
DNa13_b,1,CNS neuron,0,,,female_specific
DNad005,1,CNS neuron,0,,,female_specific
DNfl003_CvC_L,1,CNS neuron,0,,,female_specific
DNfl013,1,sensory neuron,0,,,female_specific
DNfl017,1,,0,,,female_specific
DNfl022,1,CNS neuron,0,,,female_specific
DNfl027,1,CNS neuron,0,,,female_specific
DNfl028,1,,0,,,female_specific
DNfl030,1,,0,,,female_specific
DNfl031,1,CNS neuron,0,,,female_specific
DNfl033,1,CNS neuron,0,,,female_specific
DNfl035,1,CNS neuron,0,,,female_specific
DNfl037,1,CNS neuron,0,,,female_specific
DNfl041,1,CNS neuron,0,,,female_specific
DNfl044,1,CNS neuron,0,,,female_specific
DNit004,1,,0,,,female_specific
DNit008,1,CNS neuron,0,,,female_specific
DNnt010,1,CNS neuron,0,,,female_specific
DNnt017,1,CNS neuron,0,,,female_specific
DNp37,1,sensory neuron,0,,,female_specific
DNut043,1,CNS neuron,0,,,female_specific
DNut048,1,CNS neuron,0,,,female_specific
DNxl014,1,CNS neuron,0,,,female_specific
DNxl021,1,CNS neuron,0,,,female_specific
DNxl072,1,CNS neuron,0,,,female_specific
DNxl085,1,sensory neuron,0,,,female_specific
DNxl086,1,CNS neuron,0,,,female_specific
DNxl088,1,CNS neuron,0,,,female_specific
DNxl094,1,sensory neuron,0,,,female_specific
DNxl096,1,CNS neuron,0,,,female_specific
DNxl098,1,CNS neuron,0,,,female_specific
DNxl099,1,CNS neuron,0,,,female_specific
DNxl103,1,CNS neuron,0,,,female_specific
DNxl105,1,CNS neuron,0,,,female_specific
DNxl110,1,CNS neuron,0,,,female_specific
DNxl113,1,CNS neuron,0,,,female_specific
DNxl117,1,CNS neuron,0,,,female_specific
DNxl119,1,CNS neuron,0,,,female_specific
DNxl120,1,CNS neuron,0,,,female_specific
DNxl121,1,CNS neuron,0,,,female_specific
DNxl128,1,CNS neuron,0,,,female_specific
DNxl129,1,CNS neuron,0,,,female_specific
DNxl130,1,CNS neuron,0,,,female_specific
DNxl132,1,CNS neuron,0,,,female_specific
DNxl134,1,CNS neuron,0,,,female_specific
DNxn007,1,CNS neuron,0,,,female_specific
DNxn101,1,CNS neuron,0,,,female_specific
DNxn103,1,CNS neuron,0,,,female_specific
DNxn105,1,CNS neuron,0,,,female_specific
DNxn106,1,,0,,,female_specific
DNxn110,1,CNS neuron,0,,,female_specific
DNxn116,1,CNS neuron,0,,,female_specific
DNxn131,1,CNS neuron,0,,,female_specific
DNxn132,1,CNS neuron,0,,,female_specific
DNxn133,1,,0,,,female_specific
DNxn137,1,CNS neuron,0,,,female_specific
DNxn140,1,CNS neuron,0,,,female_specific
DNxn141,1,CNS neuron,0,,,female_specific
DNxn147,1,CNS neuron,0,,,female_specific
DNxn152,1,CNS neuron,0,,,female_specific
DNxn153,1,CNS neuron,0,,,female_specific
DNxn160,1,CNS neuron,0,,,female_specific
DNxn162,1,CNS neuron,0,,,female_specific
DNxn167,1,CNS neuron,0,,,female_specific
DNxn170,1,CNS neuron,0,,,female_specific
DNxn171,1,CNS neuron,0,,,female_specific
DNxn172,1,CNS neuron,0,,,female_specific
DNxn177,1,CNS neuron,0,,,female_specific
DNxn178,1,,0,,,female_specific
DNxn180,1,CNS neuron,0,,,female_specific
DVM3a-b,1,efferent neuron,0,,,female_specific
DVMn/3a/b,1,efferent neuron,0,,,female_specific
Dm8a,1,,0,,,female_specific
Dm8b,1,,0,,,female_specific
EBa1_14,1,,0,,,female_specific
EN00B001,1,efferent neuron,0,,,female_specific
EN00B008,1,efferent neuron,0,,,female_specific
EN00B010,1,sensory neuron,0,,,female_specific
EN00B013,1,efferent neuron,0,,,female_specific
EN00B015,1,efferent neuron,0,,,female_specific
EN00B019,1,efferent neuron,0,,,female_specific
EN00B024,1,efferent neuron,0,,,female_specific
EN00B025,1,efferent neuron,0,,,female_specific
ENXXX012,1,efferent neuron,0,,,female_specific
ExR2_1,1,,0,,,female_specific
ExR2_2,1,,0,,,female_specific
FB1C,1,,0,,,female_specific
FB1D,1,,0,,,female_specific
FB1G,1,,0,,,female_specific
FB2A,1,,0,,,female_specific
FB2H_b,1,,0,,,female_specific
FB2K,1,,0,,,female_specific
FB4B,1,,0,,,female_specific
FB4C,1,,0,,,female_specific
FB4F_b,1,,0,,,female_specific
FB4L,1,,0,,,female_specific
FB4N,1,,0,,,female_specific
FB4P_b,1,,0,,,female_specific
FB5H,1,,0,,,female_specific
FB5I,1,,0,,,female_specific
FB6C_a,1,,0,,,female_specific
FB6F,1,,0,,,female_specific
FB6K,1,,0,,,female_specific
FB6M,1,,0,,,female_specific
FB6O,1,,0,,,female_specific
FB7G,1,,0,,,female_specific
FB8B,1,,0,,,female_specific
FETi,1,efferent neuron,0,,,female_specific
IB036,1,,0,,,female_specific
IB040,1,,0,,,female_specific
IB054,1,,0,,,female_specific
IB098,1,,0,,,female_specific
IB107,1,,0,,,female_specific
IN00A007,1,,0,,,female_specific
IN00A014,1,,0,,,female_specific
IN00A017,1,,0,,,female_specific
IN00A018,1,,0,,,female_specific
IN00A026,1,,0,,,female_specific
IN00A030,1,,0,,,female_specific
IN00A044,1,,0,,,female_specific
IN00A051,1,,0,,,female_specific
IN00A054,1,,0,,,female_specific
IN00A059,1,,0,,,female_specific
IN00A061,1,,0,,,female_specific
IN00A062,1,,0,,,female_specific
IN01A007,1,,0,,,female_specific
IN01A009,1,,0,,,female_specific
IN01A012,1,,0,,,female_specific
IN01A022,1,,0,,,female_specific
IN01A026,1,,0,,,female_specific
IN01A028,1,,0,,,female_specific
IN01A032,1,,0,,,female_specific
IN01A034,1,,0,,,female_specific
IN01A036,1,,0,,,female_specific
IN01A037,1,,0,,,female_specific
IN01A042,1,,0,,,female_specific
IN01A050,1,,0,,,female_specific
IN01A057,1,,0,,,female_specific
IN01A063,1,CNS neuron,0,,,female_specific
IN01A064,1,,0,,,female_specific
IN01A073,1,,0,,,female_specific
IN01A074,1,,0,,,female_specific
IN01A076,1,,0,,,female_specific
IN01B006,1,,0,,,female_specific
IN01B017,1,,0,,,female_specific
IN01B021,1,,0,,,female_specific
IN01B022,1,,0,,,female_specific
IN01B023,1,,0,,,female_specific
IN01B030,1,,0,,,female_specific
IN01B047,1,,0,,,female_specific
IN01B049,1,,0,,,female_specific
IN01B051,1,,0,,,female_specific
IN01B054,1,,0,,,female_specific
IN01B057,1,,0,,,female_specific
IN01B064,1,,0,,,female_specific
IN01B068,1,,0,,,female_specific
IN01B069,1,,0,,,female_specific
IN01B073,1,,0,,,female_specific
IN01B074,1,,0,,,female_specific
IN01B075,1,sensory neuron,0,,,female_specific
IN01B077,1,,0,,,female_specific
IN01B079,1,,0,,,female_specific
IN01B088,1,sensory neuron,0,,,female_specific
IN01B090,1,,0,,,female_specific
IN01B092,1,,0,,,female_specific
IN01B094,1,,0,,,female_specific
IN01B095,1,sensory neuron,0,,,female_specific
IN01B096,1,,0,,,female_specific
IN01B101,1,,0,,,female_specific
IN01B102,1,,0,,,female_specific
IN02A003,1,,0,,,female_specific
IN02A007,1,,0,,,female_specific
IN02A008,1,,0,,,female_specific
IN02A014,1,,0,,,female_specific
IN02A021,1,,0,,,female_specific
IN02A028,1,,0,,,female_specific
IN02A034,1,,0,,,female_specific
IN02A035,1,,0,,,female_specific
IN02A036,1,,0,,,female_specific
IN02A040,1,,0,,,female_specific
IN02A047,1,,0,,,female_specific
IN02A048,1,CNS neuron,0,,,female_specific
IN02A051,1,,0,,,female_specific
IN02A056,1,,0,,,female_specific
IN02A063,1,,0,,,female_specific
IN02A065,1,,0,,,female_specific
IN03A003,1,,0,,,female_specific
IN03A004,1,,0,,,female_specific
IN03A009,1,,0,,,female_specific
IN03A012,1,,0,,,female_specific
IN03A023,1,,0,,,female_specific
IN03A025,1,,0,,,female_specific
IN03A027,1,,0,,,female_specific
IN03A029,1,,0,,,female_specific
IN03A034,1,,0,,,female_specific
IN03A042,1,,0,,,female_specific
IN03A045,1,,0,,,female_specific
IN03A049,1,,0,,,female_specific
IN03A056,1,,0,,,female_specific
IN03A057,1,,0,,,female_specific
IN03A058,1,,0,,,female_specific
IN03A078,1,,0,,,female_specific
IN03A079,1,,0,,,female_specific
IN03A080,1,,0,,,female_specific
IN03A096,1,,0,,,female_specific
IN03B024,1,,0,,,female_specific
IN03B049,1,sensory neuron,0,,,female_specific
IN03B073,1,,0,,,female_specific
IN03B082,1,,0,,,female_specific
IN03B084,1,,0,,,female_specific
IN04B001,1,,0,,,female_specific
IN04B011,1,,0,,,female_specific
IN04B018,1,,0,,,female_specific
IN04B035,1,,0,,,female_specific
IN04B036,1,,0,,,female_specific
IN04B038,1,,0,,,female_specific
IN04B039,1,,0,,,female_specific
IN04B052,1,,0,,,female_specific
IN04B053,1,,0,,,female_specific
IN04B056,1,,0,,,female_specific
IN04B057,1,,0,,,female_specific
IN04B061,1,,0,,,female_specific
IN04B083,1,,0,,,female_specific
IN04B093,1,glia,0,,,female_specific
IN04B097,1,,0,,,female_specific
IN04B103,1,,0,,,female_specific
IN04B106,1,,0,,,female_specific
IN04B108,1,,0,,,female_specific
IN04B109,1,,0,,,female_specific
IN05B001,1,,0,,,female_specific
IN05B002,1,,0,,,female_specific
IN05B003,1,,0,,,female_specific
IN05B005,1,,0,,,female_specific
IN05B012,1,,0,,,female_specific
IN05B024,1,,0,,,female_specific
IN05B055,1,,0,,,female_specific
IN05B082,1,,0,,,female_specific
IN05B093,1,,0,,,female_specific
IN06A009,1,,0,,,female_specific
IN06A021,1,,0,,,female_specific
IN06A025,1,,0,,,female_specific
IN06A039,1,,0,,,female_specific
IN06A047,1,,0,,,female_specific
IN06A051,1,,0,,,female_specific
IN06A053,1,,0,,,female_specific
IN06A086,1,,0,,,female_specific
IN06A101,1,,0,,,female_specific
IN06A107,1,,0,,,female_specific
IN06A135,1,,0,,,female_specific
IN06A139,1,,0,,,female_specific
IN06B014,1,,0,,,female_specific
IN06B018,1,,0,,,female_specific
IN06B019,1,,0,,,female_specific
IN06B030,1,,0,,,female_specific
IN06B033,1,,0,,,female_specific
IN06B054,1,,0,,,female_specific
IN06B061,1,,0,,,female_specific
IN06B063,1,,0,,,female_specific
IN06B064,1,,0,,,female_specific
IN06B071,1,,0,,,female_specific
IN06B074,1,,0,,,female_specific
IN06B076,1,,0,,,female_specific
IN06B077,1,,0,,,female_specific
IN06B082,1,,0,,,female_specific
IN07B009,1,,0,,,female_specific
IN07B010,1,,0,,,female_specific
IN07B012,1,,0,,,female_specific
IN07B014,1,,0,,,female_specific
IN07B019,1,,0,,,female_specific
IN07B020,1,,0,,,female_specific
IN07B022,1,,0,,,female_specific
IN07B027,1,glia,0,,,female_specific
IN07B028,1,,0,,,female_specific
IN07B033,1,,0,,,female_specific
IN07B034,1,,0,,,female_specific
IN07B039,1,,0,,,female_specific
IN07B045,1,,0,,,female_specific
IN07B048,1,,0,,,female_specific
IN07B051,1,,0,,,female_specific
IN07B064,1,,0,,,female_specific
IN07B068,1,,0,,,female_specific
IN07B075,1,,0,,,female_specific
IN07B076,1,,0,,,female_specific
IN07B080,1,,0,,,female_specific
IN07B081,1,,0,,,female_specific
IN07B083,1,,0,,,female_specific
IN07B092,1,,0,,,female_specific
IN07B094,1,,0,,,female_specific
IN07B099,1,,0,,,female_specific
IN07B102,1,,0,,,female_specific
IN07B103,1,,0,,,female_specific
IN08A016,1,,0,,,female_specific
IN08A020_T2_R,1,,0,,,female_specific
IN08A024,1,,0,,,female_specific
IN08A030,1,CNS neuron,0,,,female_specific
IN08A046,1,CNS neuron,0,,,female_specific
IN08A049,1,CNS neuron,0,,,female_specific
IN08B003,1,,0,,,female_specific
IN08B006,1,,0,,,female_specific
IN08B017,1,,0,,,female_specific
IN08B039,1,,0,,,female_specific
IN08B045,1,,0,,,female_specific
IN08B054,1,,0,,,female_specific
IN08B058,1,,0,,,female_specific
IN08B067,1,,0,,,female_specific
IN08B078,1,,0,,,female_specific
IN08B080,1,,0,,,female_specific
IN08B082,1,,0,,,female_specific
IN08B093,1,,0,,,female_specific
IN08B105,1,,0,,,female_specific
IN08B108,1,,0,,,female_specific
IN09A002,1,,0,,,female_specific
IN09A006,1,CNS neuron,0,,,female_specific
IN09A011,1,,0,,,female_specific
IN09A016,1,,0,,,female_specific
IN09A017,1,,0,,,female_specific
IN09A021,1,,0,,,female_specific
IN09A025,1,,0,,,female_specific
IN09A038,1,,0,,,female_specific
IN09A040,1,,0,,,female_specific
IN09A053,1,,0,,,female_specific
IN09A058,1,,0,,,female_specific
IN09A059,1,,0,,,female_specific
IN09A064,1,,0,,,female_specific
IN09A067,1,,0,,,female_specific
IN09A069,1,CNS neuron,0,,,female_specific
IN09A074,1,,0,,,female_specific
IN09A076,1,,0,,,female_specific
IN09A084,1,,0,,,female_specific
IN09A086,1,,0,,,female_specific
IN09A095,1,,0,,,female_specific
IN09B053,1,CNS neuron,0,,,female_specific
IN09B055,1,,0,,,female_specific
IN09B057,1,,0,,,female_specific
IN10B003,1,,0,,,female_specific
IN10B006,1,,0,,,female_specific
IN10B012,1,,0,,,female_specific
IN10B016,1,,0,,,female_specific
IN10B023,1,,0,,,female_specific
IN10B031,1,,0,,,female_specific
IN10B036,1,,0,,,female_specific
IN10B041,1,,0,,,female_specific
IN10B042,1,,0,,,female_specific
IN10B043,1,,0,,,female_specific
IN10B044,1,,0,,,female_specific
IN10B052,1,,0,,,female_specific
IN10B054,1,,0,,,female_specific
IN10B055,1,,0,,,female_specific
IN10B058,1,,0,,,female_specific
IN10B061,1,,0,,,female_specific
IN11A009,1,,0,,,female_specific
IN11A015,1,,0,,,female_specific
IN11A017,1,,0,,,female_specific
IN11A023,1,,0,,,female_specific
IN11A039,1,,0,,,female_specific
IN11B005,1,,0,,,female_specific
IN12A002,1,,0,,,female_specific
IN12A005,1,,0,,,female_specific
IN12A007,1,,0,,,female_specific
IN12A013,1,,0,,,female_specific
IN12A015,1,,0,,,female_specific
IN12A024,1,,0,,,female_specific
IN12A034,1,,0,,,female_specific
IN12A048,1,,0,,,female_specific
IN12A051,1,,0,,,female_specific
IN12A054,1,,0,,,female_specific
IN12B003,1,,0,,,female_specific
IN12B016,1,,0,,,female_specific
IN12B022,1,,0,,,female_specific
IN12B026,1,,0,,,female_specific
IN12B027,1,,0,,,female_specific
IN12B033,1,,0,,,female_specific
IN12B039,1,,0,,,female_specific
IN12B049,1,,0,,,female_specific
IN12B059,1,,0,,,female_specific
IN12B082,1,,0,,,female_specific
IN12B086,1,,0,,,female_specific
IN12B091,1,,0,,,female_specific
IN13A017,1,,0,,,female_specific
IN13A026,1,,0,,,female_specific
IN13A033,1,,0,,,female_specific
IN13A039,1,,0,,,female_specific
IN13A056,1,CNS neuron,0,,,female_specific
IN13A065,1,,0,,,female_specific
IN13B004,1,,0,,,female_specific
IN13B007,1,,0,,,female_specific
IN13B010,1,,0,,,female_specific
IN13B011,1,,0,,,female_specific
IN13B019,1,,0,,,female_specific
IN13B024,1,,0,,,female_specific
IN13B037,1,,0,,,female_specific
IN13B040,1,,0,,,female_specific
IN13B042,1,,0,,,female_specific
IN13B048,1,,0,,,female_specific
IN13B050,1,,0,,,female_specific
IN13B051,1,,0,,,female_specific
IN13B052,1,,0,,,female_specific
IN13B066,1,,0,,,female_specific
IN13B067,1,,0,,,female_specific
IN13B068,1,,0,,,female_specific
IN13B070,1,,0,,,female_specific
IN13B080,1,,0,,,female_specific
IN13B081,1,,0,,,female_specific
IN13B085,1,,0,,,female_specific
IN13B088,1,,0,,,female_specific
IN13B091,1,,0,,,female_specific
IN13B094,1,,0,,,female_specific
IN13B099,1,,0,,,female_specific
IN14A004,1,,0,,,female_specific
IN14A006,1,,0,,,female_specific
IN14A007,1,,0,,,female_specific
IN14A012,1,,0,,,female_specific
IN14A015,1,,0,,,female_specific
IN14A022,1,,0,,,female_specific
IN14A026,1,sensory neuron,0,,,female_specific
IN14A032,1,,0,,,female_specific
IN14A034,1,,0,,,female_specific
IN14A044,1,,0,,,female_specific
IN14A057,1,,0,,,female_specific
IN14A058,1,,0,,,female_specific
IN14A065,1,,0,,,female_specific
IN14A066,1,,0,,,female_specific
IN14A067,1,,0,,,female_specific
IN14A070,1,,0,,,female_specific
IN14A074,1,,0,,,female_specific
IN14A075,1,,0,,,female_specific
IN14A076,1,,0,,,female_specific
IN14A077,1,,0,,,female_specific
IN14A081,1,,0,,,female_specific
IN14A089,1,glia,0,,,female_specific
IN14A090,1,,0,,,female_specific
IN14A093,1,,0,,,female_specific
IN14A096,1,,0,,,female_specific
IN14A098,1,,0,,,female_specific
IN14A101,1,,0,,,female_specific
IN14A103,1,,0,,,female_specific
IN14A118,1,,0,,,female_specific
IN14A119,1,,0,,,female_specific
IN14A120,1,sensory neuron,0,,,female_specific
IN14B013,1,CNS neuron,0,,,female_specific
IN16B022,1,,0,,,female_specific
IN16B029,1,,0,,,female_specific
IN16B030,1,,0,,,female_specific
IN16B039,1,,0,,,female_specific
IN16B042,1,CNS neuron,0,,,female_specific
IN16B046,1,,0,,,female_specific
IN16B047,1,,0,,,female_specific
IN16B054,1,,0,,,female_specific
IN16B063,1,,0,,,female_specific
IN16B067,1,,0,,,female_specific
IN16B068,1,,0,,,female_specific
IN16B080,1,,0,,,female_specific
IN16B082,1,glia,0,,,female_specific
IN16B090,1,,0,,,female_specific
IN16B092,1,,0,,,female_specific
IN16B095,1,,0,,,female_specific
IN16B100,1,CNS neuron,0,,,female_specific
IN16B101,1,,0,,,female_specific
IN16B105,1,,0,,,female_specific
IN16B106,1,,0,,,female_specific
IN16B110,1,,0,,,female_specific
IN16B119,1,,0,,,female_specific
IN16B122,1,,0,,,female_specific
IN16B124,1,,0,,,female_specific
IN17A013,1,,0,,,female_specific
IN17A030,1,,0,,,female_specific
IN17A032,1,,0,,,female_specific
IN17A033,1,,0,,,female_specific
IN17A034,1,,0,,,female_specific
IN17A042,1,,0,,,female_specific
IN17A048,1,,0,,,female_specific
IN17A056,1,,0,,,female_specific
IN17A059,1,,0,,,female_specific
IN17A067,1,,0,,,female_specific
IN17A074,1,,0,,,female_specific
IN17A086,1,,0,,,female_specific
IN17A087,1,,0,,,female_specific
IN17A088,1,,0,,,female_specific
IN17A094,1,,0,,,female_specific
IN17A099,1,,0,,,female_specific
IN17A103,1,,0,,,female_specific
IN17A106,1,,0,,,female_specific
IN17A110,1,,0,,,female_specific
IN17A114,1,,0,,,female_specific
IN17A116,1,,0,,,female_specific
IN17A117,1,,0,,,female_specific
IN17B004,1,glia,0,,,female_specific
IN17B014,1,,0,,,female_specific
IN18B008,1,,0,,,female_specific
IN18B013,1,,0,,,female_specific
IN18B018,1,CNS neuron,0,,,female_specific
IN18B020,1,,0,,,female_specific
IN18B026,1,,0,,,female_specific
IN18B031,1,,0,,,female_specific
IN18B033,1,,0,,,female_specific
IN18B038,1,glia,0,,,female_specific
IN18B039,1,,0,,,female_specific
IN18B046,1,,0,,,female_specific
IN18B047,1,,0,,,female_specific
IN19A017,1,,0,,,female_specific
IN19A036,1,,0,,,female_specific
IN19A053,1,,0,,,female_specific
IN19A058,1,,0,,,female_specific
IN19A063,1,,0,,,female_specific
IN19A074,1,,0,,,female_specific
IN19A087,1,,0,,,female_specific
IN19A091,1,,0,,,female_specific
IN19A101,1,,0,,,female_specific
IN19A111,1,,0,,,female_specific
IN19A112,1,,0,,,female_specific
IN19A124,1,,0,,,female_specific
IN19A126,1,,0,,,female_specific
IN19A129,1,,0,,,female_specific
IN19A131,1,,0,,,female_specific
IN19A132,1,,0,,,female_specific
IN19A134,1,,0,,,female_specific
IN19A135,1,,0,,,female_specific
IN19A136,1,,0,,,female_specific
IN19A138,1,glia,0,,,female_specific
IN19B002,1,glia,0,,,female_specific
IN19B007,1,,0,,,female_specific
IN19B013,1,,0,,,female_specific
IN19B015,1,,0,,,female_specific
IN19B016,1,,0,,,female_specific
IN19B034,1,,0,,,female_specific
IN19B053,1,,0,,,female_specific
IN19B054,1,,0,,,female_specific
IN19B055,1,,0,,,female_specific
IN19B056,1,,0,,,female_specific
IN19B064,1,,0,,,female_specific
IN19B066,1,,0,,,female_specific
IN19B082,1,,0,,,female_specific
IN19B083,1,,0,,,female_specific
IN19B086,1,,0,,,female_specific
IN19B090,1,,0,,,female_specific
IN19B103,1,,0,,,female_specific
IN20A.22A003,1,,0,,,female_specific
IN20A.22A045,1,,0,,,female_specific
IN20A.22A046,1,,0,,,female_specific
IN20A.22A059,1,,0,,,female_specific
IN20A.22A061,1,,0,,,female_specific
IN20A.22A063,1,,0,,,female_specific
IN20A.22A084,1,,0,,,female_specific
IN20A.22A090,1,,0,,,female_specific
IN21A021,1,,0,,,female_specific
IN21A033,1,,0,,,female_specific
IN21A055,1,,0,,,female_specific
IN21A072,1,,0,,,female_specific
IN21A074,1,,0,,,female_specific
IN21A082,1,,0,,,female_specific
IN21A091,1,,0,,,female_specific
IN21A101,1,,0,,,female_specific
IN21A104,1,,0,,,female_specific
IN21A111,1,,0,,,female_specific
IN23B006,1,,0,,,female_specific
IN23B012,1,,0,,,female_specific
IN23B014,1,,0,,,female_specific
IN23B016,1,,0,,,female_specific
IN23B017,1,,0,,,female_specific
IN23B020,1,,0,,,female_specific
IN23B022,1,,0,,,female_specific
IN23B024,1,,0,,,female_specific
IN23B027,1,,0,,,female_specific
IN23B033,1,,0,,,female_specific
IN23B049,1,,0,,,female_specific
IN23B053,1,,0,,,female_specific
IN23B054,1,,0,,,female_specific
IN23B057,1,,0,,,female_specific
IN23B058,1,,0,,,female_specific
IN23B061,1,,0,,,female_specific
IN23B063,1,,0,,,female_specific
IN23B064,1,,0,,,female_specific
IN23B065,1,,0,,,female_specific
IN23B067,1,,0,,,female_specific
IN23B068,1,,0,,,female_specific
IN23B069,1,,0,,,female_specific
IN23B070,1,,0,,,female_specific
IN23B077,1,,0,,,female_specific
IN23B079,1,,0,,,female_specific
IN23B081,1,,0,,,female_specific
IN23B088,1,,0,,,female_specific
IN23B092,1,,0,,,female_specific
IN23B093,1,,0,,,female_specific
IN26X003,1,,0,,,female_specific
IN27X007,1,,0,,,female_specific
INXXX007,1,,0,,,female_specific
INXXX034,1,,0,,,female_specific
INXXX053,1,,0,,,female_specific
INXXX056,1,,0,,,female_specific
INXXX064,1,,0,,,female_specific
INXXX083,1,,0,,,female_specific
INXXX096,1,,0,,,female_specific
INXXX133,1,,0,,,female_specific
INXXX142,1,,0,,,female_specific
INXXX146,1,,0,,,female_specific
INXXX179,1,,0,,,female_specific
INXXX193,1,,0,,,female_specific
INXXX198,1,,0,,,female_specific
INXXX201,1,,0,,,female_specific
INXXX216,1,,0,,,female_specific
INXXX227,1,,0,,,female_specific
INXXX234,1,,0,,,female_specific
INXXX235,1,,0,,,female_specific
INXXX242,1,,0,,,female_specific
INXXX244,1,,0,,,female_specific
INXXX262,1,,0,,,female_specific
INXXX271,1,,0,,,female_specific
INXXX294,1,,0,,,female_specific
INXXX385,1,,0,,,female_specific
INXXX392,1,,0,,,female_specific
INXXX393,1,,0,,,female_specific
INXXX407,1,,0,,,female_specific
INXXX420,1,,0,,,female_specific
INXXX428,1,,0,,,female_specific
INXXX431,1,,0,,,female_specific
INXXX444,1,,0,,,female_specific
INXXX457,1,sensory neuron,0,,,female_specific
JO-D,1,,0,,,female_specific
LAL027,1,,0,,,female_specific
LAL039,1,,0,,,female_specific
LAL083,1,,0,,,female_specific
LAL094,1,,0,,,female_specific
LAL117a,1,,0,,,female_specific
LAL131,1,,0,,,female_specific
LAL132,1,,0,,,female_specific
LAL147a,1,,0,,,female_specific
LAL167,1,,0,,,female_specific
LB3b,1,,0,,,female_specific
LBL40,1,,0,,,female_specific
LC20,1,,0,,,female_specific
LHAD1f3a,1,,0,,,female_specific
LHAD1f4,1,CNS neuron,0,,,female_specific
LHAV4e1,1,,0,,,female_specific
LHCENT12,1,,0,,,female_specific
LHPD1a1,1,,0,,,female_specific
LHPD3c1,1,,0,,,female_specific
LHPD4b1b,1,,0,,,female_specific
LHPV2c2a,1,,0,,,female_specific
LHPV2c2b,1,,0,,,female_specific
LHPV5b5,1,,0,,,female_specific
LHPV5c2,1,,0,,,female_specific
LHPV6f4_b,1,,0,,,female_specific
LHPV6f7,1,,0,,,female_specific
LHl1_38,1,,0,,,female_specific
LHp1__0,1,,0,,,female_specific
LNd_CRYp,1,,0,,,female_specific
LNd_a,1,,0,,,female_specific
LPi4b,1,CNS neuron,0,,,female_specific
LT1,1,,0,,,female_specific
LTe49b,1,,0,,,female_specific
LTe49c,1,,0,,,female_specific
LTe49f,1,,0,,,female_specific
LTe61,1,,0,,,female_specific
MC66,1,,0,,,female_specific
MNad03,1,efferent neuron,0,,,female_specific
MNad17,1,sensory neuron,0,,,female_specific
MNad19,1,efferent neuron,0,,,female_specific
MNad20,1,efferent neuron,0,,,female_specific
MNad23,1,efferent neuron,0,,,female_specific
MNad31,1,efferent neuron,0,,,female_specific
MNad32,1,efferent neuron,0,,,female_specific
MNad35,1,efferent neuron,0,,,female_specific
MNad38,1,glia,0,,,female_specific
MNad44,1,efferent neuron,0,,,female_specific
MNad45,1,efferent neuron,0,,,female_specific
MNad46,1,efferent neuron,0,,,female_specific
MNad47,1,efferent neuron,0,,,female_specific
MNad48,1,efferent neuron,0,,,female_specific
MNad50,1,,0,,,female_specific
MNad52,1,efferent neuron,0,,,female_specific
MNad54,1,efferent neuron,0,,,female_specific
MNad56,1,efferent neuron,0,,,female_specific
MNad63,1,efferent neuron,0,,,female_specific
MNfl10,1,CNS neuron,0,,,female_specific
MNfl54_DProN_R,1,efferent neuron,0,,,female_specific
MNhl08_MetaLN_L,1,efferent neuron,0,,,female_specific
MNhl62,1,efferent neuron,0,,,female_specific
MNhl64,1,efferent neuron,0,,,female_specific
MNhl73,1,efferent neuron,0,,,female_specific
MNhl88,1,efferent neuron,0,,,female_specific
MNhm43,1,efferent neuron,0,,,female_specific
MNml10,1,,0,,,female_specific
MNml77,1,efferent neuron,0,,,female_specific
MNml81,1,efferent neuron,0,,,female_specific
MNml82,1,efferent neuron,0,,,female_specific
MNml84,1,efferent neuron,0,,,female_specific
MNnm03,1,efferent neuron,0,,,female_specific
MNnm09,1,efferent neuron,0,,,female_specific
MNnm11,1,efferent neuron,0,,,female_specific
MNnm14,1,efferent neuron,0,,,female_specific
MNxm03,1,efferent neuron,0,,,female_specific
MX7_afb332ff,1,,0,,,female_specific
M_vPNml51,1,,0,,,female_specific
M_vPNml62,1,,0,,,female_specific
M_vPNml64,1,,0,,,female_specific
MeVP29,1,,0,,,female_specific
Mti23,1,CNS neuron,0,,,female_specific
NPF,1,CNS neuron,0,,,female_specific
P1-9,1,,0,,,female_specific
P9-hIN,1,,0,,,female_specific
PAL02,1,,0,,,female_specific
PLP024,1,,0,,,female_specific
PLP042_a,1,,0,,,female_specific
PLP042_b,1,,0,,,female_specific
PLP053a,1,,0,,,female_specific
PLP054,1,,0,,,female_specific
PLP076,1,,0,,,female_specific
PLP111,1,,0,,,female_specific
PLP150b,1,,0,,,female_specific
PLP219,1,,0,,,female_specific
PLP227,1,,0,,,female_specific
PLP234,1,,0,,,female_specific
PS004a,1,,0,,,female_specific
PS008_a,1,,0,,,female_specific
PS032,1,,0,,,female_specific
PS038,1,,0,,,female_specific
PS043,1,,0,,,female_specific
PS083a,1,,0,,,female_specific
PS096_a,1,,0,,,female_specific
PS102,1,,0,,,female_specific
PS139,1,,0,,,female_specific
PS147,1,,0,,,female_specific
PS148,1,,0,,,female_specific
PS185,1,,0,,,female_specific
PS188b,1,,0,,,female_specific
PS188c,1,,0,,,female_specific
PS190,1,,0,,,female_specific
PS193b,1,,0,,,female_specific
PS193c,1,,0,,,female_specific
PS196a,1,,0,,,female_specific
PS196b,1,,0,,,female_specific
PS218,1,,0,,,female_specific
PS230,1,,0,,,female_specific
PS287,1,,0,,,female_specific
PU,1,sensory neuron,0,,,female_specific
PVLP034,1,,0,,,female_specific
PVLP041,1,,0,,,female_specific
PVLP054,1,,0,,,female_specific
PVLP057,1,,0,,,female_specific
Pleural/remotor/abductor/MN,1,efferent neuron,0,,,female_specific
SA2_a,1,,0,,,female_specific
SA2_b,1,,0,,,female_specific
SAD023,1,,0,,,female_specific
SAD037,1,,0,,,female_specific
SAD069,1,,0,,,female_specific
SA_DMT_ADMN_10,1,,0,,,female_specific
SA_DMT_ADMN_7,1,,0,,,female_specific
SA_DMT_DMetaN_9,1,,0,,,female_specific
SEZ-NSC-Capa,1,efferent neuron,0,,,female_specific
SIP028a,1,,0,,,female_specific
SIP061,1,,0,,,female_specific
SIP068,1,,0,,,female_specific
SIP074,1,,0,,,female_specific
SIP082,1,,0,,,female_specific
SIPa1_ventral_23,1,,0,,,female_specific
SLP016,1,,0,,,female_specific
SLP084,1,,0,,,female_specific
SLP119,1,,0,,,female_specific
SLP122,1,,0,,,female_specific
SLP148,1,,0,,,female_specific
SLP159,1,,0,,,female_specific
SLP189_b,1,,0,,,female_specific
SLP224,1,,0,,,female_specific
SLP288b,1,,0,,,female_specific
SLP300a,1,,0,,,female_specific
SLP300b,1,,0,,,female_specific
SLP356b,1,,0,,,female_specific
SLP398b,1,,0,,,female_specific
SLP405_b,1,,0,,,female_specific
SLP412,1,,0,,,female_specific
SLP415,1,,0,,,female_specific
SLP427,1,,0,,,female_specific
SLPal1_39,1,,0,,,female_specific
SLPal5_27,1,,0,,,female_specific
SMP002,1,,0,,,female_specific
SMP019a,1,,0,,,female_specific
SMP063,1,,0,,,female_specific
SMP075a,1,,0,,,female_specific
SMP098_a,1,,0,,,female_specific
SMP099,1,,0,,,female_specific
SMP105_a,1,,0,,,female_specific
SMP106b,1,,0,,,female_specific
SMP123a,1,,0,,,female_specific
SMP162,1,,0,,,female_specific
SMP166,1,,0,,,female_specific
SMP174,1,,0,,,female_specific
SMP193a,1,,0,,,female_specific
SMP215c,1,,0,,,female_specific
SMP248c,1,,0,,,female_specific
SMP263,1,,0,,,female_specific
SMP283,1,,0,,,female_specific
SMP295,1,,0,,,female_specific
SMP318,1,,0,,,female_specific
SMP338,1,,0,,,female_specific
SMP344a,1,,0,,,female_specific
SMP344b,1,,0,,,female_specific
SMP347,1,,0,,,female_specific
SMP358,1,,0,,,female_specific
SMP359,1,,0,,,female_specific
SMP359_b,1,,0,,,female_specific
SMP366,1,,0,,,female_specific
SMP393a,1,,0,,,female_specific
SMP410,1,,0,,,female_specific
SMP411a,1,,0,,,female_specific
SMP486_a,1,,0,,,female_specific
SMP486_b,1,,0,,,female_specific
SMP486_c,1,,0,,,female_specific
SMP509,1,,0,,,female_specific
SMP514,1,,0,,,female_specific
SMP516,1,,0,,,female_specific
SMP523,1,,0,,,female_specific
SMPad3_31,1,,0,,,female_specific
SMPad3__0,1,,0,,,female_specific
SMPp&v1B_H01,1,,0,,,female_specific
SMPpm1_25,1,,0,,,female_specific
SMPpv1__0,1,,0,,,female_specific
SNch16,1,sensory neuron,0,,,female_specific
SNpp05,1,sensory neuron,0,,,female_specific
SNpp10,1,,0,,,female_specific
SNpp11,1,sensory neuron,0,,,female_specific
SNpp12,1,sensory neuron,0,,,female_specific
SNpp15,1,sensory neuron,0,,,female_specific
SNpp21,1,sensory neuron,0,,,female_specific
SNpp26,1,sensory neuron,0,,,female_specific
SNpp28,1,,0,,,female_specific
SNpp37,1,sensory neuron,0,,,female_specific
SNpp38,1,sensory neuron,0,,,female_specific
SNpp48,1,sensory neuron,0,,,female_specific
SNpp54,1,efferent neuron,0,,,female_specific
SNta10,1,sensory neuron,0,,,female_specific
SNxx09,1,sensory neuron,0,,,female_specific
SNxx13,1,sensory neuron,0,,,female_specific
SNxx25,1,sensory neuron,0,,,female_specific
SNxx26,1,sensory neuron,0,,,female_specific
SNxx28,1,sensory neuron,0,,,female_specific
T4,1,,0,,,female_specific
TRdm__0,1,,0,,,female_specific
TTMN,1,efferent neuron,0,,,female_specific
TTMn,1,efferent neuron,0,,,female_specific
Tergopleural/Pleural/promotor/MN,1,efferent neuron,0,,,female_specific
Ti/flexor/MN,1,,0,,,female_specific
Tlp6,1,,0,,,female_specific
Tm24,1,,0,,,female_specific
TmY9,1,,0,,,female_specific
TmYem1,1,,0,,,female_specific
Tr/extensor/MN,1,efferent neuron,0,,,female_specific
TuBu01a,1,,0,,,female_specific
TuBu06a,1,,0,,,female_specific
TuBu06b,1,,0,,,female_specific
TuTuA,1,,0,,,female_specific
VCvN,1,efferent neuron,0,,,female_specific
VES033,1,,0,,,female_specific
VES055,1,,0,,,female_specific
VES083,1,,0,,,female_specific
VLPa1_lateral_39,1,,0,,,female_specific
VLPa1_lateral__0,1,,0,,,female_specific
VLPa2__1,1,,0,,,female_specific
VLPd&p1_posterior__0,1,,0,,,female_specific
VLPl&p1_lateral_24,1,,0,,,female_specific
VLPl&p1_lateral_36,1,,0,,,female_specific
VLPl1_or_VLPl5_110,1,,0,,,female_specific
VLPl1_or_VLPl5_115,1,,0,,,female_specific
VLPl1_or_VLPl5_65,1,,0,,,female_specific
VLPl2_medial_55,1,,0,,,female_specific
VLPl2_medial_58,1,,0,,,female_specific
VLPl4_anterior_24,1,,0,,,female_specific
VLPp&l1_anterior_52,1,,0,,,female_specific
VPNl&d1_dorsal_20,1,,0,,,female_specific
VS8,1,CNS neuron,0,,,female_specific
VUM,1,efferent neuron,0,,,female_specific
VUM_left_MesoLN_right_MesoLN,1,efferent neuron,0,,,female_specific
WED002d,1,,0,,,female_specific
WED036_b,1,,0,,,female_specific
WED040_a,1,,0,,,female_specific
WED047,1,,0,,,female_specific
WED049,1,,0,,,female_specific
WED053,1,,0,,,female_specific
WED092a,1,,0,,,female_specific
WED113,1,,0,,,female_specific
WED139,1,,0,,,female_specific
WED164,1,,0,,,female_specific
WED172,1,,0,,,female_specific
WED180,1,CNS neuron,0,,,female_specific
WEDPN2B,1,,0,,,female_specific
WEDa1_23,1,,0,,,female_specific
WEDd2_10,1,,0,,,female_specific
aIPg1,1,,0,,,female_specific
aSP-f1A,1,,0,,,female_specific
aSP-g3A,1,,0,,,female_specific
aSP-g3B,1,,0,,,female_specific
accessory_trochanter_flexor_posterior_soma_ProLN,1,efferent neuron,0,,,female_specific
bCS,1,sensory neuron,0,,,female_specific
cDN1,1,CNS neuron,0,,,female_specific
dMS10,1,,0,,,female_specific
fast tibia extensor,1,efferent neuron,0,,,female_specific
fast tibia flexor,1,efferent neuron,0,,,female_specific
femur_reductor_dorsomedial_ribbon,1,efferent neuron,0,,,female_specific
haltere_motor_neuron_unknown,1,efferent neuron,0,,,female_specific
iii1,1,efferent neuron,0,,,female_specific
iii1 MN,1,efferent neuron,0,,,female_specific
ingestion_motor_neuron,1,efferent neuron,0,,,female_specific
l-NSC,1,,0,,,female_specific
l-NSC ITP,1,efferent neuron,0,,,female_specific
lLN2X06,1,,0,,,female_specific
lLN2X10,1,,0,,,female_specific
l_NSC_DH31,1,efferent neuron,0,,,female_specific
long_tendon_muscle_B,1,,0,,,female_specific
long_tendon_muscle_B_femur,1,efferent neuron,0,,,female_specific
ltm/MN,1,efferent neuron,0,,,female_specific
mAL3A,1,,0,,,female_specific
mAL5A,1,,0,,,female_specific
mALC1,1,CNS neuron,0,,,female_specific
m_NSC_DILP,1,glia,0,,,female_specific
m_NSC_DMS,1,efferent neuron,0,,,female_specific
oviDN,1,CNS neuron,0,,,female_specific
oviDNa,1,CNS neuron,0,,,female_specific
oviDNa_a,1,CNS neuron,0,,,female_specific
oviDNa_b,1,CNS neuron,0,,,female_specific
oviDNv,1,CNS neuron,0,,,female_specific
pC1e,1,,0,,,female_specific
pharyngeal_nerve_sensory_group3,1,sensory neuron,0,,,female_specific
pleural_remotor_and_abductor,1,efferent neuron,0,,,female_specific
slow tibia extensor,1,efferent neuron,0,,,female_specific
sternal_adductor_MetaAN,1,efferent neuron,0,,,female_specific
sternal_posterior_rotator_MesoLN_dorsal_5,1,efferent neuron,0,,,female_specific
sternal_posterior_rotator_miller_32,1,efferent neuron,0,,,female_specific
tangential,1,,0,,,female_specific
tarsus_depressor_B,1,efferent neuron,0,,,female_specific
tarsus_depressor_dipalpha_ventralU,1,efferent neuron,0,,,female_specific
tergotrochanter_extensor_MetaAN,1,efferent neuron,0,,,female_specific
tergotrochanter_extensor_PDMN,1,efferent neuron,0,,,female_specific
trochanter_extensor,1,efferent neuron,0,,,female_specific
trochanter_extensor_LinJ,1,efferent neuron,0,,,female_specific
trochanter_flexor_MesoAN,1,efferent neuron,0,,,female_specific
trochanter_flexor_VProN,1,efferent neuron,0,,,female_specific
trochanter_flexor_posterior_soma,1,efferent neuron,0,,,female_specific
v2LN34C,1,,0,,,female_specific
v2LN42c,1,,0,,,female_specific
vLN28,1,,0,,,female_specific
vMS13,1,,0,,,female_specific
L4,0,,1770,L4,ol_intrinsic,male_specific
Tm21,0,,1526,Tm6,ol_intrinsic,male_specific
Tm25,0,,967,Tm12,ol_intrinsic,male_specific
yDm8,0,,572,Dm8a,ol_intrinsic,male_specific
TmY4,0,,562,TmY4,ol_intrinsic,male_specific
pDm8,0,,532,Dm8b,ol_intrinsic,male_specific
Mi10,0,,444,Mi10,ol_intrinsic,male_specific
TmY11,0,,432,TmY13,ol_intrinsic,male_specific
Tm16,0,,396,Tm16,ol_intrinsic,male_specific
Lawf2,0,,383,Lawf2,ol_intrinsic,male_specific
Lawf1,0,,361,Lawf1,ol_intrinsic,male_specific
TmY20,0,,343,TmY20,ol_intrinsic,male_specific
PFNp,0,,290,PFNp_b,cb_intrinsic,male_specific
Tm8a,0,,223,Tm38,ol_intrinsic,male_specific
TmY15,0,,209,TmY15,ol_intrinsic,male_specific
Tm40,0,,180,Tm40,ol_intrinsic,male_specific
Pm05,0,,168,Pm4,ol_intrinsic,male_specific
Dm16,0,,151,Dm16,ol_intrinsic,male_specific
Tm33,0,,125,Tm32,ol_intrinsic,male_specific
Tm35,0,,120,Tm31,ol_intrinsic,male_specific
MLt2,0,,107,MeLo3a,ol_intrinsic,male_specific
Dm4,0,,99,Dm4,ol_intrinsic,male_specific
Lai,0,,84,Lai,ol_intrinsic,male_specific
LMa5,0,,82,MeLo9,ol_intrinsic,male_specific
MLt5,0,,81,MeLo3b,ol_intrinsic,male_specific
JO-FV,0,,70,JO-FV,cb_sensory,male_specific
"BM_Ant,BM_Fr,BM_FrOr,BM_InOc,BM_Oc,BM_Or,BM_Vib",0,,69,BM,cb_sensory,male_specific
Sm32,0,,69,Mi18,ol_intrinsic,male_specific
MLt6,0,,68,MeLo4,ol_intrinsic,male_specific
"FC1A,FC1B,FC1F",0,,54,FC1B,cb_intrinsic,male_specific
JO-EV1,0,,50,JO-EV1,cb_sensory,male_specific
Pm06,0,,50,Pm6,ol_intrinsic,male_specific
claw_tpGRN,0,,50,claw_tpGRN,cb_sensory,male_specific
PFNm,0,,48,PFNm_b,cb_intrinsic,male_specific
TPMN1,0,,48,TPMN1,cb_sensory,male_specific
JO-EV3,0,,45,JO-EV3,cb_sensory,male_specific
ER2,0,,41,ER2_c,cb_intrinsic,male_specific
Pm07,0,,39,Pm8,ol_intrinsic,male_specific
JO-ED2_a,0,,38,JO-ED2_a,cb_sensory,male_specific
MLt8,0,,37,MeLo5,ol_intrinsic,male_specific
JO-EV2,0,,36,JO-EV2,cb_sensory,male_specific
LMa3,0,,36,TmY19b,ol_intrinsic,male_specific
"TuBu09,TuBu10",0,,36,TuBu09,cb_intrinsic,male_specific
Dm14,0,,34,Dm14,ol_intrinsic,male_specific
DmDRA2,0,,33,Dm-DRA2,ol_intrinsic,male_specific
"FS1A_b,FS1A_c",0,,31,FS1A_c,cb_intrinsic,male_specific
"PVLP004,PVLP005",0,,31,PVLP004,cb_intrinsic,male_specific
Sm27,0,,31,Cm17,ol_intrinsic,male_specific
Dm19,0,,30,Dm19,ol_intrinsic,male_specific
ER3a,0,,30,ER3a_a,cb_intrinsic,male_specific
ER3w,0,,30,ER3w_b,cb_intrinsic,male_specific
Sm31,0,,30,Cm19,ol_intrinsic,male_specific
ER1,0,,28,ER1_b,cb_intrinsic,male_specific
"vDeltaG,vDeltaH",0,,27,vDeltaG,cb_intrinsic,male_specific
"LTe49a,LTe49b,LTe49d,LTe49e,LTe49f",0,,26,LoVP27,visual_projection,male_specific
AOTU008,0,,25,AOTU008,cb_intrinsic,male_specific
"BM_dOcci,BM_dPoOr",0,,25,,cb_sensory,male_specific
"DNg08_a,DNg08_b",0,,23,DNg08,descending_neuron,male_specific
JO-EV5,0,,23,JO-EV5,cb_sensory,male_specific
CB1617,0,,22,CB1617,cb_intrinsic,male_specific
Li21,0,,22,Li17,ol_intrinsic,male_specific
CB1178,0,,21,CB1178,cb_intrinsic,male_specific
CB4072,0,,21,CB4072,cb_intrinsic,male_specific
ER5,0,,21,ER5,cb_intrinsic,male_specific
JO-ED2_b,0,,21,JO-ED2_b,cb_sensory,male_specific
JO-EV6,0,,21,JO-EV6,cb_sensory,male_specific
aPhM1,0,,21,aPhM1,cb_sensory,male_specific
CB4091,0,,20,CB4091,cb_intrinsic,male_specific
CB4129,0,,20,CB4129,cb_intrinsic,male_specific
CB4156,0,,20,SMP167,cb_intrinsic,male_specific
FB9B,0,,20,FB9B_a,cb_intrinsic,male_specific
vDeltaI_b,0,,20,vDeltaI_b,cb_intrinsic,male_specific
CB4070,0,,19,CB4070,cb_intrinsic,male_specific
CB4083,0,,19,CB4083,cb_intrinsic,male_specific
CB4108,0,,19,PRW006,cb_intrinsic,male_specific
CB4116,0,,19,CB4116,cb_intrinsic,male_specific
CB4126,0,,19,SMP297,cb_intrinsic,male_specific
LB1e,0,,19,LB1e,cb_sensory,male_specific
CB1964,0,,18,CB1964,cb_intrinsic,male_specific
CB4120,0,,18,CB4120,cb_intrinsic,male_specific
CB4148,0,,18,GNG643,cb_sensory,male_specific
ER3p,0,,18,ER3p_a,cb_intrinsic,male_specific
JO-B1_a,0,,18,JO-B1_a,cb_sensory,male_specific
JO-ED1,0,,18,JO-ED1,cb_sensory,male_specific
"VS1,VS2,VS3,VS4,VS5,VS6,VS7,VS8",0,,18,VS,visual_projection,male_specific
"CB1761,CB2741",0,,17,LAL067,cb_intrinsic,male_specific
CB1786_a,0,,17,CB1786_a,cb_intrinsic,male_specific
CB4133,0,,17,CB4133,cb_intrinsic,male_specific
"LHAD1b2_a,LHAD1b2_c",0,,17,CB4208,cb_intrinsic,male_specific
vDeltaI_a,0,,17,vDeltaI_a,cb_intrinsic,male_specific
"CB1508,CB2021",0,,16,,cb_intrinsic,male_specific
CB4118,0,,16,CB4118,cb_intrinsic,male_specific
"CL123,CRE061",0,,16,CL123_a,cb_intrinsic,male_specific
"ER3d_a,ER3d_c",0,,16,ER3d_c,cb_intrinsic,male_specific
FS1A_a,0,,16,FS1A_a,cb_intrinsic,male_specific
FS1B_b,0,,16,FS1B_b,cb_intrinsic,male_specific
IPC,0,,16,IPC,cb_endocrine,male_specific
"LAL096,LAL097",0,,16,LAL096,cb_intrinsic,male_specific
"LB1a,LB1d",0,,16,LB1a,cb_sensory,male_specific
LB1c,0,,16,LB1c,cb_sensory,male_specific
"PLP188,PLP189",0,,16,PLP188,cb_intrinsic,male_specific
"AVLP190,AVLP191",0,,15,AVLP191,cb_intrinsic,male_specific
"CB2293,CB2776,CB2781",0,,15,,cb_intrinsic,male_specific
CB4069,0,,15,CL225,cb_intrinsic,male_specific
CB4073,0,,15,CB4073,cb_intrinsic,male_specific
CB4107,0,,15,CB4107,cb_intrinsic,male_specific
CB4138,0,,15,CB4138,cb_intrinsic,male_specific
"FB3B,FB3C,FB3E",0,,15,FB3C,cb_intrinsic,male_specific
FB4Z,0,,15,FB4Z_a,cb_intrinsic,male_specific
"CB1335,CB2738,CB1341",0,,14,,cb_intrinsic,male_specific
"CB2926,CB1199,CB3699",0,,14,GNG237,cb_intrinsic,male_specific
CB4066,0,,14,CB4066,cb_intrinsic,male_specific
CB4071,0,,14,CB4071,cb_intrinsic,male_specific
CB4081,0,,14,CB4081,cb_intrinsic,male_specific
CB4084,0,,14,CB4084,cb_intrinsic,male_specific
CB4109,0,,14,PRW005,cb_intrinsic,male_specific
CB4110,0,,14,CB4110,cb_intrinsic,male_specific
CB4242,0,,14,CB4242,cb_intrinsic,male_specific
JO-ED2_c,0,,14,JO-ED2_c,cb_sensory,male_specific
Lat,0,,14,Lat1,visual_centrifugal,male_specific
"SIP078,SIP080",0,,14,SIP078,cb_intrinsic,male_specific
SMP106,0,,14,SMP106,cb_intrinsic,male_specific
CB1738,0,,13,AVLP279,cb_intrinsic,male_specific
CB4096,0,,13,CB4096,cb_intrinsic,male_specific
FS1B_a,0,,13,FS1B_a,cb_intrinsic,male_specific
JO-A2,0,,13,JO-A2,cb_sensory,male_specific
"LAL028,LAL029",0,,13,LAL028,cb_intrinsic,male_specific
"CB0007,CB0739",0,,12,AOTU016_b,cb_intrinsic,male_specific
CB0958c,0,,12,AMMC005,cb_intrinsic,male_specific
"CB1371,CB3522",0,,12,SLP021,cb_intrinsic,male_specific
"CB1395,CB2334",0,,12,AVLP480,cb_intrinsic,male_specific
"CB1501,CB3182",0,,12,,cb_intrinsic,male_specific
"CB1618,CB3330",0,,12,aIPg7,cb_intrinsic,male_specific
"CB1791,CB3118",0,,12,SMP228,cb_intrinsic,male_specific
CB1824,0,,12,CB1824,cb_intrinsic,male_specific
"CB2108,CB2449",0,,12,WED063_b,cb_intrinsic,male_specific
"CB2835,CB3123",0,,12,,cb_intrinsic,male_specific
"CB3111,CB2308",0,,12,,cb_intrinsic,male_specific
CB3983,0,,12,AVLP038,cb_intrinsic,male_specific
CB4060,0,,12,PS357,cb_intrinsic,male_specific
CB4067,0,,12,GNG326,cb_intrinsic,male_specific
CB4078,0,,12,PRW007,cb_intrinsic,male_specific
CB4119,0,,12,CB4119,cb_intrinsic,male_specific
CB4127,0,,12,CB4127,cb_intrinsic,male_specific
CB4128,0,,12,CB4128,cb_intrinsic,male_specific
CB4155,0,,12,CB4155,cb_intrinsic,male_specific
CB4199,0,,12,SMP403,cb_intrinsic,male_specific
FB4F,0,,12,FB4F_c,cb_intrinsic,male_specific
JO-B1_b,0,,12,JO-B1_b,cb_sensory,male_specific
JO-B3,0,,12,JO-B3,cb_sensory,male_specific
JO-B4_b,0,,12,JO-B4_b,cb_sensory,male_specific
LHPV4g1,0,,12,LHPV4g1,cb_intrinsic,male_specific
PDt1,0,,12,Mi19,ol_intrinsic,male_specific
PS153,0,,12,PS153,cb_intrinsic,male_specific
"PS268,PS269,CB3941",0,,12,PS268,cb_intrinsic,male_specific
"SLP369,SLP370",0,,12,SLP369,cb_intrinsic,male_specific
Sm34,0,,12,Cm28,ol_intrinsic,male_specific
TPMN2,0,,12,TPMN2,cb_sensory,male_specific
WED103,0,,12,WED103,cb_intrinsic,male_specific
lLN2P_b,0,,12,lLN2P_b,cb_intrinsic,male_specific
"CB1031,CB3554,CB3604",0,,11,SIP071,cb_intrinsic,male_specific
"CB2085,CB1144,CB2209",0,,11,,cb_intrinsic,male_specific
"CB2370,CB1681",0,,11,AVLP126,cb_intrinsic,male_specific
"CB2581,CB3108,CB3273",0,,11,LHPV2e1_a,cb_intrinsic,male_specific
CB4082,0,,11,CB4082,cb_intrinsic,male_specific
CB4087,0,,11,CB4087,cb_intrinsic,male_specific
CB4094,0,,11,CB4094,cb_intrinsic,male_specific
CB4111,0,,11,SIP011,cb_intrinsic,male_specific
CB4112,0,,11,CB4112,cb_intrinsic,male_specific
CB4130,0,,11,CB4130,cb_intrinsic,male_specific
CB4154,0,,11,SMP105_a,cb_intrinsic,male_specific
DNpe015,0,,11,DNpe015,descending_neuron,male_specific
FB4E,0,,11,FB4E_a,cb_intrinsic,male_specific
LHAV5a2_a3,0,,11,LHAV5a2_a3,cb_intrinsic,male_specific
LHPV2a1_c,0,,11,LHPV2a1_c,cb_intrinsic,male_specific
"LHPV2f2,CB1982",0,,11,,cb_intrinsic,male_specific
"PLP101,PLP102",0,,11,PLP101,cb_intrinsic,male_specific
PLP150,0,,11,PLP150,cb_intrinsic,male_specific
"SLP114,SLP115",0,,11,SLP115,cb_intrinsic,male_specific
Sm29,0,,11,Cm24,ol_intrinsic,male_specific
5-HT-IR Tan,0,,10,Lat3,ol_intrinsic,male_specific
CB0979b,0,,10,AMMC019,cb_intrinsic,male_specific
CB1026,0,,10,CB1026,cb_intrinsic,male_specific
"CB1040,CB1043",0,,10,,cb_intrinsic,male_specific
"CB1058,CB2554",0,,10,,cb_intrinsic,male_specific
"CB1152,CB2112",0,,10,,cb_intrinsic,male_specific
"CB1203,CB3493,CB3429",0,,10,,cb_intrinsic,male_specific
CB1231b,0,,10,SAD113,cb_intrinsic,male_specific
"CB1438,CB1496,CB2949",0,,10,IPS001,cb_intrinsic,male_specific
"CB1473,CB1686",0,,10,lLN12A,cb_intrinsic,male_specific
"CB1490,CB2201",0,,10,LHPV2b2_a,cb_intrinsic,male_specific
"CB1580,CB2056",0,,10,,cb_intrinsic,male_specific
CB1805,0,,10,CB1805,cb_intrinsic,male_specific
"CB1892,CB2009",0,,10,,cb_intrinsic,male_specific
CB1895,0,,10,SMP347,cb_intrinsic,male_specific
"CB1917,CB2543",0,,10,,cb_intrinsic,male_specific
"CB2031,CB3231",0,,10,LHPD2a4_a,cb_intrinsic,male_specific
CB2074,0,,10,CB2074,cb_intrinsic,male_specific
CB2364,0,,10,WED001,cb_intrinsic,male_specific
CB2814,0,,10,CB2814,cb_intrinsic,male_specific
"CB3130,CB3454",0,,10,SLP164,cb_intrinsic,male_specific
"CB3174,CB2076",0,,10,,cb_intrinsic,male_specific
"CB3401,CB3809",0,,10,GNG255,cb_intrinsic,male_specific
CB3978,0,,10,CL122_b,cb_intrinsic,male_specific
CB3982,0,,10,WED034,cb_intrinsic,male_specific
CB4063,0,,10,GNG332,cb_intrinsic,male_specific
CB4076,0,,10,PRW008,cb_intrinsic,male_specific
CB4077,0,,10,CB4077,cb_intrinsic,male_specific
CB4086,0,,10,CB4086,cb_intrinsic,male_specific
CB4100,0,,10,CB4100,cb_intrinsic,male_specific
CB4103,0,,10,CB4103,cb_intrinsic,male_specific
CB4122,0,,10,CB4122,cb_intrinsic,male_specific
CB4125,0,,10,CB4125,cb_intrinsic,male_specific
CB4137,0,,10,CB4137,cb_intrinsic,male_specific
CB4164,0,,10,AVLP269_b,cb_intrinsic,male_specific
CB4181,0,,10,WED042,cb_intrinsic,male_specific
CB4184,0,,10,AOTU003,cb_intrinsic,male_specific
CB4187,0,,10,SMP459,cb_intrinsic,male_specific
CB4243,0,,10,CB4243,cb_intrinsic,male_specific
"CL328,IB070,IB071",0,,10,CL328,cb_intrinsic,male_specific
DA2_lPN,0,,10,DA2_lPN,cb_intrinsic,male_specific
JO-B1_c,0,,10,JO-B1_c,cb_sensory,male_specific
JO-CA1,0,,10,JO-CA1,cb_sensory,male_specific
"LAL034,CB2120",0,,10,LAL034,cb_intrinsic,male_specific
"LC31b,LC31c",0,,10,LC31b,visual_projection,male_specific
LHAV5a2_a4,0,,10,LHAV5a2_a4,cb_intrinsic,male_specific
"LHPV5g1_a,SMP270",0,,10,LHPV5g1_a,cb_intrinsic,male_specific
LHPV6d1,0,,10,LHPV6d1,cb_intrinsic,male_specific
Li24,0,,10,Li30,ol_intrinsic,male_specific
PLP042c,0,,10,PLP042_b,cb_intrinsic,male_specific
"PLP185,PLP186",0,,10,PLP185,cb_intrinsic,male_specific
SLP036,0,,10,SLP036,cb_intrinsic,male_specific
SLP295,0,,10,SLP295,cb_intrinsic,male_specific
"SMP213,SMP214",0,,10,SMP213,cb_intrinsic,male_specific
SMP406a,0,,10,SMP406_c,cb_intrinsic,male_specific
TuBu01,0,,10,TuBu01,cb_intrinsic,male_specific
dorsal_tpGRN,0,,10,dorsal_tpGRN,cb_sensory,male_specific
AVLP026b,0,,9,AVLP026,cb_intrinsic,male_specific
AVLP055,0,,9,AVLP055,cb_intrinsic,male_specific
AVLP469,0,,9,AVLP469,cb_intrinsic,male_specific
CB.FB2I1,0,,9,FB2K,cb_intrinsic,male_specific
CB0958a,0,,9,AMMC007,cb_intrinsic,male_specific
CB0979a,0,,9,AMMC018,cb_intrinsic,male_specific
"CB1141,CB1285",0,,9,,cb_intrinsic,male_specific
"CB1159,CB2015,CB2669",0,,9,,cb_intrinsic,male_specific
"CB1188,CB1887",0,,9,,cb_intrinsic,male_specific
"CB1302,CB1466",0,,9,AVLP138,cb_intrinsic,male_specific
CB1382,0,,9,aSP10C_a,cb_intrinsic,male_specific
"CB1484,CB1869",0,,9,WED118,cb_intrinsic,male_specific
"CB1519,CB3154",0,,9,,cb_intrinsic,male_specific
CB1685,0,,9,CB1685,cb_intrinsic,male_specific
CB1786_c,0,,9,GNG413,cb_intrinsic,male_specific
"CB1831,CB3225",0,,9,SMP377,cb_intrinsic,male_specific
"CB2077,CB3082,CB2883",0,,9,,cb_intrinsic,male_specific
"CB2102,CB2712",0,,9,PLP219,cb_intrinsic,male_specific
CB2267_c,0,,9,WEDPN17_c,cb_intrinsic,male_specific
CB2346,0,,9,CB2346,cb_intrinsic,male_specific
"CB2565,CB3058",0,,9,,cb_intrinsic,male_specific
"CB2914,CB2984",0,,9,LHPD3a4_b,cb_intrinsic,male_specific
"CB3431,CB3482",0,,9,,cb_intrinsic,male_specific
"CB3617,CB2124,CB1495",0,,9,SMP236,cb_intrinsic,male_specific
CB3984,0,,9,AOTU038,cb_intrinsic,male_specific
CB3985,0,,9,AOTU039,cb_intrinsic,male_specific
CB4023,0,,9,CB4023,cb_intrinsic,male_specific
CB4048,0,,9,PVLP008_a2,cb_intrinsic,male_specific
CB4051,0,,9,PVLP008_c,cb_intrinsic,male_specific
CB4061,0,,9,GNG331,cb_intrinsic,male_specific
CB4088,0,,9,CB4088,cb_intrinsic,male_specific
CB4121,0,,9,CB4121,cb_intrinsic,male_specific
CB4134,0,,9,CB4134,cb_intrinsic,male_specific
CB4170,0,,9,CB4170,cb_intrinsic,male_specific
CB4178,0,,9,GNG329,cb_intrinsic,male_specific
"CL086_a,CL086_d",0,,9,CL086_a,cb_intrinsic,male_specific
FB5S,0,,9,FB5S,cb_intrinsic,male_specific
"FB7I,FB7G",0,,9,FB7I,cb_intrinsic,male_specific
JO-B2,0,,9,JO-B2,cb_sensory,male_specific
JO-CA2,0,,9,JO-CA2,cb_sensory,male_specific
LHAV5a2_a1,0,,9,LHAV5a2_a1,cb_intrinsic,male_specific
M_adPNm5,0,,9,M_adPNm5,cb_intrinsic,male_specific
PS008_a1,0,,9,PS008_a2,cb_intrinsic,male_specific
PS208b,0,,9,PS208,cb_intrinsic,male_specific
"SAD005,SAD006",0,,9,SAD005,cb_intrinsic,male_specific
SAD077,0,,9,SAD077,cb_intrinsic,male_specific
SIP028,0,,9,SIP028,cb_intrinsic,male_specific
"SIP069,CB3452",0,,9,SMP377,cb_intrinsic,male_specific
"SLP104,SLP205",0,,9,SLP104,cb_intrinsic,male_specific
SLP162,0,,9,SLP162,cb_intrinsic,male_specific
SLP286,0,,9,SLP286,cb_intrinsic,male_specific
"SLP287,SLP291",0,,9,SLP291,cb_intrinsic,male_specific
SMP019,0,,9,SMP019,cb_intrinsic,male_specific
SMP591,0,,9,SMP591,cb_intrinsic,male_specific
Sm24,0,,9,Cm27,ol_intrinsic,male_specific
"WED038b,WED041b",0,,9,WED038,cb_intrinsic,male_specific
lLN2P_c,0,,9,lLN2P_c,cb_intrinsic,male_specific
"AN_FLA_GNG_1,AN_FLA_PRW_2",0,,8,ANXXX169,ascending_neuron,male_specific
AVLP559,0,,8,AVLP559,cb_intrinsic,male_specific
"CB0286,CB1757,CB2765",0,,8,LHPD3a2_a,cb_intrinsic,male_specific
"CB0336,CB0796",0,,8,PVLP086,cb_intrinsic,male_specific
CB0878,0,,8,SMP741,cb_intrinsic,male_specific
CB0958b,0,,8,AMMC006,cb_intrinsic,male_specific
"CB0990,CB2640",0,,8,PS324,cb_intrinsic,male_specific
CB0993,0,,8,CB0993,cb_intrinsic,male_specific
"CB1084,CB3534",0,,8,,cb_intrinsic,male_specific
"CB1107,CB1380",0,,8,AVLP481,cb_intrinsic,male_specific
"CB1248,CB3352,CB1916",0,,8,SLP002,cb_intrinsic,male_specific
"CB1320,CB2030",0,,8,CRE085,cb_intrinsic,male_specific
CB1352,0,,8,CB1352,cb_intrinsic,male_specific
"CB1440,CB3157",0,,8,SLP199,cb_intrinsic,male_specific
CB1464,0,,8,CB1464,cb_intrinsic,male_specific
"CB1499,CB3020,CB3315",0,,8,,cb_intrinsic,male_specific
"CB1539,CB2427,CB2746",0,,8,,cb_intrinsic,male_specific
CB1548,0,,8,CB1548,cb_intrinsic,male_specific
"CB1587,CB2683",0,,8,LAL071,cb_intrinsic,male_specific
"CB1630,CB1860",0,,8,LHAV4a7,cb_intrinsic,male_specific
CB1759b,0,,8,CB1759b,cb_intrinsic,male_specific
"CB1764,CB2344",0,,8,,cb_intrinsic,male_specific
CB1799,0,,8,LHAV6a7,cb_intrinsic,male_specific
"CB1830,CB2044,CB2474",0,,8,,cb_intrinsic,male_specific
CB2064,0,,8,CB2064,cb_intrinsic,male_specific
"CB2128,CB2921",0,,8,,cb_intrinsic,male_specific
CB2143,0,,8,CB2143,cb_intrinsic,male_specific
CB2267_b,0,,8,WEDPN17_b,cb_intrinsic,male_specific
"CB2358,CB3787",0,,8,,cb_intrinsic,male_specific
CB2433,0,,8,CB2433,cb_intrinsic,male_specific
CB2531,0,,8,SLP087,cb_intrinsic,male_specific
CB2678,0,,8,CB2678,cb_intrinsic,male_specific
CB2690,0,,8,GNG386,cb_intrinsic,male_specific
CB2784,0,,8,CB2784,cb_intrinsic,male_specific
"CB2842,CB3009,CB3205",0,,8,LHPD2a1,cb_intrinsic,male_specific
CB2854,0,,8,LHAV4a5,cb_intrinsic,male_specific
CB2881b,0,,8,CB2881,cb_intrinsic,male_specific
"CB2903,CB2930",0,,8,,cb_intrinsic,male_specific
"CB3310,SMP357",0,,8,SMP357,cb_intrinsic,male_specific
"CB3501,CB3572",0,,8,SMP350,cb_intrinsic,male_specific
"CB3859,CB3861",0,,8,AVLP551,cb_intrinsic,male_specific
CB3953,0,,8,CB3953,cb_intrinsic,male_specific
CB4068,0,,8,PS323,cb_intrinsic,male_specific
CB4074,0,,8,PRW010,cb_intrinsic,male_specific
CB4105,0,,8,CB4105,cb_intrinsic,male_specific
CB4124,0,,8,CB4124,cb_intrinsic,male_specific
CB4141,0,,8,CB4141,cb_intrinsic,male_specific
CB4144,0,,8,WED197,cb_intrinsic,male_specific
CB4152,0,,8,CB4152,cb_intrinsic,male_specific
CB4153,0,,8,SLP223,cb_intrinsic,male_specific
CB4168,0,,8,CB4168,cb_intrinsic,male_specific
CB4223,0,,8,GNG597,cb_intrinsic,male_specific
CB4228,0,,8,CB4228,cb_intrinsic,male_specific
CB4230,0,,8,PS142,cb_intrinsic,male_specific
CB4231,0,,8,CB4231,cb_intrinsic,male_specific
CL099,0,,8,CL099,cb_intrinsic,male_specific
"CRE060,CRE067",0,,8,CRE067,cb_intrinsic,male_specific
DN1pA,0,,8,DN1pA,cb_intrinsic,male_specific
DNpe012,0,,8,DNpe012_a,descending_neuron,male_specific
Dm17,0,,8,Dm17,ol_intrinsic,male_specific
"FB5R,FB5U",0,,8,FB5R,cb_intrinsic,male_specific
FB6C,0,,8,FB6C_b,cb_intrinsic,male_specific
FB6S,0,,8,FB6S,cb_intrinsic,male_specific
FB9C,0,,8,FB9C,cb_intrinsic,male_specific
IB087,0,,8,IB087,cb_intrinsic,male_specific
LAL093a,0,,8,AOTU040,cb_intrinsic,male_specific
LHAD1d1,0,,8,LHAD1d1,cb_intrinsic,male_specific
LHAV5a2_a2,0,,8,LHAV5a2_a2,cb_intrinsic,male_specific
LHAV6c1,0,,8,LHAV6c1,cb_intrinsic,male_specific
LHPV6a1,0,,8,LHPV6a1,cb_intrinsic,male_specific
"LTe61,LTe49c",0,,8,LoVP24,visual_projection,male_specific
M_lvPNm48,0,,8,M_lvPNm48,cb_intrinsic,male_specific
M_vPNml83,0,,8,M_vPNml83,cb_intrinsic,male_specific
"PLP026,PLP027",0,,8,PLP026,cb_intrinsic,male_specific
PLP048,0,,8,PLP048,cb_intrinsic,male_specific
PLP192,0,,8,PLP192,cb_intrinsic,male_specific
PVLP133a,0,,8,PVLP133,cb_intrinsic,male_specific
PVLP133b,0,,8,PVLP133,cb_intrinsic,male_specific
"PhG7,PhG8,PhG9",0,,8,PhG7,cb_sensory,male_specific
SMP025a,0,,8,SMP025,cb_intrinsic,male_specific
"SMP523,SMP524",0,,8,SMP523,cb_intrinsic,male_specific
"VES051,VES052",0,,8,VES051,cb_intrinsic,male_specific
WED037,0,,8,WED037,cb_intrinsic,male_specific
"WED128,WED129",0,,8,WED128,cb_intrinsic,male_specific
"WED166_c,WED027",0,,8,WED166_d,cb_intrinsic,male_specific
hDeltaF,0,,8,hDeltaF,cb_intrinsic,male_specific
mNSC_unknown,0,,8,PI3,cb_endocrine,male_specific
AN_GNG_121,0,,7,AN05B063,ascending_neuron,male_specific
"AN_GNG_15,AN_GNG_IPS_4",0,,7,AN07B101_b,ascending_neuron,male_specific
AVLP060,0,,7,AVLP060,cb_intrinsic,male_specific
"CB1086,CB3196",0,,7,VES033,cb_intrinsic,male_specific
"CB1110,CB3327",0,,7,,cb_intrinsic,male_specific
"CB1150,CB1991",0,,7,SLP015_c,cb_intrinsic,male_specific
CB1207a,0,,7,CB1207_a,cb_intrinsic,male_specific
CB1207b,0,,7,CB1207_b,cb_intrinsic,male_specific
CB1213,0,,7,CB1213,cb_intrinsic,male_specific
CB1242,0,,7,CB1242,cb_intrinsic,male_specific
"CB1310,SLP204",0,,7,SLP204,cb_intrinsic,male_specific
CB1394_d,0,,7,SAD079,cb_intrinsic,male_specific
CB1546,0,,7,lLN15,cb_intrinsic,male_specific
"CB1671,CB2138,CB2610",0,,7,SMP718m,cb_intrinsic,male_specific
"CB1683,CB2146",0,,7,SIP042_b,cb_intrinsic,male_specific
CB1698,0,,7,SLP171,cb_intrinsic,male_specific
CB1754,0,,7,WED030_b,cb_intrinsic,male_specific
"CB1772,CB2169",0,,7,,cb_intrinsic,male_specific
CB1782,0,,7,CB1782,cb_intrinsic,male_specific
"CB2010,CB2103",0,,7,,cb_intrinsic,male_specific
"CB2014,CB2039",0,,7,,cb_intrinsic,male_specific
"CB2155,CB2477",0,,7,,cb_intrinsic,male_specific
"CB2349,CB2520",0,,7,,cb_intrinsic,male_specific
"CB2384,CB3737",0,,7,,cb_intrinsic,male_specific
"CB2421,CB3145",0,,7,SLP018,cb_intrinsic,male_specific
CB2507,0,,7,CB2507,cb_intrinsic,male_specific
CB2527,0,,7,v2LN50,cb_intrinsic,male_specific
"CB2533,CB2779",0,,7,,cb_intrinsic,male_specific
CB2589,0,,7,CB2589,cb_intrinsic,male_specific
"CB2602,CB2617",0,,7,SLP360_b,cb_intrinsic,male_specific
"CB2791,CB3092",0,,7,LHAV2b4,cb_intrinsic,male_specific
"CB2893,CB3750",0,,7,,cb_intrinsic,male_specific
"CB2973,CB2965",0,,7,LHAV4e2_b1,cb_intrinsic,male_specific
CB3016,0,,7,CB3016,cb_intrinsic,male_specific
"CB3034,CB3079",0,,7,SLP086,cb_intrinsic,male_specific
"CB3048,CB3280",0,,7,,cb_intrinsic,male_specific
CB3055,0,,7,CB3055,cb_intrinsic,male_specific
"CB3125,CB3166",0,,7,aIPg10,cb_intrinsic,male_specific
CB3556,0,,7,CB3556,cb_intrinsic,male_specific
CB3928,0,,7,CL087,cb_intrinsic,male_specific
CB4000,0,,7,PS005_c,cb_intrinsic,male_specific
CB4050,0,,7,PVLP008_c,cb_intrinsic,male_specific
CB4097,0,,7,CB4097,cb_intrinsic,male_specific
CB4101,0,,7,CB4101,cb_intrinsic,male_specific
CB4102,0,,7,CB4102,cb_intrinsic,male_specific
CB4114,0,,7,CB4114,cb_intrinsic,male_specific
CB4123,0,,7,CB4123,cb_intrinsic,male_specific
CB4132,0,,7,CB4132,cb_intrinsic,male_specific
CB4151,0,,7,CB4151,cb_intrinsic,male_specific
CB4176,0,,7,CB4176,cb_intrinsic,male_specific
CB4194,0,,7,CB4194,cb_intrinsic,male_specific
CB4205,0,,7,CB4205,cb_intrinsic,male_specific
CB4219,0,,7,M_lPNm13,cb_intrinsic,male_specific
CL086_b,0,,7,CL086_b,cb_intrinsic,male_specific
"CL301,CL302",0,,7,CL301,cb_intrinsic,male_specific
ER3d,0,,7,ER3d_e,cb_intrinsic,male_specific
ITP,0,,7,ITP,cb_endocrine,male_specific
JO-A1,0,,7,JO-A1,cb_sensory,male_specific
LB2a-b,0,,7,LB2a,cb_sensory,male_specific
LHAV2b10,0,,7,LHAV2b10,cb_intrinsic,male_specific
LHAV2g2_a,0,,7,LHAV2g2_a,cb_intrinsic,male_specific
LHAV7a4a,0,,7,LHAV7a4,cb_intrinsic,male_specific
"LHPV2c2a,LHPV2c2b",0,,7,LHPV2c2,cb_intrinsic,male_specific
"LHPV4a5,LHPV4k1",0,,7,LHPV4a3,cb_intrinsic,male_specific
"LT53,PLP098",0,,7,LoVP50,visual_projection,male_specific
"MBON25,MBON34",0,,7,MBON25-like,cb_intrinsic,male_specific
M_lvPNm45,0,,7,M_lvPNm45,cb_intrinsic,male_specific
PLP086b,0,,7,PLP086,cb_intrinsic,male_specific
PS087b,0,,7,PS087,cb_intrinsic,male_specific
PS282,0,,7,PS282,cb_intrinsic,male_specific
PVLP037,0,,7,PVLP037,cb_intrinsic,male_specific
SMP592,0,,7,SMP592,cb_intrinsic,male_specific
Sm33,0,,7,Cm25,ol_intrinsic,male_specific
VC3_adPN,0,,7,VC3_adPN,cb_intrinsic,male_specific
lLN2P_a,0,,7,lLN2P_a,cb_intrinsic,male_specific
"lLN9,lLN17a",0,,7,lLN9,cb_intrinsic,male_specific
"ANG_GNG_94,AN_GNG_117",0,,6,AN17A015,ascending_neuron,male_specific
"AN_GNG_1,AN_GNG_87,AN_GNG_140",0,,6,AN17A014,ascending_neuron,male_specific
AN_GNG_148,0,,6,AN08B099_c,ascending_neuron,male_specific
"AN_GNG_43,AN_GNG_83",0,,6,AN07B005,ascending_neuron,male_specific
"AN_GNG_SAD_29,AN_GNG_SAD_35",0,,6,AN05B100,ascending_neuron,male_specific
"AN_IPS_GNG_6,AN_GNG_172",0,,6,AN07B072_e,ascending_neuron,male_specific
"AN_PRW_FLA_1,AN_SAD_FLA_1,AN_FLA_PRW_1",0,,6,AN27X018,ascending_neuron,male_specific
"ATL017,ATL018",0,,6,ATL018,cb_intrinsic,male_specific
AVLP069_b,0,,6,AVLP069_b,cb_intrinsic,male_specific
AVLP069_c,0,,6,AVLP069_c,cb_intrinsic,male_specific
AVLP187a,0,,6,AVLP187,cb_intrinsic,male_specific
AVLP235,0,,6,AVLP235,cb_intrinsic,male_specific
AVLP256,0,,6,AVLP256,cb_intrinsic,male_specific
AVLP265a,0,,6,AVLP265,cb_intrinsic,male_specific
AVLP269_a,0,,6,AVLP269_a,cb_intrinsic,male_specific
CB.FB2E0,0,,6,FB2G_b,cb_intrinsic,male_specific
CB.FB2E9,0,,6,FB2I_a,cb_intrinsic,male_specific
"CB0027,SAD023",0,,6,SAD023,cb_intrinsic,male_specific
CB0158,0,,6,PVLP068,cb_intrinsic,male_specific
"CB0279,CB1725",0,,6,,cb_intrinsic,male_specific
"CB0398,CB2417",0,,6,WED077,cb_intrinsic,male_specific
"CB0719,CB2276",0,,6,CL054,cb_intrinsic,male_specific
CB0929,0,,6,CB0929,cb_intrinsic,male_specific
"CB0948,CB3284",0,,6,,cb_intrinsic,male_specific
"CB0965,CB3181",0,,6,,cb_intrinsic,male_specific
"CB1006,CB2932",0,,6,SIP042_a,cb_intrinsic,male_specific
CB1007,0,,6,CB1007,cb_intrinsic,male_specific
CB1020,0,,6,CB1020,cb_intrinsic,male_specific
CB1036,0,,6,GNG239,cb_intrinsic,male_specific
CB1051,0,,6,SMP358,cb_intrinsic,male_specific
CB1054,0,,6,SMP268,cb_intrinsic,male_specific
CB1056,0,,6,CB1056,cb_intrinsic,male_specific
"CB1083,CB2220,CB3083",0,,6,SMP489,cb_intrinsic,male_specific
CB1087,0,,6,CB1087,cb_intrinsic,male_specific
"CB1102,CB1328",0,,6,,cb_intrinsic,male_specific
CB1112,0,,6,AVLP261_a,cb_intrinsic,male_specific
"CB1143,CB1692",0,,6,WED117,cb_intrinsic,male_specific
CB1160,0,,6,CB1160,cb_intrinsic,male_specific
"CB1221,CB3628",0,,6,AVLP412,cb_intrinsic,male_specific
CB1230,0,,6,PRW041,cb_intrinsic,male_specific
"CB1259,CB3589",0,,6,aSP10B,cb_intrinsic,male_specific
CB1375,0,,6,LHPV2b4,cb_intrinsic,male_specific
CB1391,0,,6,CB1391,cb_intrinsic,male_specific
CB1434,0,,6,CB1434,cb_intrinsic,male_specific
"CB1468,CB1790",0,,6,,cb_intrinsic,male_specific
CB1470,0,,6,GNG620,cb_intrinsic,male_specific
CB1479a,0,,6,GNG427,cb_intrinsic,male_specific
"CB1485,CB3214,CB3405",0,,6,,cb_intrinsic,male_specific
CB1506,0,,6,SMP737,cb_intrinsic,male_specific
CB1529,0,,6,CB1529,cb_intrinsic,male_specific
CB1593,0,,6,CB1593,cb_intrinsic,male_specific
CB1670,0,,6,SLP178,cb_intrinsic,male_specific
CB1684,0,,6,CB1684,cb_intrinsic,male_specific
CB1709,0,,6,SMP220,cb_intrinsic,male_specific
CB1752,0,,6,CB1752,cb_intrinsic,male_specific
CB1896,0,,6,CB1896,cb_intrinsic,male_specific
"CB1993,CB4053",0,,6,AVLP333,cb_intrinsic,male_specific
"CB2003,CB3551",0,,6,,cb_intrinsic,male_specific
CB2071a,0,,6,GNG407,cb_intrinsic,male_specific
CB2071b,0,,6,GNG406,cb_intrinsic,male_specific
"CB2204,CB1127",0,,6,aIPg2,cb_intrinsic,male_specific
"CB2240,CB3251",0,,6,LHAV3b8,cb_intrinsic,male_specific
CB2263a,0,,6,PS284,cb_intrinsic,male_specific
"CB2338,CB3321",0,,6,CL117,cb_intrinsic,male_specific
"CB2354,CB2867",0,,6,,cb_intrinsic,male_specific
CB2367b,0,,6,PRW028,cb_intrinsic,male_specific
CB2376c,0,,6,aSP10C_b,cb_intrinsic,male_specific
CB2387,0,,6,LHAV4g4_b,cb_intrinsic,male_specific
"CB2391,CB1452",0,,6,VES101,cb_intrinsic,male_specific
CB2414,0,,6,WEDPN17_a2,cb_intrinsic,male_specific
"CB2470,CB3117",0,,6,LHPV6a1,cb_intrinsic,male_specific
"CB2576,CB3415",0,,6,WED117,cb_intrinsic,male_specific
CB2585,0,,6,CB2585,cb_intrinsic,male_specific
"CB2616,CB3751",0,,6,SLP337,cb_intrinsic,male_specific
"CB2668,CB3349",0,,6,aIPg5,cb_intrinsic,male_specific
CB2703,0,,6,CB2703,cb_intrinsic,male_specific
CB2934,0,,6,CB2934,cb_intrinsic,male_specific
CB2955,0,,6,CB2955,cb_intrinsic,male_specific
CB3049,0,,6,CB3049,cb_intrinsic,male_specific
CB3089,0,,6,LoVP55,visual_projection,male_specific
CB3118,0,,6,CB3118,cb_intrinsic,male_specific
CB3160,0,,6,LHAV5a8,cb_intrinsic,male_specific
"CB3169,CB3223",0,,6,,cb_intrinsic,male_specific
"CB3183,CB3796",0,,6,,cb_intrinsic,male_specific
"CB3289,CB3531",0,,6,,cb_intrinsic,male_specific
CB3304,0,,6,LHAV6a5,cb_intrinsic,male_specific
"CB3424,CB3107",0,,6,,cb_intrinsic,male_specific
"CB3430,CB3434",0,,6,SMP247,cb_intrinsic,male_specific
CB3502,0,,6,PRW016,cb_intrinsic,male_specific
"CB3587,CB2663",0,,6,VES103,cb_intrinsic,male_specific
"CB3609,CB3611",0,,6,,cb_intrinsic,male_specific
CB3612,0,,6,SMP222,cb_intrinsic,male_specific
"CB3637,CB3653",0,,6,SIP070,cb_intrinsic,male_specific
"CB3639,CB3387",0,,6,SMP072,cb_intrinsic,male_specific
CB3858b,0,,6,AVLP548_a,cb_intrinsic,male_specific
CB3908,0,,6,CB3908,cb_intrinsic,male_specific
CB3942,0,,6,WEDPN6C,cb_intrinsic,male_specific
CB3956,0,,6,PS076,cb_intrinsic,male_specific
CB3963,0,,6,SLP141,cb_intrinsic,male_specific
CB3973,0,,6,LHPV5c1_d,cb_intrinsic,male_specific
CB3974,0,,6,LHPV5c1_d,cb_intrinsic,male_specific
CB3977,0,,6,CB3977,cb_intrinsic,male_specific
CB3992,0,,6,CB3992,cb_intrinsic,male_specific
CB3999,0,,6,PS005_d,cb_intrinsic,male_specific
CB4014,0,,6,SMP018,cb_intrinsic,male_specific
CB4015,0,,6,SMP018,cb_intrinsic,male_specific
CB4065,0,,6,GNG598,cb_intrinsic,male_specific
CB4075,0,,6,PRW009,cb_intrinsic,male_specific
CB4085,0,,6,CB4085,cb_intrinsic,male_specific
CB4095,0,,6,CB4095,cb_intrinsic,male_specific
CB4106,0,,6,CB4106,cb_intrinsic,male_specific
CB4115,0,,6,CB4115,cb_intrinsic,male_specific
CB4143,0,,6,CB4143,cb_intrinsic,male_specific
CB4157,0,,6,CB4157,cb_intrinsic,male_specific
CB4163,0,,6,CB4163,cb_intrinsic,male_specific
CB4166,0,,6,AVLP285,cb_intrinsic,male_specific
CB4167,0,,6,CB4167,cb_intrinsic,male_specific
CB4169,0,,6,CB4169,cb_intrinsic,male_specific
CB4171,0,,6,FB2F_a,cb_intrinsic,male_specific
CB4173,0,,6,CB4173,cb_intrinsic,male_specific
CB4177,0,,6,SAD001,cb_intrinsic,male_specific
CB4183,0,,6,CB4183,cb_intrinsic,male_specific
CB4197,0,,6,CB4197,cb_intrinsic,male_specific
CB4206,0,,6,CB4206,cb_intrinsic,male_specific
CB4216,0,,6,CB4216,cb_intrinsic,male_specific
CB4224,0,,6,GNG595,cb_intrinsic,male_specific
CL078,0,,6,CL078_a,cb_intrinsic,male_specific
CL090_e,0,,6,CL090_e,cb_intrinsic,male_specific
CL121_a,0,,6,CL121_a,cb_intrinsic,male_specific
CL122_a,0,,6,CL122_a,cb_intrinsic,male_specific
"CL231,CL238",0,,6,CL231,cb_intrinsic,male_specific
CL266_a,0,,6,CL266_a1,cb_intrinsic,male_specific
"CRE046,CRE045,CB3379",0,,6,CRE045,cb_intrinsic,male_specific
DH44,0,,6,DH44,cb_endocrine,male_specific
DMS,0,,6,DMS,cb_endocrine,male_specific
DNg05_b,0,,6,DNg05_b,descending_neuron,male_specific
"DNg06_b,DNg06_c",0,,6,DNg110,descending_neuron,male_specific
DNg110_a,0,,6,DNg06,descending_neuron,male_specific
DNg110_b,0,,6,DNg06,descending_neuron,male_specific
DNge113,0,,6,DNge113,descending_neuron,male_specific
DNge114,0,,6,DNge114,descending_neuron,male_specific
D_adPN,0,,6,D_adPN,cb_intrinsic,male_specific
ENS1,0,,6,ENS1,cb_sensory,male_specific
ENS5,0,,6,ENS5,cb_sensory,male_specific
FB4R,0,,6,FB4R,cb_intrinsic,male_specific
"FB5P,FB5T",0,,6,FB5P,cb_intrinsic,male_specific
LAL090c,0,,6,LAL090,cb_intrinsic,male_specific
LAL144b,0,,6,LAL144,cb_intrinsic,male_specific
"LAL147a,LAL147b",0,,6,LAL147_a,cb_intrinsic,male_specific
LB2c,0,,6,LB2c,cb_sensory,male_specific
"LHAD1a3,LHAD1f5",0,,6,LHAD1f5,cb_intrinsic,male_specific
LHAD1i1,0,,6,LHAD1i1,cb_intrinsic,male_specific
LHAV2b6,0,,6,LHAV2b6,cb_intrinsic,male_specific
LHAV2g3,0,,6,LHAV2g3,cb_intrinsic,male_specific
LHAV5a2_b,0,,6,LHAV5a2_b,cb_intrinsic,male_specific
LHPV2a4,0,,6,LHPV2a4,cb_intrinsic,male_specific
LHPV3b1_b,0,,6,LHPV3b1_b,cb_intrinsic,male_specific
LHPV4a1,0,,6,LHPV4a1,cb_intrinsic,male_specific
LHPV4a2,0,,6,LHPV4a2,cb_intrinsic,male_specific
LHPV6a3,0,,6,LHPV6a3,cb_intrinsic,male_specific
LT82,0,,6,LT82a,visual_projection,male_specific
M_VPNml66,0,,6,M_VPNml66,cb_intrinsic,male_specific
M_adPNm8,0,,6,M_adPNm8,cb_intrinsic,male_specific
M_vPNml87,0,,6,M_vPNml87,cb_intrinsic,male_specific
"PLP041,PLP043",0,,6,PLP043,cb_intrinsic,male_specific
PLP053,0,,6,PLP053,cb_intrinsic,male_specific
PLP064_b,0,,6,PLP064_b,cb_intrinsic,male_specific
"PLP084,PLP085",0,,6,PLP085,cb_intrinsic,male_specific
PLP157,0,,6,PLP157,cb_intrinsic,male_specific
PLP191,0,,6,PLP191,cb_intrinsic,male_specific
PS004,0,,6,PS004,cb_intrinsic,male_specific
PS034,0,,6,PS034,cb_intrinsic,male_specific
PS038b,0,,6,PS038,cb_intrinsic,male_specific
PS095a,0,,6,PS095,cb_intrinsic,male_specific
"PS240,PS264",0,,6,PS240,cb_intrinsic,male_specific
PS267,0,,6,PS267,cb_intrinsic,male_specific
PVLP036,0,,6,PVLP036,cb_intrinsic,male_specific
PVLP074a,0,,6,PVLP074,cb_intrinsic,male_specific
SAD011,0,,6,SAD011,cb_intrinsic,male_specific
"SIP032,SIP059",0,,6,SIP032,cb_intrinsic,male_specific
"SIP055,SLP245",0,,6,SLP245,cb_intrinsic,male_specific
SIP073,0,,6,SIP073,cb_intrinsic,male_specific
SLP012b,0,,6,SLP012,cb_intrinsic,male_specific
SLP024b,0,,6,SLP024,cb_intrinsic,male_specific
SLP041,0,,6,SLP041,cb_intrinsic,male_specific
SLP044_d,0,,6,SLP044_d,cb_intrinsic,male_specific
"SLP109,SLP143",0,,6,SLP109,cb_intrinsic,male_specific
"SLP122,CB3605",0,,6,SLP122,cb_intrinsic,male_specific
SLP241b,0,,6,SLP241,cb_intrinsic,male_specific
SMP105_b,0,,6,SMP105_b,cb_intrinsic,male_specific
SMP215,0,,6,SMP215,cb_intrinsic,male_specific
SMP217,0,,6,SMP217,cb_intrinsic,male_specific
SMP277,0,,6,SMP277,cb_intrinsic,male_specific
"SMP359,SMP362",0,,6,SMP362,cb_intrinsic,male_specific
Sm36,0,,6,Cm29,ol_intrinsic,male_specific
VA1d_adPN,0,,6,VA1d_adPN,cb_intrinsic,male_specific
VES049,0,,6,VES049,cb_intrinsic,male_specific
WED031b,0,,6,WED031,cb_intrinsic,male_specific
WED130b,0,,6,WED131,cb_intrinsic,male_specific
WEDPN14,0,,6,WEDPN14,cb_intrinsic,male_specific
"lLN2X06,lLN2X07",0,,6,lLN2R_a,cb_intrinsic,male_specific
"lLN2X09,lLN2X10",0,,6,,cb_intrinsic,male_specific
mAL4F,0,,6,mAL4F,cb_intrinsic,male_specific
"pC1a,pC1c",0,,6,pC1x_a,cb_intrinsic,male_specific
v2LN4,0,,6,v2LN4,cb_intrinsic,male_specific
AN_GNG_183,0,,5,AN08B101,ascending_neuron,male_specific
AOTU052a,0,,5,AOTU052,cb_intrinsic,male_specific
AVLP026a,0,,5,AVLP026,cb_intrinsic,male_specific
AVLP044_a,0,,5,AVLP044_a,cb_intrinsic,male_specific
AVLP348,0,,5,AVLP348,cb_intrinsic,male_specific
"AVLP420_a,AVLP427",0,,5,AVLP420_a,cb_intrinsic,male_specific
AVLP421,0,,5,AVLP421,cb_intrinsic,male_specific
CB.FB2I2,0,,5,FB2C,cb_intrinsic,male_specific
"CB0050,CB0064",0,,5,PVLP075,cb_intrinsic,male_specific
CB0927,0,,5,AVLP379,cb_intrinsic,male_specific
CB0938,0,,5,LHAD1i2_b,cb_intrinsic,male_specific
CB0962a,0,,5,PS346,cb_intrinsic,male_specific
CB0996,0,,5,CB0996,cb_intrinsic,male_specific
CB0999,0,,5,SLP187,cb_intrinsic,male_specific
"CB1025,CB3573",0,,5,,cb_intrinsic,male_specific
CB1038d,0,,5,AMMC023,cb_intrinsic,male_specific
"CB1066,CB3649",0,,5,,cb_intrinsic,male_specific
CB1080,0,,5,AOTU002_c,cb_intrinsic,male_specific
CB1099,0,,5,CB1099,cb_intrinsic,male_specific
"CB1119,CB1989",0,,5,,cb_intrinsic,male_specific
"CB1196,CB1986",0,,5,,cb_intrinsic,male_specific
"CB1315,CB1360",0,,5,AVLP337,cb_intrinsic,male_specific
CB1348,0,,5,LHPV5h2_a,cb_intrinsic,male_specific
"CB1378,CB3114",0,,5,,cb_intrinsic,male_specific
CB1432,0,,5,CB1432,cb_intrinsic,male_specific
CB1460,0,,5,CB1460,cb_intrinsic,male_specific
CB1487,0,,5,CB1487,cb_intrinsic,male_specific
"CB1492,CB2137",0,,5,WED143_d,cb_intrinsic,male_specific
CB1527,0,,5,CB1527,cb_intrinsic,male_specific
CB1574,0,,5,CB1574,cb_intrinsic,male_specific
CB1576,0,,5,CB1576,cb_intrinsic,male_specific
CB1590,0,,5,CB1590,cb_intrinsic,male_specific
CB1815,0,,5,CB1815,cb_intrinsic,male_specific
CB1850,0,,5,CB1850,cb_intrinsic,male_specific
"CB1886,CB2651",0,,5,,cb_intrinsic,male_specific
CB1921,0,,5,LHPV6a1,cb_intrinsic,male_specific
"CB1961,CB2796",0,,5,LHPV3b1_a,cb_intrinsic,male_specific
CB2027,0,,5,CB2027,cb_intrinsic,male_specific
CB2224,0,,5,CB2224,cb_intrinsic,male_specific
CB2248,0,,5,aSP10B,cb_intrinsic,male_specific
CB2388,0,,5,Z_lvPNm1,cb_intrinsic,male_specific
CB2472,0,,5,CB2472,cb_intrinsic,male_specific
"CB2544,CB2841",0,,5,,cb_intrinsic,male_specific
CB2556,0,,5,AMMC034_a,cb_intrinsic,male_specific
CB2571b,0,,5,v2LN34A,cb_intrinsic,male_specific
CB2573b,0,,5,PRW026,cb_intrinsic,male_specific
"CB2580,CB3235",0,,5,,cb_intrinsic,male_specific
"CB2591,CB2917",0,,5,,cb_intrinsic,male_specific
"CB2608,CB3591,CB3636",0,,5,SMP306,cb_intrinsic,male_specific
"CB2634,CB3521",0,,5,AVLP183,cb_intrinsic,male_specific
CB2667,0,,5,CB2667,cb_intrinsic,male_specific
CB2687,0,,5,CB2687,cb_intrinsic,male_specific
CB2726,0,,5,SLP183,cb_intrinsic,male_specific
CB2731,0,,5,LHAV4g6_a,cb_intrinsic,male_specific
CB2763,0,,5,CB2763,cb_intrinsic,male_specific
CB2770,0,,5,CB2770,cb_intrinsic,male_specific
CB2787,0,,5,CB2787,cb_intrinsic,male_specific
CB2851,0,,5,CB2851,cb_intrinsic,male_specific
CB2869,0,,5,CB2869,cb_intrinsic,male_specific
CB2937,0,,5,CB2937,cb_intrinsic,male_specific
"CB2946,CB1952",0,,5,,cb_intrinsic,male_specific
CB2961,0,,5,SLP268,cb_intrinsic,male_specific
CB3023,0,,5,CB3023,cb_intrinsic,male_specific
"CB3041,CB3084",0,,5,SLP347,cb_intrinsic,male_specific
"CB3063,CB3801",0,,5,,cb_intrinsic,male_specific
CB3075,0,,5,CB3075,cb_intrinsic,male_specific
"CB3198,CB2977",0,,5,LHPD2b1,cb_intrinsic,male_specific
CB3202,0,,5,CB3202,cb_intrinsic,male_specific
"CB3283,CB3314",0,,5,,cb_intrinsic,male_specific
CB3313,0,,5,aSP10A_b,cb_intrinsic,male_specific
CB3360,0,,5,CB3360,cb_intrinsic,male_specific
CB3364,0,,5,CB3364,cb_intrinsic,male_specific
CB3446,0,,5,CB3446,cb_intrinsic,male_specific
"CB3487,CB3535",0,,5,AVLP527,cb_intrinsic,male_specific
"CB3504,CB3510",0,,5,,cb_intrinsic,male_specific
CB3858a,0,,5,AVLP548_c,cb_intrinsic,male_specific
CB3961,0,,5,AOTU032,cb_intrinsic,male_specific
CB3962,0,,5,AOTU034,cb_intrinsic,male_specific
CB3998,0,,5,CB3998,cb_intrinsic,male_specific
CB4001,0,,5,PS005_e,cb_intrinsic,male_specific
CB4012,0,,5,SMP016_a,cb_intrinsic,male_specific
CB4013,0,,5,SMP018,cb_intrinsic,male_specific
CB4036,0,,5,GNG336,cb_intrinsic,male_specific
CB4104,0,,5,CB4104,cb_intrinsic,male_specific
CB4117,0,,5,CB4117,cb_intrinsic,male_specific
CB4139,0,,5,CB4139,cb_intrinsic,male_specific
CB4179,0,,5,CB4179,cb_intrinsic,male_specific
CB4180,0,,5,SAD014,cb_intrinsic,male_specific
CB4214,0,,5,CB4214,cb_intrinsic,male_specific
CB4225,0,,5,CB4225,cb_intrinsic,male_specific
CB4248,0,,5,CB4248,cb_intrinsic,male_specific
CL024b,0,,5,CL024_b,cb_intrinsic,male_specific
CL160,0,,5,CL160,cb_intrinsic,male_specific
CL166,0,,5,CL166,cb_intrinsic,male_specific
CL168,0,,5,CL168,cb_intrinsic,male_specific
CL24a,0,,5,CL024_a,cb_intrinsic,male_specific
CRE043b,0,,5,CRE043_c1,cb_intrinsic,male_specific
"CRE094,CB2062",0,,5,CRE094,cb_intrinsic,male_specific
CRZ,0,,5,,cb_endocrine,male_specific
"DNge108,DNge118",0,,5,DNge108,descending_neuron,male_specific
ENS3,0,,5,ENS3,cb_sensory,male_specific
ENS4,0,,5,ENS4,cb_sensory,male_specific
"FB5D,FB5E",0,,5,FB5D,cb_intrinsic,male_specific
"FB6,FB6J",0,,5,FB6J,cb_intrinsic,male_specific
LAL025,0,,5,LAL025,cb_intrinsic,male_specific
LAL094a,0,,5,LAL094,cb_intrinsic,male_specific
LAL094c,0,,5,LAL094,cb_intrinsic,male_specific
LHAD1c3,0,,5,LHAD1c3,cb_intrinsic,male_specific
"LHAD2c3b,LHAD2c3c",0,,5,LHAD2c3,cb_intrinsic,male_specific
LHPV2a1_d,0,,5,LHPV2a1_d,cb_intrinsic,male_specific
LHPV2a5,0,,5,LHPV2a5,cb_intrinsic,male_specific
"LHPV2b5,CB3282,CB3161",0,,5,LHPV2b5,cb_intrinsic,male_specific
LHPV4a8,0,,5,LHPV4a8,cb_intrinsic,male_specific
M_lvPNm37,0,,5,M_lvPNm37,cb_intrinsic,male_specific
PLP241a,0,,5,PLP241,cb_intrinsic,male_specific
PS150a,0,,5,PS150,cb_intrinsic,male_specific
"PS193b,PS193c",0,,5,PS193b,cb_intrinsic,male_specific
PS209c,0,,5,PS209,cb_intrinsic,male_specific
PS252,0,,5,PS252,cb_intrinsic,male_specific
SIP013b,0,,5,SIP013,cb_intrinsic,male_specific
SIP020b,0,,5,SIP020_b,cb_intrinsic,male_specific
SLP026,0,,5,SLP026,cb_intrinsic,male_specific
"SLP288b,SLP288c",0,,5,SLP288,cb_intrinsic,male_specific
SLP360,0,,5,SLP360_d,cb_intrinsic,male_specific
SLP400,0,,5,SLP400,cb_intrinsic,male_specific
SMP319b,0,,5,SMP319,cb_intrinsic,male_specific
SMP590,0,,5,SMP590_a,cb_intrinsic,male_specific
VM5v_adPN,0,,5,VM5v_adPN,cb_intrinsic,male_specific
WED004b,0,,5,WED004,cb_intrinsic,male_specific
WED039,0,,5,WED039,cb_intrinsic,male_specific
WEDPN8D,0,,5,WEDPN8D,cb_intrinsic,male_specific
aPhM2a,0,,5,aPhM2a,cb_sensory,male_specific
aPhM3,0,,5,aPhM3,cb_sensory,male_specific
lLN13,0,,5,lLN13,cb_intrinsic,male_specific
"v2LN42b,v2LN42c",0,,5,v2LN42,cb_intrinsic,male_specific
v2LN47,0,,5,v2LN47,cb_intrinsic,male_specific
"(AVLP346,AVLP348)a",0,,4,AVLP346,cb_intrinsic,male_specific
ALON3,0,,4,ALON3,cb_intrinsic,male_specific
AN_AVLP_42,0,,4,AN10B022,ascending_neuron,male_specific
"AN_GNG_11,AN_GNG_13",0,,4,AN19B044,ascending_neuron,male_specific
AN_GNG_159,0,,4,AN08B099_g,ascending_neuron,male_specific
AN_GNG_180,0,,4,AN14A003,ascending_neuron,male_specific
AN_GNG_181,0,,4,AN03B011,ascending_neuron,male_specific
AN_GNG_201,0,,4,AN04B004,ascending_neuron,male_specific
AN_GNG_203,0,,4,AN19B051,ascending_neuron,male_specific
AN_GNG_59,0,,4,AN07B041,ascending_neuron,male_specific
AN_GNG_60,0,,4,AN07B013,ascending_neuron,male_specific
AN_GNG_8,0,,4,AN19B009,ascending_neuron,male_specific
"AN_multi_34,AN_multi_35",0,,4,AN09B037,ascending_neuron,male_specific
AN_multi_99,0,,4,AN08B041,ascending_neuron,male_specific
"AOTU018,AOTU031",0,,4,AOTU018,cb_intrinsic,male_specific
AOTU041,0,,4,AOTU041,cb_intrinsic,male_specific
AOTU042,0,,4,AOTU042,cb_intrinsic,male_specific
AOTU046,0,,4,AOTU046,cb_intrinsic,male_specific
AOTU049,0,,4,AOTU049,cb_intrinsic,male_specific
"ATL024,IB042",0,,4,ATL024,cb_intrinsic,male_specific
"ATL035,ATL036",0,,4,ATL035,cb_intrinsic,male_specific
"ATL038,ATL039",0,,4,ATL038,cb_intrinsic,male_specific
AVLP027,0,,4,AVLP027,cb_intrinsic,male_specific
AVLP028d,0,,4,AVLP028,cb_intrinsic,male_specific
AVLP069_a,0,,4,AVLP069_a,cb_intrinsic,male_specific
AVLP096,0,,4,AVLP096,cb_intrinsic,male_specific
AVLP105a,0,,4,AVLP105,cb_intrinsic,male_specific
AVLP143,0,,4,AVLP143,cb_intrinsic,male_specific
AVLP194a,0,,4,AVLP194_a,cb_intrinsic,male_specific
AVLP194c2,0,,4,AVLP194_c2,cb_intrinsic,male_specific
AVLP194d,0,,4,AVLP192_a,cb_intrinsic,male_specific
AVLP227,0,,4,AVLP227,cb_intrinsic,male_specific
AVLP234,0,,4,AVLP234,cb_intrinsic,male_specific
"AVLP253,AVLP254",0,,4,AVLP253,cb_intrinsic,male_specific
AVLP345,0,,4,AVLP345_a,cb_intrinsic,male_specific
AVLP380,0,,4,AVLP380,cb_intrinsic,male_specific
"AVLP393,AVLP395",0,,4,AVLP393,cb_intrinsic,male_specific
"AVLP417,AVLP438",0,,4,AVLP417,cb_intrinsic,male_specific
AVLP465c,0,,4,AVLP465,cb_intrinsic,male_specific
AVLP471,0,,4,AVLP471,cb_intrinsic,male_specific
AVLP517,0,,4,AVLP517,cb_intrinsic,male_specific
"AVLP530,AVLP561",0,,4,AVLP530,cb_intrinsic,male_specific
AVLP548_d,0,,4,AVLP548_d,cb_intrinsic,male_specific
AVLP548_e,0,,4,AVLP548_e,cb_intrinsic,male_specific
AVLP580,0,,4,AVLP580,cb_intrinsic,male_specific
CB.FB2E10,0,,4,FB2I_a,cb_intrinsic,male_specific
CB.FB2E5,0,,4,FB2J_a,cb_intrinsic,male_specific
CB.FB2E6,0,,4,FB2H_a,cb_intrinsic,male_specific
CB.FB2E8,0,,4,FB2E,cb_intrinsic,male_specific
CB.FB2K0,0,,4,FB2B_b,cb_intrinsic,male_specific
CB.FB2K1,0,,4,FB2B_a,cb_intrinsic,male_specific
"CB.FB3,4A10",0,,4,FB4M,cb_intrinsic,male_specific
"CB.FB3,4A21",0,,4,FB4L,cb_intrinsic,male_specific
"CB.FB3,4A9",0,,4,FB4Y,cb_intrinsic,male_specific
"CB.FB3,4I0",0,,4,FB3A,cb_intrinsic,male_specific
CB.FB5D2,0,,4,FB5Q,cb_intrinsic,male_specific
CB.FB6B0,0,,4,FB6K,cb_intrinsic,male_specific
CB.FB6F0,0,,4,FB6M,cb_intrinsic,male_specific
"CB0149,CB0663",0,,4,LAL206,cb_intrinsic,male_specific
"CB0189,CB3298",0,,4,AVLP139,cb_intrinsic,male_specific
"CB0220,LAL179b",0,,4,LAL179,cb_intrinsic,male_specific
"CB0299,CB2670",0,,4,,cb_intrinsic,male_specific
CB0624,0,,4,PS318,cb_intrinsic,male_specific
"CB0642,CB0662",0,,4,,cb_intrinsic,male_specific
CB0643,0,,4,GNG488,cb_intrinsic,male_specific
CB0705,0,,4,GNG276,cb_motor,male_specific
CB0710,0,,4,SMP082,cb_intrinsic,male_specific
CB0720,0,,4,MN1,cb_motor,male_specific
CB0746,0,,4,SMP742,cb_intrinsic,male_specific
CB0747,0,,4,AVLP325_b,cb_intrinsic,male_specific
CB0758,0,,4,CB0758,cb_intrinsic,male_specific
CB0762,0,,4,MN7,cb_motor,male_specific
CB0875/CB0882,0,,4,MN3L,cb_motor,male_specific
CB0914/CB0915,0,,4,MN12D,cb_motor,male_specific
CB0925,0,,4,CB0925,cb_intrinsic,male_specific
CB0926,0,,4,CB0926,cb_intrinsic,male_specific
CB0988a,0,,4,GNG448,cb_intrinsic,male_specific
CB0988b,0,,4,GNG450,cb_intrinsic,male_specific
CB1000,0,,4,CB1000,cb_intrinsic,male_specific
"CB1045,CB1588",0,,4,,cb_intrinsic,male_specific
CB1050,0,,4,CB1050,cb_intrinsic,male_specific
CB1059,0,,4,CB1059,cb_intrinsic,male_specific
"CB1061,CB1970",0,,4,CRE030_b,cb_intrinsic,male_specific
CB1088,0,,4,CB1088,cb_intrinsic,male_specific
"CB1093,CB2403",0,,4,,cb_intrinsic,male_specific
CB1111,0,,4,AVLP264,cb_intrinsic,male_specific
"CB1172,SIP041",0,,4,SIP041,cb_intrinsic,male_specific
"CB1228,CB2291",0,,4,,cb_intrinsic,male_specific
CB1231a,0,,4,SAD110,cb_intrinsic,male_specific
"CB1240,CB3467",0,,4,LHAV3b13,cb_intrinsic,male_specific
CB1272,0,,4,SLP094_a,cb_intrinsic,male_specific
"CB1273,CB2542",0,,4,,cb_intrinsic,male_specific
CB1280,0,,4,CB1280,cb_intrinsic,male_specific
"CB1284,CB3691",0,,4,,cb_intrinsic,male_specific
CB1294,0,,4,AOTU017,cb_intrinsic,male_specific
CB1321,0,,4,VP1m+VP2_lvPN2,cb_intrinsic,male_specific
CB1338,0,,4,SMP226,cb_intrinsic,male_specific
CB1356,0,,4,CB1356,cb_intrinsic,male_specific
CB1361,0,,4,CB1361,cb_intrinsic,male_specific
CB1384,0,,4,CB1384,cb_intrinsic,male_specific
CB1394_a,0,,4,CB1394_a,cb_intrinsic,male_specific
CB1394_b,0,,4,CB1394_b,cb_intrinsic,male_specific
CB1418,0,,4,CB1418,cb_intrinsic,male_specific
CB1422b,0,,4,GNG419,cb_intrinsic,male_specific
"CB1441,CB2007",0,,4,,cb_intrinsic,male_specific
CB1463,0,,4,CB1463,cb_intrinsic,male_specific
CB1494,0,,4,SLP043,cb_intrinsic,male_specific
CB1563a,0,,4,GNG271,cb_intrinsic,male_specific
CB1575a,0,,4,CB1575,cb_intrinsic,male_specific
"CB1589,CB3546",0,,4,,cb_intrinsic,male_specific
CB1597b,0,,4,GNG318,cb_intrinsic,male_specific
CB1608,0,,4,CB1608,cb_intrinsic,male_specific
CB1619,0,,4,CB1619,cb_intrinsic,male_specific
CB1653,0,,4,CB1653,cb_intrinsic,male_specific
CB1673,0,,4,v2LN34F,cb_intrinsic,male_specific
CB1676,0,,4,v2LN3A,cb_intrinsic,male_specific
CB1693,0,,4,PS072,cb_intrinsic,male_specific
CB1704,0,,4,LHPV5h4,cb_intrinsic,male_specific
"CB1740,CB1779",0,,4,,cb_intrinsic,male_specific
CB1800,0,,4,LHAV2h1,cb_intrinsic,male_specific
CB1811,0,,4,CB1811,cb_intrinsic,male_specific
"CB1829,CB3485,CB3527",0,,4,,cb_intrinsic,male_specific
CB1861b,0,,4,SLP179_b,cb_intrinsic,male_specific
"CB1865,CB2809",0,,4,SMP453,cb_intrinsic,male_specific
CB1898,0,,4,GNG266,cb_intrinsic,male_specific
CB1906,0,,4,AVLP311_a2,cb_intrinsic,male_specific
CB1912,0,,4,LHAV5c1,cb_intrinsic,male_specific
CB1913,0,,4,CL147,cb_intrinsic,male_specific
CB1945,0,,4,CB1945,cb_intrinsic,male_specific
"CB1947,CB3224",0,,4,,cb_intrinsic,male_specific
CB1967,0,,4,SMP117_a,cb_intrinsic,male_specific
"CB1972,CB1621",0,,4,,cb_intrinsic,male_specific
CB1974,0,,4,GNG409,cb_intrinsic,male_specific
CB1981,0,,4,CB1981,cb_intrinsic,male_specific
CB1985,0,,4,CB1985,cb_intrinsic,male_specific
CB2003,0,,4,CB2003,cb_intrinsic,male_specific
"CB2011,CB2699",0,,4,,cb_intrinsic,male_specific
CB2033,0,,4,CB2033,cb_intrinsic,male_specific
"CB2054,CB1488",0,,4,GNG320,cb_intrinsic,male_specific
CB2054b,0,,4,GNG319,cb_intrinsic,male_specific
CB2059,0,,4,CB2059,cb_intrinsic,male_specific
"CB2069,CB3559",0,,4,SLP360_d,cb_intrinsic,male_specific
CB2082,0,,4,CL191_a,cb_intrinsic,male_specific
CB2094b,0,,4,CB2094,cb_intrinsic,male_specific
CB2151,0,,4,CB2151,cb_intrinsic,male_specific
CB2159,0,,4,LHPV5h4,cb_intrinsic,male_specific
"CB2173,CB2752",0,,4,,cb_intrinsic,male_specific
CB2174,0,,4,CB2174,cb_intrinsic,male_specific
CB2184,0,,4,CB2184,cb_intrinsic,male_specific
CB2199,0,,4,LHPV6a1,cb_intrinsic,male_specific
CB2231,0,,4,PRW031,cb_intrinsic,male_specific
CB2233,0,,4,GNG275,cb_intrinsic,male_specific
CB2253,0,,4,AVLP005,cb_intrinsic,male_specific
CB2257,0,,4,CB2257,cb_intrinsic,male_specific
"CB2264,CB3516",0,,4,,cb_intrinsic,male_specific
CB2265b,0,,4,VES093_b,cb_intrinsic,male_specific
CB2267_a,0,,4,WEDPN17_a1,cb_intrinsic,male_specific
"CB2277,CB3336",0,,4,SLP099,cb_intrinsic,male_specific
"CB2284,CB2422",0,,4,SMP483,cb_intrinsic,male_specific
"CB2289,CB2649",0,,4,,cb_intrinsic,male_specific
CB2299,0,,4,GNG400,cb_intrinsic,male_specific
CB2315,0,,4,CB2315,cb_intrinsic,male_specific
CB2336,0,,4,LHAV3n1,cb_intrinsic,male_specific
CB2369,0,,4,SMP133,cb_intrinsic,male_specific
"CB2418,LAL026",0,,4,LAL026_a,cb_intrinsic,male_specific
CB2434,0,,4,SLP081,cb_intrinsic,male_specific
CB2442,0,,4,CB2442,cb_intrinsic,male_specific
"CB2451,CB3309",0,,4,SMP453,cb_intrinsic,male_specific
CB2452,0,,4,LHPV4c2,cb_intrinsic,male_specific
CB2459,0,,4,CB2459,cb_intrinsic,male_specific
CB2473,0,,4,PS070,cb_intrinsic,male_specific
CB2509,0,,4,CRE093,cb_intrinsic,male_specific
"CB2547,CB3651",0,,4,AVLP111,cb_intrinsic,male_specific
CB2548,0,,4,GNG391,cb_intrinsic,male_specific
CB2551b,0,,4,CB2551b,cb_intrinsic,male_specific
"CB2557,CB3471",0,,4,,cb_intrinsic,male_specific
"CB2566,CB3640",0,,4,GNG633,cb_intrinsic,male_specific
CB2568,0,,4,SMP221,cb_intrinsic,male_specific
CB2572a,0,,4,CB2572,cb_intrinsic,male_specific
CB2572b,0,,4,CB2572,cb_intrinsic,male_specific
CB2587,0,,4,SMP219,cb_intrinsic,male_specific
"CB2618,CB3317",0,,4,,cb_intrinsic,male_specific
CB2635,0,,4,AVLP325_a,cb_intrinsic,male_specific
CB2696b,0,,4,CL167,cb_intrinsic,male_specific
CB2756,0,,4,SLP198,cb_intrinsic,male_specific
CB2771,0,,4,SLP085,cb_intrinsic,male_specific
CB2786,0,,4,CB2786,cb_intrinsic,male_specific
CB2797,0,,4,CB2797,cb_intrinsic,male_specific
CB2810,0,,4,LHPV5m1,cb_intrinsic,male_specific
CB2811,0,,4,GNG381,cb_intrinsic,male_specific
CB2816,0,,4,CB2816,cb_intrinsic,male_specific
CB2845,0,,4,CB2845,cb_intrinsic,male_specific
CB2846,0,,4,CB2846,cb_intrinsic,male_specific
CB2859,0,,4,CB2859,cb_intrinsic,male_specific
CB2868_a,0,,4,SMP438,cb_intrinsic,male_specific
CB2881a,0,,4,CB2881,cb_intrinsic,male_specific
CB2885,0,,4,CL184,cb_intrinsic,male_specific
CB2899,0,,4,LHAV3n1,cb_intrinsic,male_specific
CB2907,0,,4,CB2907,cb_intrinsic,male_specific
CB3026,0,,4,CRE003_b,cb_intrinsic,male_specific
CB3036,0,,4,CB3036,cb_intrinsic,male_specific
"CB3060,SMP283",0,,4,SMP283,cb_intrinsic,male_specific
CB3061,0,,4,LHPV2c5,cb_intrinsic,male_specific
CB3076,0,,4,CB3076,cb_intrinsic,male_specific
CB3119,0,,4,LHPV6f3_b,cb_intrinsic,male_specific
CB3141,0,,4,CB3141,cb_intrinsic,male_specific
CB3146,0,,4,GNG375,cb_intrinsic,male_specific
CB3206,0,,4,VP1m+VP2_lvPN2,cb_intrinsic,male_specific
CB3218,0,,4,CB3218,cb_intrinsic,male_specific
CB3233,0,,4,CB3233,cb_intrinsic,male_specific
"CB3234,CB3377",0,,4,,cb_intrinsic,male_specific
CB3243,0,,4,CL275,cb_intrinsic,male_specific
"CB3260,CB3723",0,,4,LHPV6i1_a,cb_intrinsic,male_specific
CB3268,0,,4,CB3268,cb_intrinsic,male_specific
CB3279a,0,,4,PRW020,cb_intrinsic,male_specific
CB3287b,0,,4,CB3287b,cb_intrinsic,male_specific
CB3288,0,,4,CB3288,cb_intrinsic,male_specific
CB3339,0,,4,CB3339,cb_intrinsic,male_specific
"CB3356,CB3359",0,,4,,cb_intrinsic,male_specific
CB3357,0,,4,CB3357,cb_intrinsic,male_specific
CB3370,0,,4,AVLP378,cb_intrinsic,male_specific
CB3374,0,,4,CB3374,cb_intrinsic,male_specific
CB3382,0,,4,AVLP338,cb_intrinsic,male_specific
CB3392,0,,4,SMP002,cb_intrinsic,male_specific
CB3398,0,,4,AVLP113,cb_intrinsic,male_specific
CB3419,0,,4,CB3419,cb_intrinsic,male_specific
"CB3444,CB0793",0,,4,,cb_intrinsic,male_specific
CB3445,0,,4,CB3445,cb_intrinsic,male_specific
CB3455,0,,4,SIP054,cb_intrinsic,male_specific
CB3479,0,,4,CB3479,cb_intrinsic,male_specific
CB3506,0,,4,CB3506,cb_intrinsic,male_specific
CB3545,0,,4,CB3545,cb_intrinsic,male_specific
CB3552,0,,4,CB3552,cb_intrinsic,male_specific
CB3557,0,,4,SLP421,cb_intrinsic,male_specific
CB3574,0,,4,CB3574,cb_intrinsic,male_specific
"CB3584,CB3592",0,,4,,cb_intrinsic,male_specific
"CB3622,CB3662",0,,4,,cb_intrinsic,male_specific
CB3635,0,,4,CB3635,cb_intrinsic,male_specific
"CB3643,SAD075",0,,4,SAD075,cb_intrinsic,male_specific
CB3657,0,,4,CB3657,cb_intrinsic,male_specific
"CB3664,CB3672",0,,4,,cb_intrinsic,male_specific
CB3667,0,,4,CB3667,cb_intrinsic,male_specific
CB3673b,0,,4,CB3673b,cb_intrinsic,male_specific
CB3684,0,,4,CB3684,cb_intrinsic,male_specific
CB3748,0,,4,CB3748,cb_intrinsic,male_specific
"CB3749,CB3804",0,,4,,cb_intrinsic,male_specific
CB3762,0,,4,CB3762,cb_intrinsic,male_specific
"CB3772,CB3779",0,,4,SMP355,cb_intrinsic,male_specific
CB3788,0,,4,CB3788,cb_intrinsic,male_specific
CB3862,0,,4,SMP322,cb_intrinsic,male_specific
CB3874,0,,4,CB3874,cb_intrinsic,male_specific
"CB3888,WED085",0,,4,WED079,cb_intrinsic,male_specific
CB3893,0,,4,AMMC028,cb_intrinsic,male_specific
CB3896,0,,4,PLP052,cb_intrinsic,male_specific
CB3899,0,,4,GNG345,cb_intrinsic,male_specific
CB3900,0,,4,CB3900,cb_intrinsic,male_specific
CB3923,0,,4,GNG602,cb_intrinsic,male_specific
CB3927,0,,4,AVLP302,cb_intrinsic,male_specific
CB3931,0,,4,CB3931,cb_intrinsic,male_specific
CB3932,0,,4,CB3932,cb_intrinsic,male_specific
CB3936,0,,4,PLP054,cb_intrinsic,male_specific
CB3937,0,,4,PLP054,cb_intrinsic,male_specific
CB3939,0,,4,AVLP037,cb_intrinsic,male_specific
CB3943,0,,4,WEDPN6B,cb_intrinsic,male_specific
CB3946,0,,4,SAD046,cb_intrinsic,male_specific
CB3948,0,,4,SAD045,cb_intrinsic,male_specific
CB3951,0,,4,CL085_b,cb_intrinsic,male_specific
CB3959,0,,4,CB3959,cb_intrinsic,male_specific
CB3964,0,,4,SLP142,cb_intrinsic,male_specific
CB3965,0,,4,SLP142,cb_intrinsic,male_specific
CB3966,0,,4,SLP016,cb_intrinsic,male_specific
CB3968,0,,4,SLP105,cb_intrinsic,male_specific
CB3969,0,,4,LHPV5c1,cb_intrinsic,male_specific
CB3972,0,,4,LHPV5c1_a,cb_intrinsic,male_specific
CB3990,0,,4,LAL094,cb_intrinsic,male_specific
CB4002,0,,4,PS005_b,cb_intrinsic,male_specific
CB4003,0,,4,PS005_f,cb_intrinsic,male_specific
CB4016,0,,4,SMP018,cb_intrinsic,male_specific
CB4018,0,,4,PLP065,cb_intrinsic,male_specific
CB4022,0,,4,CB4022,cb_intrinsic,male_specific
CB4037,0,,4,CB4037,cb_intrinsic,male_specific
CB4056,0,,4,PLP181,cb_intrinsic,male_specific
CB4113,0,,4,CRE003_b,cb_intrinsic,male_specific
CB4150,0,,4,CB4150,cb_intrinsic,male_specific
CB4158,0,,4,CB4158,cb_intrinsic,male_specific
CB4160,0,,4,AVLP461,cb_intrinsic,male_specific
CB4162,0,,4,CB4162,cb_intrinsic,male_specific
CB4165,0,,4,CB4165,cb_intrinsic,male_specific
CB4172,0,,4,CB4172,cb_intrinsic,male_specific
CB4182,0,,4,SAD001,cb_intrinsic,male_specific
CB4185,0,,4,SMP394,cb_intrinsic,male_specific
CB4186,0,,4,SMP391,cb_intrinsic,male_specific
CB4190,0,,4,CB4190,cb_intrinsic,male_specific
CB4193,0,,4,CB4193,cb_intrinsic,male_specific
CB4195,0,,4,CB4195,cb_intrinsic,male_specific
CB4196,0,,4,CB4196,cb_intrinsic,male_specific
CB4198,0,,4,CB4198,cb_intrinsic,male_specific
CB4201,0,,4,CB4201,cb_intrinsic,male_specific
CB4215,0,,4,CB4215,cb_intrinsic,male_specific
CB4221,0,,4,SMP730,cb_intrinsic,male_specific
CB4226,0,,4,SMP729,cb_intrinsic,male_specific
CB4229,0,,4,PS148,cb_intrinsic,male_specific
CB4235,0,,4,SAD116,cb_intrinsic,male_specific
CB4236,0,,4,AVLP311_a1,cb_intrinsic,male_specific
"CL008,CL009",0,,4,CL008,cb_intrinsic,male_specific
CL014b,0,,4,CL014,cb_intrinsic,male_specific
CL022a,0,,4,CL022_b,cb_intrinsic,male_specific
CL080,0,,4,CL080,cb_intrinsic,male_specific
CL083,0,,4,CL083,cb_intrinsic,male_specific
CL085_a,0,,4,CL085_a,cb_intrinsic,male_specific
CL085_b,0,,4,CL085_c,cb_intrinsic,male_specific
CL090_b,0,,4,CL090_b,cb_intrinsic,male_specific
CL161b,0,,4,CL161_b,cb_intrinsic,male_specific
"CL228,SMP491",0,,4,CL228,cb_intrinsic,male_specific
CL266_b,0,,4,CL266_b1,cb_intrinsic,male_specific
CL273,0,,4,CL273,cb_intrinsic,male_specific
"CRE008,CRE010",0,,4,CRE008,cb_intrinsic,male_specific
CRE019,0,,4,CRE019,cb_intrinsic,male_specific
"CRE080a,CRE080b",0,,4,CRE080_a,cb_intrinsic,male_specific
"CRZ01,CRZ02",0,,4,CRZ01,cb_intrinsic,male_specific
DA3_adPN,0,,4,DA3_adPN,cb_intrinsic,male_specific
DM2_lPN,0,,4,DM2_lPN,cb_intrinsic,male_specific
DNbe002,0,,4,DNbe002,descending_neuron,male_specific
DNg02_c,0,,4,DNg02_c,descending_neuron,male_specific
DNg02_g,0,,4,DNg02_g,descending_neuron,male_specific
DNg04,0,,4,DNg04,descending_neuron,male_specific
"DNg102_a,DNg102_b",0,,4,DNg102,descending_neuron,male_specific
"DNg52_a,DNg52_b",0,,4,DNg52,descending_neuron,male_specific
DNg82,0,,4,DNg82,descending_neuron,male_specific
"DNge061,DNge066",0,,4,DNge061,descending_neuron,male_specific
DNge102,0,,4,DNge102,descending_neuron,male_specific
DNge136,0,,4,DNge136,descending_neuron,male_specific
"DNp51,DNpe019",0,,4,"DNp51,DNpe019",descending_neuron,male_specific
DNpe004,0,,4,DNpe004,descending_neuron,male_specific
DNpe029,0,,4,DNpe029,descending_neuron,male_specific
DP1m_vPN,0,,4,DP1m_vPN,cb_intrinsic,male_specific
ENS2,0,,4,ENS2,cb_sensory,male_specific
EPGt,0,,4,EPGt,cb_intrinsic,male_specific
ER6,0,,4,ER6,cb_intrinsic,male_specific
ExR1,0,,4,ExR1,cb_intrinsic,male_specific
ExR5,0,,4,ExR5,cb_intrinsic,male_specific
ExR7,0,,4,ExR7,cb_intrinsic,male_specific
ExR8,0,,4,ExR8,cb_intrinsic,male_specific
"FB1I,FB1J",0,,4,FB1I,cb_intrinsic,male_specific
FB2F_d,0,,4,FB2F_d,cb_intrinsic,male_specific
GLNO,0,,4,GLNO,cb_intrinsic,male_specific
Hugin-RG,0,,4,Hugin-RG,cb_endocrine,male_specific
"IB033,IB039",0,,4,IB033,cb_intrinsic,male_specific
IB038,0,,4,IB038,cb_intrinsic,male_specific
JO-FD1,0,,4,JO-FD1,cb_sensory,male_specific
JO-FD2,0,,4,JO-FD2,cb_sensory,male_specific
"LAL003,LAL044",0,,4,LAL003,cb_intrinsic,male_specific
LAL023,0,,4,LAL023,cb_intrinsic,male_specific
LAL056b,0,,4,LAL056,cb_intrinsic,male_specific
LAL059b,0,,4,LAL059,cb_intrinsic,male_specific
LAL064,0,,4,LAL064,cb_intrinsic,male_specific
"LAL074,LAL084",0,,4,LAL074,cb_intrinsic,male_specific
"LAL103,LAL109",0,,4,LAL109,cb_intrinsic,male_specific
"LAL104,LAL105",0,,4,LAL104,cb_intrinsic,male_specific
"LAL111,PS060",0,,4,LAL111,cb_intrinsic,male_specific
LAL113,0,,4,LAL113,cb_intrinsic,male_specific
LAL117,0,,4,LAL117,cb_intrinsic,male_specific
"LAL125,LAL108",0,,4,LAL108,cb_intrinsic,male_specific
"LAL160,LAL161",0,,4,LAL160,cb_intrinsic,male_specific
"LAL163,LAL164",0,,4,LAL163,cb_intrinsic,male_specific
"LAL171,LAL172",0,,4,LAL171,cb_intrinsic,male_specific
"LAL173,LAL174",0,,4,LAL173,cb_intrinsic,male_specific
"LAL176,LAL177",0,,4,LAL176,cb_intrinsic,male_specific
LAL188_a,0,,4,LAL188_a,cb_intrinsic,male_specific
LAL188_b,0,,4,LAL188_b,cb_intrinsic,male_specific
LAL194,0,,4,LAL194,cb_intrinsic,male_specific
LB2d,0,,4,LB2d,cb_sensory,male_specific
LB4a,0,,4,LB4a,cb_sensory,male_specific
LHAD1a4a,0,,4,LHAD1a4_a,cb_intrinsic,male_specific
LHAD1f1a,0,,4,LHAD1f1,cb_intrinsic,male_specific
LHAV1d1,0,,4,LHAV1d1,cb_intrinsic,male_specific
LHAV3a1,0,,4,LHAV3a1_b,cb_intrinsic,male_specific
LHAV5a1,0,,4,LHAV5a1,cb_intrinsic,male_specific
LHCENT13_a,0,,4,LHCENT13_a,cb_intrinsic,male_specific
LHPV4a9,0,,4,LHPV4a9,cb_intrinsic,male_specific
"LHPV4c3,LHPV4c4",0,,4,LHPV4c3,cb_intrinsic,male_specific
LHPV5b4,0,,4,LHPV5b4,cb_intrinsic,male_specific
LN-DN2,0,,4,LN-DN2,sensory_descending,male_specific
"LN60a,LN60b",0,,4,LN60,cb_intrinsic,male_specific
Li19,0,,4,Li11b,ol_intrinsic,male_specific
Li25,0,,4,Li11a,ol_intrinsic,male_specific
Li27,0,,4,Li12,ol_intrinsic,male_specific
Li28,0,,4,Li16,ol_intrinsic,male_specific
MNx01,0,,4,MNx01,cb_motor,male_specific
M_lvPNm26,0,,4,M_lvPNm26,cb_intrinsic,male_specific
M_lvPNm40,0,,4,M_lvPNm40,cb_intrinsic,male_specific
M_lvPNm43,0,,4,M_lvPNm43,cb_intrinsic,male_specific
M_lvPNm46,0,,4,M_lvPNm46,cb_intrinsic,male_specific
M_lvPNm47,0,,4,M_lvPNm47,cb_intrinsic,male_specific
M_vPNml53a,0,,4,M_vPNml53,cb_intrinsic,male_specific
M_vPNml75,0,,4,M_vPNml75,cb_intrinsic,male_specific
M_vPNml77,0,,4,M_vPNml77,cb_intrinsic,male_specific
M_vPNml80,0,,4,M_vPNml80,cb_intrinsic,male_specific
PAM15,0,,4,PAM15,cb_intrinsic,male_specific
PLP046a,0,,4,PLP046,cb_intrinsic,male_specific
PLP055,0,,4,PLP055,cb_intrinsic,male_specific
PLP059b,0,,4,PLP059,cb_intrinsic,male_specific
PLP065a,0,,4,PLP065,cb_intrinsic,male_specific
PLP069,0,,4,PLP069,cb_intrinsic,male_specific
PLP087b,0,,4,PLP087,cb_intrinsic,male_specific
"PLP109,PLP112",0,,4,PLP109,cb_intrinsic,male_specific
"PLP120,PLP145",0,,4,PLP120,cb_intrinsic,male_specific
"PLP139,PLP140",0,,4,PLP139,cb_intrinsic,male_specific
PLP182b,0,,4,PLP182,cb_intrinsic,male_specific
"PLP198,SLP361",0,,4,SLP361,cb_intrinsic,male_specific
"PPM1204,PS139",0,,4,PPM1204,cb_intrinsic,male_specific
"PS003,PS006",0,,4,PS003,cb_intrinsic,male_specific
PS008_a2,0,,4,PS008_b,cb_intrinsic,male_specific
PS008_b,0,,4,PS008_b,cb_intrinsic,male_specific
PS024,0,,4,PS024,cb_intrinsic,male_specific
PS083b,0,,4,PS083_b,cb_intrinsic,male_specific
PS096c,0,,4,PS096,cb_intrinsic,male_specific
"PS141,PS147",0,,4,PS141,cb_intrinsic,male_specific
"PS143,PS149",0,,4,PS143,cb_intrinsic,male_specific
PS150b,0,,4,PS150,cb_intrinsic,male_specific
"PS164,PS165",0,,4,PS164,cb_intrinsic,male_specific
"PS184,PS272",0,,4,PS272,cb_intrinsic,male_specific
PS191,0,,4,PS191,cb_intrinsic,male_specific
PS196,0,,4,PS196_a,cb_intrinsic,male_specific
"PS230,PLP242",0,,4,PS230,cb_intrinsic,male_specific
PS260,0,,4,PS260,cb_intrinsic,male_specific
"PS261,CB0295",0,,4,PS261,cb_intrinsic,male_specific
"PS283,PS286",0,,4,PS283,cb_intrinsic,male_specific
PVLP049,0,,4,PVLP049,cb_intrinsic,male_specific
PVLP104,0,,4,PVLP104,cb_intrinsic,male_specific
PVLP109,0,,4,PVLP109,cb_intrinsic,male_specific
PVLP133c,0,,4,PVLP133,cb_intrinsic,male_specific
PhG1c,0,,4,PhG1c,cb_sensory,male_specific
PhG2,0,,4,PhG2,cb_sensory,male_specific
PhG4,0,,4,PhG4,cb_sensory,male_specific
PhG8,0,,4,PhG8,cb_sensory,male_specific
Pm12,0,,4,Pm11,ol_intrinsic,male_specific
Pm14,0,,4,Pm12,ol_intrinsic,male_specific
SAD007b,0,,4,SAD007,cb_intrinsic,male_specific
SIP020a,0,,4,SIP020_a,cb_intrinsic,male_specific
SIP033,0,,4,SIP033,cb_intrinsic,male_specific
SIP045,0,,4,SIP045,cb_intrinsic,male_specific
"SLP007a,SLP007b",0,,4,SLP007,cb_intrinsic,male_specific
SLP008,0,,4,SLP008,cb_intrinsic,male_specific
SLP024c,0,,4,SLP024,cb_intrinsic,male_specific
SLP024d,0,,4,SLP024,cb_intrinsic,male_specific
"SLP098,SLP133",0,,4,SLP098,cb_intrinsic,male_specific
SLP106,0,,4,SLP106,cb_intrinsic,male_specific
"SLP118,SLP119",0,,4,SLP118,cb_intrinsic,male_specific
"SLP168,SLP125",0,,4,SLP168,cb_intrinsic,male_specific
SLP227c,0,,4,SLP227,cb_intrinsic,male_specific
SLP237,0,,4,SLP237,cb_intrinsic,male_specific
SLP249,0,,4,SLP249,cb_intrinsic,male_specific
SLP327,0,,4,SLP327,cb_intrinsic,male_specific
SLP356,0,,4,SLP356,cb_intrinsic,male_specific
SLP398,0,,4,SLP398,cb_intrinsic,male_specific
SLP402_a,0,,4,SLP402_a,cb_intrinsic,male_specific
SLP421a,0,,4,SLP421,cb_intrinsic,male_specific
SLP421b,0,,4,SLP421,cb_intrinsic,male_specific
SLP444,0,,4,SLP444,cb_intrinsic,male_specific
SLP463,0,,4,SLP463,cb_intrinsic,male_specific
SMP017,0,,4,SMP017,cb_intrinsic,male_specific
"SMP049,SMP076",0,,4,SMP049,cb_intrinsic,male_specific
"SMP058,SMP059",0,,4,SMP058,cb_intrinsic,male_specific
"SMP060,SMP374",0,,4,SMP374,cb_intrinsic,male_specific
"SMP061,SMP062",0,,4,SMP061,cb_intrinsic,male_specific
"SMP063,SMP064",0,,4,SMP063,cb_intrinsic,male_specific
SMP066,0,,4,SMP066,cb_intrinsic,male_specific
SMP067,0,,4,SMP067,cb_intrinsic,male_specific
"SMP074,CL040",0,,4,CL040,cb_intrinsic,male_specific
SMP075,0,,4,SMP075,cb_intrinsic,male_specific
SMP084,0,,4,SMP084,cb_intrinsic,male_specific
SMP085,0,,4,SMP085,cb_intrinsic,male_specific
SMP123,0,,4,SMP123,cb_intrinsic,male_specific
"SMP142,SMP145",0,,4,SMP142,cb_intrinsic,male_specific
"SMP143,SMP149",0,,4,SMP143,cb_intrinsic,male_specific
"SMP144,SMP150",0,,4,SMP144,cb_intrinsic,male_specific
SMP193,0,,4,SMP193,cb_intrinsic,male_specific
SMP328b,0,,4,SMP328_a,cb_intrinsic,male_specific
SMP330,0,,4,SMP330,cb_intrinsic,male_specific
"SMP338,SMP534",0,,4,SMP338,cb_intrinsic,male_specific
SMP344,0,,4,SMP344,cb_intrinsic,male_specific
SMP345,0,,4,SMP345,cb_intrinsic,male_specific
SMP346,0,,4,SMP346,cb_intrinsic,male_specific
SMP348,0,,4,SMP348,cb_intrinsic,male_specific
SMP355,0,,4,SMP354,cb_intrinsic,male_specific
SMP397,0,,4,SMP397,cb_intrinsic,male_specific
SMP410b,0,,4,SMP410,cb_intrinsic,male_specific
SMP411,0,,4,SMP411,cb_intrinsic,male_specific
SMP424,0,,4,SMP424,cb_intrinsic,male_specific
"SMP472,SMP473",0,,4,SMP472,cb_intrinsic,male_specific
SMP477,0,,4,SMP477,cb_intrinsic,male_specific
SMP490,0,,4,SMP490,cb_intrinsic,male_specific
"SMP501,SMP502",0,,4,SMP501,cb_intrinsic,male_specific
SMP517,0,,4,SMP517,cb_intrinsic,male_specific
SMP518,0,,4,SMP518,cb_intrinsic,male_specific
SMP519,0,,4,SMP519,cb_intrinsic,male_specific
SMP530,0,,4,SMP530_a,cb_intrinsic,male_specific
SMP537,0,,4,SMP537,cb_intrinsic,male_specific
"SMP538,SMP599",0,,4,SMP538,cb_intrinsic,male_specific
"SMP544,LAL134",0,,4,LAL134,cb_intrinsic,male_specific
"SMP546,SMP547",0,,4,SMP546,cb_intrinsic,male_specific
"SMP555,SMP556",0,,4,SMP555,cb_intrinsic,male_specific
"SMP579,SMP583",0,,4,SMP579,cb_intrinsic,male_specific
SMP746,0,,4,DNd01,cb_intrinsic,male_specific
VES024a,0,,4,VES024_a,cb_intrinsic,male_specific
VES050,0,,4,VES050,cb_intrinsic,male_specific
"VP5+_l2PN,VP5+VP2_l2PN",0,,4,,cb_intrinsic,male_specific
WED002a,0,,4,WED002,cb_intrinsic,male_specific
WED026b,0,,4,WED026,cb_intrinsic,male_specific
WED102,0,,4,WED102,cb_intrinsic,male_specific
WED130a,0,,4,WED129,cb_intrinsic,male_specific
"WED144a,CB3195",0,,4,,cb_intrinsic,male_specific
WED145a,0,,4,WED145,cb_intrinsic,male_specific
WED146b,0,,4,WED146_b,cb_intrinsic,male_specific
"WED160,WED183",0,,4,SpsP,cb_intrinsic,male_specific
WED166_d,0,,4,WED166_d,cb_intrinsic,male_specific
WED26b,0,,4,WED26,cb_intrinsic,male_specific
WEDPN7Ba,0,,4,WEDPN7B,cb_intrinsic,male_specific
WEDPN7Bb,0,,4,WEDPN7B,cb_intrinsic,male_specific
aPhM5,0,,4,aPhM5,cb_sensory,male_specific
l2LN19,0,,4,l2LN19,cb_intrinsic,male_specific
lLN2T_b,0,,4,lLN2T_b,cb_intrinsic,male_specific
lLN2X05,0,,4,lLN2X05,cb_intrinsic,male_specific
lLN2X11,0,,4,lLN2X11,cb_intrinsic,male_specific
lLN8,0,,4,lLN8,cb_intrinsic,male_specific
mAL4E,0,,4,mAL4E,cb_intrinsic,male_specific
mAL4G,0,,4,mAL4G,cb_intrinsic,male_specific
mAL4I,0,,4,mAL4I,cb_intrinsic,male_specific
mAL5A2,0,,4,mAL5A2,cb_intrinsic,male_specific
mAL6,0,,4,mAL6,cb_intrinsic,male_specific
"s-LNv_a,LNd_a",0,,4,5thsLNv_LNd6,visual_projection,male_specific
v2LN38,0,,4,v2LN38,cb_intrinsic,male_specific
vLN25,0,,4,vLN25,cb_intrinsic,male_specific
"vLN28,vLN29",0,,4,vLN28,cb_intrinsic,male_specific
AN_GNG_132,0,,3,AN18B032,ascending_neuron,male_specific
AVLP187b,0,,3,AVLP187,cb_intrinsic,male_specific
AVLP411,0,,3,AVLP411,cb_intrinsic,male_specific
AVLP419b,0,,3,AVLP419_b,cb_intrinsic,male_specific
AVLP462b,0,,3,AVLP462,cb_intrinsic,male_specific
CB0219,0,,3,GNG087,cb_intrinsic,male_specific
"CB0270,CB0351",0,,3,,cb_intrinsic,male_specific
"CB0339,CB3774",0,,3,LHPD2a2,cb_intrinsic,male_specific
CB0571,0,,3,GNG147,cb_intrinsic,male_specific
CB0700,0,,3,MN11D,cb_motor,male_specific
CB0840,0,,3,PRW050,cb_intrinsic,male_specific
CB0934,0,,3,LHAV3b1,cb_intrinsic,male_specific
"CB0968,CB2598",0,,3,,cb_intrinsic,male_specific
"CB1039,CB1703",0,,3,GNG269,cb_intrinsic,male_specific
CB1097b,0,,3,GNG446,cb_intrinsic,male_specific
CB1156,0,,3,CB1156,cb_intrinsic,male_specific
CB1187,0,,3,CB1187,cb_intrinsic,male_specific
CB1255,0,,3,CB1255,cb_intrinsic,male_specific
CB1281,0,,3,CB1281,cb_intrinsic,male_specific
CB1286,0,,3,CB1286,cb_intrinsic,male_specific
"CB1354,CB2747",0,,3,LHAV2a5,cb_intrinsic,male_specific
"CB1390,CB2423",0,,3,SMP484,cb_intrinsic,male_specific
"CB1402,CB2729",0,,3,,cb_intrinsic,male_specific
"CB1449,CB2843",0,,3,SMP227,cb_intrinsic,male_specific
CB1493,0,,3,CB1493,cb_intrinsic,male_specific
"CB1520,CB1724",0,,3,AVLP104,cb_intrinsic,male_specific
CB1563b,0,,3,GNG271,cb_intrinsic,male_specific
CB1568,0,,3,GNG424,cb_intrinsic,male_specific
CB1575b,0,,3,CB1575,cb_intrinsic,male_specific
CB1579,0,,3,GNG622,cb_intrinsic,male_specific
CB1585,0,,3,CB1585,cb_intrinsic,male_specific
CB1597c,0,,3,GNG421,cb_intrinsic,male_specific
CB1706,0,,3,CB1706,cb_intrinsic,male_specific
"CB1724,CB1520",0,,3,AVLP104,cb_intrinsic,male_specific
CB1787,0,,3,CB1787,cb_intrinsic,male_specific
CB1911,0,,3,CB1911,cb_intrinsic,male_specific
CB1929b,0,,3,LHPD3a5,cb_intrinsic,male_specific
CB2005,0,,3,LHAV2b4,cb_intrinsic,male_specific
CB2012,0,,3,SLP082,cb_intrinsic,male_specific
CB2054c,0,,3,GNG319,cb_intrinsic,male_specific
"CB2055,CB2644",0,,3,GNG388,cb_intrinsic,male_specific
CB2095,0,,3,SLP081,cb_intrinsic,male_specific
CB2154,0,,3,CB2154,cb_intrinsic,male_specific
"CB2163,CB4031",0,,3,SLP082,cb_intrinsic,male_specific
"CB2197,CB3238",0,,3,,cb_intrinsic,male_specific
CB2200,0,,3,CB2200,cb_intrinsic,male_specific
"CB2283,CB2848",0,,3,AOTU043,cb_intrinsic,male_specific
CB2345,0,,3,v2LN34B,cb_intrinsic,male_specific
CB2379,0,,3,CB2379,cb_intrinsic,male_specific
CB2389,0,,3,CB2389,cb_intrinsic,male_specific
CB2395b,0,,3,PVLP127,cb_intrinsic,male_specific
"CB2429,CB3219",0,,3,SIP075,cb_intrinsic,male_specific
"CB2490,CB2450",0,,3,,cb_intrinsic,male_specific
CB2491,0,,3,CB2491,cb_intrinsic,male_specific
"CB2560,CB3179",0,,3,,cb_intrinsic,male_specific
CB2626,0,,3,SMP735,cb_intrinsic,male_specific
CB2692,0,,3,LHPV4i3,cb_intrinsic,male_specific
CB2721,0,,3,CB2721,cb_intrinsic,male_specific
CB2736,0,,3,CB2736,cb_intrinsic,male_specific
"CB2749,CB2918",0,,3,,cb_intrinsic,male_specific
CB2782,0,,3,CB2782,cb_intrinsic,male_specific
CB2812,0,,3,CB2812,cb_intrinsic,male_specific
CB2860,0,,3,CRE057,cb_intrinsic,male_specific
CB2895,0,,3,CB2895,cb_intrinsic,male_specific
CB2925,0,,3,WEDPN7A,cb_intrinsic,male_specific
CB2974,0,,3,SMP007,cb_intrinsic,male_specific
CB2992,0,,3,CB2992,cb_intrinsic,male_specific
CB3021,0,,3,CB3021,cb_intrinsic,male_specific
CB3032,0,,3,PRW023,cb_intrinsic,male_specific
CB3051,0,,3,CB3051,cb_intrinsic,male_specific
CB3065,0,,3,CB3065,cb_intrinsic,male_specific
"CB3088,CB3180",0,,3,SLP320,cb_intrinsic,male_specific
CB3109,0,,3,CB3109,cb_intrinsic,male_specific
CB3134a,0,,3,LHAV6b3,cb_intrinsic,male_specific
CB3168,0,,3,CB3168,cb_intrinsic,male_specific
CB3172,0,,3,CB3172,cb_intrinsic,male_specific
CB3191,0,,3,LHPD4e1_b,cb_intrinsic,male_specific
CB3211b,0,,3,GNG369,cb_intrinsic,male_specific
CB3264,0,,3,CB3264,cb_intrinsic,male_specific
CB3275a,0,,3,AMMC033,cb_intrinsic,male_specific
CB3287a,0,,3,AVLP225_a,cb_intrinsic,male_specific
CB3295,0,,3,WEDPN8C,cb_intrinsic,male_specific
CB3328,0,,3,SMP247,cb_intrinsic,male_specific
CB3369,0,,3,LHAD1b2_d,cb_intrinsic,male_specific
CB3393,0,,3,CB3393,cb_intrinsic,male_specific
CB3411,0,,3,CB3411,cb_intrinsic,male_specific
CB3414,0,,3,CB3414,cb_intrinsic,male_specific
CB3496,0,,3,CB3496,cb_intrinsic,male_specific
CB3703,0,,3,GNG351,cb_intrinsic,male_specific
CB3710,0,,3,CB3710,cb_intrinsic,male_specific
CB3742,0,,3,CB3742,cb_intrinsic,male_specific
CB3760,0,,3,CB3760,cb_intrinsic,male_specific
CB3791,0,,3,CB3791,cb_intrinsic,male_specific
CB3895,0,,3,CB3895,cb_intrinsic,male_specific
CB3905,0,,3,GNG342,cb_intrinsic,male_specific
CB3910,0,,3,CB3910,cb_intrinsic,male_specific
CB3917,0,,3,GNG346,cb_intrinsic,male_specific
CB3944,0,,3,WEDPN6B,cb_intrinsic,male_specific
CB4005,0,,3,PS008_b,cb_intrinsic,male_specific
CB4028,0,,3,CL016,cb_intrinsic,male_specific
CB4031,0,,3,SLP082,cb_intrinsic,male_specific
CB4049,0,,3,PVLP008_a1,cb_intrinsic,male_specific
CB4055,0,,3,GNG334,cb_intrinsic,male_specific
CB4064,0,,3,CB4064,cb_intrinsic,male_specific
CB4079,0,,3,SMP731,cb_intrinsic,male_specific
CB4174,0,,3,CB4174,cb_intrinsic,male_specific
CB4217,0,,3,CB4217,cb_intrinsic,male_specific
CB4220,0,,3,CB4220,cb_intrinsic,male_specific
CB4240,0,,3,AMMC027,cb_intrinsic,male_specific
CB4245,0,,3,CB4245,cb_intrinsic,male_specific
CL169c,0,,3,CL169,cb_intrinsic,male_specific
CL283b,0,,3,CL283_b,cb_intrinsic,male_specific
CRE043a,0,,3,CRE043_b,cb_intrinsic,male_specific
DNge137,0,,3,DNge137,descending_neuron,male_specific
DP1l_vPN,0,,3,DP1l_vPN,cb_intrinsic,male_specific
FB5C,0,,3,FB5C,cb_intrinsic,male_specific
FB6L,0,,3,FB6L,cb_intrinsic,male_specific
JO-A4,0,,3,JO-A4,cb_sensory,male_specific
JO-B4_a,0,,3,JO-B4_a,cb_sensory,male_specific
JO-DP,0,,3,JO-DP,cb_sensory,male_specific
LAL094b,0,,3,LAL094,cb_intrinsic,male_specific
LHAD1f1b,0,,3,LHAD1f1,cb_intrinsic,male_specific
"LHAD1f3a,LHAD1f3b",0,,3,LHAD1f3_a,cb_intrinsic,male_specific
LHAD1f3d,0,,3,LHAD1f3_b,cb_intrinsic,male_specific
LHAV2g2_b,0,,3,LHAV2g2_b,cb_intrinsic,male_specific
LHAV3j1,0,,3,LHAV3j1,cb_intrinsic,male_specific
LHCENT13_b,0,,3,LHCENT13_b,cb_intrinsic,male_specific
LHCENT13_c,0,,3,LHCENT13_c,cb_intrinsic,male_specific
LHPD3a5,0,,3,LHPD3a5,cb_intrinsic,male_specific
"LHPD3c1,CB2629",0,,3,LHPD3c1,cb_intrinsic,male_specific
MN10,0,,3,MN10,cb_motor,male_specific
MNx03,0,,3,MNx03,cb_motor,male_specific
M_lvPNm42,0,,3,M_lvPNm42,cb_intrinsic,male_specific
M_vPNml86,0,,3,M_vPNml86,cb_intrinsic,male_specific
PLP001,0,,3,PLP001,cb_intrinsic,male_specific
PLP003,0,,3,PLP003,cb_intrinsic,male_specific
PLP052,0,,3,PLP052,cb_intrinsic,male_specific
PLP057,0,,3,PLP057,cb_intrinsic,male_specific
PS087a,0,,3,PS087,cb_intrinsic,male_specific
PS087c,0,,3,PS087,cb_intrinsic,male_specific
PS087d,0,,3,PS087,cb_intrinsic,male_specific
PS097a,0,,3,PS097,cb_intrinsic,male_specific
PS097c,0,,3,PS097,cb_intrinsic,male_specific
PS209b,0,,3,PS209,cb_intrinsic,male_specific
PVLP074b,0,,3,PVLP074,cb_intrinsic,male_specific
SIP024b,0,,3,SIP024,cb_intrinsic,male_specific
SLP035,0,,3,SLP035,cb_intrinsic,male_specific
SLP241a,0,,3,SLP241,cb_intrinsic,male_specific
SLP345b,0,,3,SLP345,cb_intrinsic,male_specific
SMP206,0,,3,SMP206,cb_intrinsic,male_specific
SMP278a,0,,3,SMP278,cb_intrinsic,male_specific
SMP319a,0,,3,SMP319,cb_intrinsic,male_specific
SMP332a,0,,3,SMP332,cb_intrinsic,male_specific
"SMP392,CB1400",0,,3,SMP392,cb_intrinsic,male_specific
SMP426,0,,3,SMP426,cb_intrinsic,male_specific
SMP509b,0,,3,SMP509,cb_intrinsic,male_specific
VM7v_adPN,0,,3,VM7v_adPN,cb_intrinsic,male_specific
WED004c,0,,3,WED004,cb_intrinsic,male_specific
WED015a,0,,3,WED015,cb_intrinsic,male_specific
WED015b,0,,3,WED015,cb_intrinsic,male_specific
WED015c,0,,3,WED015,cb_intrinsic,male_specific
WED020_b,0,,3,WED020_b,cb_intrinsic,male_specific
WED031a,0,,3,WED031,cb_intrinsic,male_specific
WED144b,0,,3,WED144,cb_intrinsic,male_specific
WED145b,0,,3,WED145,cb_intrinsic,male_specific
WED163a,0,,3,WED163,cb_intrinsic,male_specific
aMe6c,0,,3,aMe6c,ol_intrinsic,male_specific
cL07,0,,3,LoVP108,visual_projection,male_specific
l2LN22,0,,3,l2LN22,cb_intrinsic,male_specific
mAL4B,0,,3,mAL4B,cb_intrinsic,male_specific
v2LN46a,0,,3,v2LN46,cb_intrinsic,male_specific
"(AVLP346,AVLP348)b",0,,2,AVLP346,cb_intrinsic,male_specific
ALBN1,0,,2,ALBN1,cb_intrinsic,male_specific
ALIN4,0,,2,ALIN4,cb_intrinsic,male_specific
ALIN5,0,,2,ALIN5,cb_intrinsic,male_specific
ALIN6,0,,2,ALIN6,cb_intrinsic,male_specific
ALON1,0,,2,ALON1,cb_intrinsic,male_specific
ALON2,0,,2,ALON2,cb_intrinsic,male_specific
AN_AVLP_10,0,,2,ANXXX007,ascending_neuron,male_specific
"AN_AVLP_12,AN_AVLP_13",0,,2,AN01A086,ascending_neuron,male_specific
AN_AVLP_15,0,,2,ANXXX055,ascending_neuron,male_specific
AN_AVLP_18,0,,2,AN08B018,ascending_neuron,male_specific
AN_AVLP_23,0,,2,ANXXX098,ascending_neuron,male_specific
AN_AVLP_30,0,,2,AN12B004,ascending_neuron,male_specific
AN_AVLP_35,0,,2,AN08B018,ascending_neuron,male_specific
AN_AVLP_39,0,,2,AN12B006,ascending_neuron,male_specific
AN_AVLP_4,0,,2,ANXXX027,ascending_neuron,male_specific
AN_AVLP_40,0,,2,AN10B020,ascending_neuron,male_specific
AN_AVLP_47,0,,2,AN08B028,ascending_neuron,male_specific
AN_AVLP_49,0,,2,AN08B024,ascending_neuron,male_specific
AN_AVLP_54,0,,2,AN09B016,ascending_neuron,male_specific
AN_AVLP_6,0,,2,AN08B018,ascending_neuron,male_specific
AN_AVLP_GNG_11,0,,2,AN09B004,ascending_neuron,male_specific
AN_AVLP_GNG_12,0,,2,AN05B081,ascending_neuron,male_specific
AN_AVLP_GNG_14,0,,2,AN05B068,ascending_neuron,male_specific
AN_AVLP_GNG_17,0,,2,ANXXX027,ascending_neuron,male_specific
AN_AVLP_GNG_19,0,,2,AN17A015,ascending_neuron,male_specific
AN_AVLP_GNG_6,0,,2,ANXXX082,ascending_neuron,male_specific
"AN_AVLP_PVLP_2,AN_AVLP_PVLP_7",0,,2,AN09B002,ascending_neuron,male_specific
AN_AVLP_PVLP_5,0,,2,AN05B102c,ascending_neuron,male_specific
AN_AVLP_SAD_3,0,,2,AN17B011,ascending_neuron,male_specific
AN_FLA_VES_2,0,,2,ANXXX380,ascending_neuron,male_specific
AN_GNG_10,0,,2,AN19B014,ascending_neuron,male_specific
AN_GNG_100,0,,2,AN01B018,ascending_neuron,male_specific
AN_GNG_105,0,,2,ANXXX099,ascending_neuron,male_specific
AN_GNG_112,0,,2,AN17A018,ascending_neuron,male_specific
AN_GNG_113,0,,2,AN01A014,ascending_neuron,male_specific
AN_GNG_114,0,,2,AN06B031,ascending_neuron,male_specific
AN_GNG_128,0,,2,AN12B055,ascending_neuron,male_specific
AN_GNG_131,0,,2,AN01A006,ascending_neuron,male_specific
AN_GNG_136,0,,2,AN09B018,ascending_neuron,male_specific
AN_GNG_141,0,,2,ANXXX023,ascending_neuron,male_specific
AN_GNG_146,0,,2,AN08B103,ascending_neuron,male_specific
AN_GNG_150,0,,2,ANXXX013,ascending_neuron,male_specific
AN_GNG_16,0,,2,AN12B005,ascending_neuron,male_specific
AN_GNG_19,0,,2,ANXXX002,ascending_neuron,male_specific
AN_GNG_198,0,,2,AN09A007,ascending_neuron,male_specific
AN_GNG_2,0,,2,AN19A019,ascending_neuron,male_specific
AN_GNG_202,0,,2,AN23B002,ascending_neuron,male_specific
AN_GNG_24,0,,2,ANXXX037,ascending_neuron,male_specific
AN_GNG_26,0,,2,AN01B002,ascending_neuron,male_specific
AN_GNG_29,0,,2,AN01B002,ascending_neuron,male_specific
AN_GNG_3,0,,2,AN19B001,ascending_neuron,male_specific
AN_GNG_30,0,,2,ANXXX462a,ascending_neuron,male_specific
AN_GNG_31,0,,2,AN03B095,ascending_neuron,male_specific
AN_GNG_32,0,,2,AN19B042,ascending_neuron,male_specific
AN_GNG_36,0,,2,ANXXX072,ascending_neuron,male_specific
AN_GNG_39,0,,2,ANXXX130,ascending_neuron,male_specific
AN_GNG_44,0,,2,AN07B057,ascending_neuron,male_specific
AN_GNG_51,0,,2,ANXXX106,ascending_neuron,male_specific
AN_GNG_53,0,,2,AN19A018,ascending_neuron,male_specific
AN_GNG_6,0,,2,AN19B015,ascending_neuron,male_specific
AN_GNG_66,0,,2,AN05B009,ascending_neuron,male_specific
AN_GNG_67,0,,2,AN05B005,ascending_neuron,male_specific
AN_GNG_70,0,,2,AN09B018,ascending_neuron,male_specific
AN_GNG_85,0,,2,AN08B097,ascending_neuron,male_specific
AN_GNG_9,0,,2,AN19B004,ascending_neuron,male_specific
AN_GNG_93,0,,2,ANXXX264,ascending_neuron,male_specific
AN_GNG_97,0,,2,AN17A003,ascending_neuron,male_specific
AN_GNG_FLA_6,0,,2,AN05B021,ascending_neuron,male_specific
AN_GNG_IPS_17,0,,2,AN07B052,ascending_neuron,male_specific
AN_GNG_LAL_1,0,,2,AN08B057,ascending_neuron,male_specific
AN_GNG_SAD_14,0,,2,AN05B023a,ascending_neuron,male_specific
AN_GNG_SAD_15,0,,2,AN23B001,ascending_neuron,male_specific
AN_GNG_SAD_17,0,,2,AN10B015,ascending_neuron,male_specific
AN_GNG_SAD_19,0,,2,ANXXX196,ascending_neuron,male_specific
AN_GNG_SAD_21,0,,2,AN17A004,ascending_neuron,male_specific
AN_GNG_VES_11,0,,2,AN01B011,ascending_neuron,male_specific
AN_GNG_WED_2,0,,2,ANXXX154,ascending_neuron,male_specific
AN_IPS_GNG_1,0,,2,AN06B089,ascending_neuron,male_specific
AN_IPS_SPS_1,0,,2,AN07B043,ascending_neuron,male_specific
AN_LH_AVLP_1,0,,2,AN01A089,ascending_neuron,male_specific
AN_SLP_AVLP_1,0,,2,ANXXX470,ascending_neuron,male_specific
AN_VES_GNG_1,0,,2,AN12B019,ascending_neuron,male_specific
"AN_VES_GNG_4,AN_VES_GNG_6",0,,2,AN00A006,ascending_neuron,male_specific
AN_VES_GNG_8,0,,2,AN09B026,ascending_neuron,male_specific
AN_multi_102,0,,2,AN08B053,ascending_neuron,male_specific
AN_multi_106,0,,2,AN01A055,ascending_neuron,male_specific
AN_multi_109,0,,2,AN07B025,ascending_neuron,male_specific
AN_multi_115,0,,2,AN09B034,ascending_neuron,male_specific
AN_multi_116,0,,2,AN17A062,ascending_neuron,male_specific
AN_multi_13,0,,2,AN06B007,ascending_neuron,male_specific
AN_multi_18,0,,2,AN09B059,ascending_neuron,male_specific
AN_multi_19,0,,2,AN12B004,ascending_neuron,male_specific
AN_multi_2,0,,2,AN19A038,ascending_neuron,male_specific
"AN_multi_25,AN_multi_26",0,,2,AN09B031,ascending_neuron,male_specific
AN_multi_43,0,,2,AN08B022,ascending_neuron,male_specific
AN_multi_57,0,,2,AN08B026,ascending_neuron,male_specific
AN_multi_65,0,,2,AN05B099,ascending_neuron,male_specific
AN_multi_71,0,,2,ANXXX151,ascending_neuron,male_specific
AN_multi_78,0,,2,AN27X009,ascending_neuron,male_specific
AN_multi_84,0,,2,ANXXX136,ascending_neuron,male_specific
AN_multi_92,0,,2,AN05B101,ascending_neuron,male_specific
AN_multi_94,0,,2,AN05B025,ascending_neuron,male_specific
AN_multi_97,0,,2,AN05B101,ascending_neuron,male_specific
AOTU012,0,,2,AOTU012,cb_intrinsic,male_specific
AOTU013,0,,2,AOTU013,cb_intrinsic,male_specific
"AOTU015b,LAL027",0,,2,LAL027,cb_intrinsic,male_specific
AOTU024,0,,2,AOTU024,cb_intrinsic,male_specific
AOTU025,0,,2,AOTU025,cb_intrinsic,male_specific
AOTU035,0,,2,AOTU035,cb_intrinsic,male_specific
AOTU048,0,,2,AOTU048,cb_intrinsic,male_specific
AOTU052b,0,,2,AOTU052,cb_intrinsic,male_specific
AOTU064,0,,2,AOTU064,cb_intrinsic,male_specific
AOTUv3B_M01,0,,2,SMP013,cb_intrinsic,male_specific
AOTUv3B_P06,0,,2,SIP004,cb_intrinsic,male_specific
ATL003,0,,2,ATL003,cb_intrinsic,male_specific
ATL004,0,,2,ATL004,cb_intrinsic,male_specific
ATL006,0,,2,ATL006,cb_intrinsic,male_specific
ATL014,0,,2,ATL014,cb_intrinsic,male_specific
ATL015,0,,2,ATL015,cb_intrinsic,male_specific
ATL023,0,,2,ATL023,cb_intrinsic,male_specific
ATL027,0,,2,ATL027,cb_intrinsic,male_specific
ATL028,0,,2,ATL028,cb_intrinsic,male_specific
ATL031,0,,2,ATL031,cb_intrinsic,male_specific
ATL033,0,,2,ATL033,cb_intrinsic,male_specific
ATL040,0,,2,ATL040,cb_intrinsic,male_specific
AVL006a,0,,2,AVL006_a,cb_intrinsic,male_specific
AVLP001,0,,2,AVLP001,cb_intrinsic,male_specific
AVLP016,0,,2,AVLP016,cb_intrinsic,male_specific
AVLP020,0,,2,AVLP020,cb_intrinsic,male_specific
AVLP023,0,,2,AVLP023,cb_intrinsic,male_specific
AVLP024a,0,,2,AVLP024_a,cb_intrinsic,male_specific
AVLP024b,0,,2,AVLP024_b,cb_intrinsic,male_specific
AVLP025,0,,2,AVLP025,cb_intrinsic,male_specific
AVLP028a,0,,2,AVLP028,cb_intrinsic,male_specific
AVLP028c,0,,2,AVLP028,cb_intrinsic,male_specific
AVLP029,0,,2,AVLP029,cb_intrinsic,male_specific
AVLP031,0,,2,AVLP031,cb_intrinsic,male_specific
AVLP077,0,,2,AVLP077,cb_intrinsic,male_specific
AVLP079,0,,2,AVLP079,cb_intrinsic,male_specific
AVLP082,0,,2,AVLP082,cb_intrinsic,male_specific
AVLP085,0,,2,AVLP085,cb_intrinsic,male_specific
AVLP086,0,,2,AVLP086,cb_intrinsic,male_specific
AVLP090,0,,2,AVLP090,cb_intrinsic,male_specific
AVLP132,0,,2,AVLP132,cb_intrinsic,male_specific
AVLP155,0,,2,AVLP155_a,cb_intrinsic,male_specific
AVLP161,0,,2,AVLP161,cb_intrinsic,male_specific
AVLP194b1,0,,2,AVLP194_b1,cb_intrinsic,male_specific
AVLP194b2,0,,2,AVLP194_b2,cb_intrinsic,male_specific
AVLP194c1,0,,2,AVLP194_c1,cb_intrinsic,male_specific
AVLP200,0,,2,AVLP200,cb_intrinsic,male_specific
AVLP201,0,,2,AVLP201,cb_intrinsic,male_specific
AVLP210,0,,2,AVLP210,cb_intrinsic,male_specific
AVLP212,0,,2,AVLP212,cb_intrinsic,male_specific
AVLP213,0,,2,AVLP213,cb_intrinsic,male_specific
AVLP214,0,,2,AVLP214,cb_intrinsic,male_specific
AVLP251,0,,2,AVLP251,cb_intrinsic,male_specific
AVLP258,0,,2,AVLP258,cb_intrinsic,male_specific
AVLP260,0,,2,AVLP260,cb_intrinsic,male_specific
AVLP265b,0,,2,AVLP265,cb_intrinsic,male_specific
AVLP290a,0,,2,AVLP290_a,cb_intrinsic,male_specific
AVLP310b,0,,2,AVLP310,cb_intrinsic,male_specific
AVLP370a,0,,2,AVLP370_a,cb_intrinsic,male_specific
AVLP370b,0,,2,AVLP370_b,cb_intrinsic,male_specific
AVLP396,0,,2,AVLP396,cb_intrinsic,male_specific
AVLP399,0,,2,AVLP399,cb_intrinsic,male_specific
AVLP418,0,,2,AVLP418,cb_intrinsic,male_specific
AVLP419a,0,,2,AVLP419_a,cb_intrinsic,male_specific
AVLP428,0,,2,AVLP428,cb_intrinsic,male_specific
AVLP429,0,,2,AVLP429,cb_intrinsic,male_specific
AVLP439,0,,2,AVLP439,cb_intrinsic,male_specific
AVLP442,0,,2,AVLP442,cb_intrinsic,male_specific
AVLP445,0,,2,AVLP445,cb_intrinsic,male_specific
AVLP446,0,,2,AVLP446,cb_intrinsic,male_specific
AVLP449,0,,2,AVLP449,cb_intrinsic,male_specific
AVLP460b,0,,2,AVLP460,cb_intrinsic,male_specific
AVLP461,0,,2,AVLP461,cb_intrinsic,male_specific
AVLP464,0,,2,AVLP464,cb_intrinsic,male_specific
AVLP470a,0,,2,AVLP470_a,cb_intrinsic,male_specific
AVLP473,0,,2,AVLP473,cb_intrinsic,male_specific
AVLP478,0,,2,AVLP478,cb_intrinsic,male_specific
AVLP487,0,,2,AVLP487,cb_intrinsic,male_specific
AVLP507,0,,2,AVLP507,cb_intrinsic,male_specific
AVLP509,0,,2,AVLP509,cb_intrinsic,male_specific
AVLP520,0,,2,AVLP520,cb_intrinsic,male_specific
AVLP537,0,,2,AVLP537,cb_intrinsic,male_specific
AVLP538,0,,2,AVLP538,cb_intrinsic,male_specific
AVLP543,0,,2,AVLP543,cb_intrinsic,male_specific
AVLP547a,0,,2,AVLP545,cb_intrinsic,male_specific
AVLP572,0,,2,AVLP572,cb_intrinsic,male_specific
AVLP575,0,,2,AVLP575,cb_intrinsic,male_specific
AVLP590,0,,2,AVLP590,cb_intrinsic,male_specific
AstA1,0,,2,AstA1,cb_intrinsic,male_specific
BiT,0,,2,BiT,cb_intrinsic,male_specific
"CB.FB2E3,CB.FB2E4",0,,2,FB2H_b,cb_intrinsic,male_specific
CB.FB2G0,0,,2,FB1G,cb_intrinsic,male_specific
"CB.FB3,4A0",0,,2,FB4N,cb_intrinsic,male_specific
"CB.FB3,4A1",0,,2,FB4X,cb_intrinsic,male_specific
"CB.FB3,4I4",0,,2,FB4H,cb_intrinsic,male_specific
"CB.FB3,4I5",0,,2,FB4C,cb_intrinsic,male_specific
"CB.FB3,4I8",0,,2,FB4B,cb_intrinsic,male_specific
CB.FB5F0,0,,2,FB5H,cb_intrinsic,male_specific
CB.FB5G0,0,,2,FB5AB,cb_intrinsic,male_specific
CB.FB6E0,0,,2,FB6F,cb_intrinsic,male_specific
CB.FB6E1,0,,2,FB6Z,cb_intrinsic,male_specific
CB.FB6E2,0,,2,FB6H,cb_intrinsic,male_specific
CB.FB6I1,0,,2,FB6O,cb_intrinsic,male_specific
CB.FB8C3,0,,2,FB8D,cb_intrinsic,male_specific
CB.FBTF0,0,,2,FB1H,cb_intrinsic,male_specific
CB0008,0,,2,GNG175,cb_intrinsic,male_specific
CB0013,0,,2,GNG127,cb_intrinsic,male_specific
CB0015,0,,2,PRW074,cb_intrinsic,male_specific
CB0019,0,,2,GNG591,cb_intrinsic,male_specific
CB0022,0,,2,GNG088,cb_intrinsic,male_specific
CB0024,0,,2,CB0024,cb_intrinsic,male_specific
CB0026,0,,2,PRW073,cb_intrinsic,male_specific
CB0030,0,,2,GNG590,cb_intrinsic,male_specific
CB0032,0,,2,PRW072,cb_intrinsic,male_specific
CB0034,0,,2,GNG161,cb_intrinsic,male_specific
CB0060,0,,2,GNG101,cb_intrinsic,male_specific
CB0062,0,,2,GNG229,cb_intrinsic,male_specific
CB0071,0,,2,PRW071,cb_intrinsic,male_specific
CB0074,0,,2,PRW070,cb_intrinsic,male_specific
CB0078,0,,2,PRW069,cb_intrinsic,male_specific
CB0083,0,,2,GNG284,cb_intrinsic,male_specific
CB0084,0,,2,CB0084,cb_intrinsic,male_specific
CB0090,0,,2,CB0090,cb_intrinsic,male_specific
CB0091,0,,2,GNG126,cb_intrinsic,male_specific
CB0095,0,,2,GNG577,cb_intrinsic,male_specific
CB0099,0,,2,GNG152,cb_intrinsic,male_specific
CB0103,0,,2,CB0103,cb_intrinsic,male_specific
CB0104,0,,2,SAD107,cb_intrinsic,male_specific
CB0126a,0,,2,GNG418,cb_intrinsic,male_specific
CB0126b,0,,2,GNG417,cb_intrinsic,male_specific
CB0137,0,,2,GNG135,cb_intrinsic,male_specific
CB0138,0,,2,GNG070,cb_intrinsic,male_specific
CB0140,0,,2,CB0140,cb_intrinsic,male_specific
CB0142,0,,2,CB0142,cb_intrinsic,male_specific
CB0155,0,,2,GNG567,cb_intrinsic,male_specific
CB0159,0,,2,GNG016,cb_intrinsic,male_specific
CB0166,0,,2,GNG564,cb_intrinsic,male_specific
CB0168,0,,2,GNG631,cb_intrinsic,male_specific
CB0172,0,,2,GNG562,cb_intrinsic,male_specific
CB0174,0,,2,GNG561,cb_intrinsic,male_specific
CB0182,0,,2,GNG559,cb_intrinsic,male_specific
CB0183,0,,2,GNG078,cb_intrinsic,male_specific
CB0191,0,,2,GNG316,cb_intrinsic,male_specific
CB0197,0,,2,CB0197,cb_intrinsic,male_specific
CB0204,0,,2,CB0204,cb_intrinsic,male_specific
CB0208,0,,2,GNG155,cb_intrinsic,male_specific
CB0214,0,,2,CB0214,cb_intrinsic,male_specific
CB0217,0,,2,GNG051,cb_intrinsic,male_specific
CB0221,0,,2,CB0221,cb_intrinsic,male_specific
CB0229,0,,2,GNG251,cb_intrinsic,male_specific
CB0238,0,,2,GNG544,cb_intrinsic,male_specific
CB0241,0,,2,GNG203,cb_intrinsic,male_specific
CB0242,0,,2,SLP341_b,cb_intrinsic,male_specific
CB0244,0,,2,CB0244,cb_intrinsic,male_specific
CB0245,0,,2,AVLP221,cb_intrinsic,male_specific
CB0266,0,,2,CB0266,cb_intrinsic,male_specific
CB0268,0,,2,PS321,cb_intrinsic,male_specific
CB0283,0,,2,VES104,cb_intrinsic,male_specific
CB0296,0,,2,GNG094,cb_intrinsic,male_specific
CB0309,0,,2,PS355,cb_intrinsic,male_specific
CB0311,0,,2,LHPD3a2_b,cb_intrinsic,male_specific
"CB0314,CB1250",0,,2,,cb_intrinsic,male_specific
CB0316,0,,2,CB0316,cb_intrinsic,male_specific
CB0323,0,,2,PRW064,cb_intrinsic,male_specific
CB0324,0,,2,CB0324,cb_intrinsic,male_specific
CB0335,0,,2,CL353,cb_intrinsic,male_specific
CB0337,0,,2,GNG534,cb_intrinsic,male_specific
CB0341,0,,2,GNG313,cb_intrinsic,male_specific
CB0344,0,,2,WED203,cb_intrinsic,male_specific
CB0346,0,,2,CB0346,cb_intrinsic,male_specific
CB0349,0,,2,GNG533,cb_intrinsic,male_specific
CB0359,0,,2,AOTU016_a,cb_intrinsic,male_specific
CB0362,0,,2,GNG532,cb_intrinsic,male_specific
CB0363,0,,2,GNG264,cb_intrinsic,male_specific
CB0366,0,,2,GNG197,cb_intrinsic,male_specific
CB0368,0,,2,PS313,cb_intrinsic,male_specific
CB0373,0,,2,CB0373,cb_intrinsic,male_specific
CB0386,0,,2,CB0386,cb_intrinsic,male_specific
CB0402,0,,2,GNG529,cb_intrinsic,male_specific
CB0405,0,,2,CB0405,cb_intrinsic,male_specific
CB0410,0,,2,GNG526,cb_intrinsic,male_specific
CB0415,0,,2,GNG100,cb_intrinsic,male_specific
CB0417,0,,2,GNG066,cb_intrinsic,male_specific
CB0422,0,,2,GNG219,cb_intrinsic,male_specific
CB0424,0,,2,PLP258,cb_intrinsic,male_specific
CB0429,0,,2,CB0429,descending_neuron,male_specific
CB0431,0,,2,CB0431,cb_intrinsic,male_specific
CB0437,0,,2,GNG217,cb_intrinsic,male_specific
CB0440,0,,2,CB0440,cb_intrinsic,male_specific
CB0443,0,,2,GNG301,cb_intrinsic,male_specific
CB0444,0,,2,GNG195,cb_intrinsic,male_specific
CB0449,0,,2,GNG139,cb_intrinsic,male_specific
CB0451,0,,2,AMMC008,cb_intrinsic,male_specific
CB0458,0,,2,GNG519,cb_intrinsic,male_specific
CB0478,0,,2,AMMC013,cb_intrinsic,male_specific
CB0492,0,,2,CB0492,cb_intrinsic,male_specific
CB0495,0,,2,WED195,cb_intrinsic,male_specific
CB0499,0,,2,GNG132,cb_intrinsic,male_specific
CB0501,0,,2,GNG228,cb_intrinsic,male_specific
CB0507,0,,2,GNG513,cb_intrinsic,male_specific
CB0512,0,,2,GNG176,cb_intrinsic,male_specific
CB0529,0,,2,VES089,cb_intrinsic,male_specific
CB0541,0,,2,GNG202,cb_intrinsic,male_specific
CB0543,0,,2,VES106,cb_intrinsic,male_specific
CB0550,0,,2,SLP469,cb_intrinsic,male_specific
CB0553,0,,2,GNG108,cb_intrinsic,male_specific
CB0555,0,,2,PRW056,cb_intrinsic,male_specific
CB0556,0,,2,GNG502,cb_intrinsic,male_specific
CB0559,0,,2,PRW055,cb_intrinsic,male_specific
CB0563,0,,2,CL367,cb_intrinsic,male_specific
CB0568,0,,2,GNG107,cb_intrinsic,male_specific
CB0573,0,,2,GNG043,cb_intrinsic,male_specific
CB0574,0,,2,GNG106,cb_intrinsic,male_specific
CB0579,0,,2,PRW054,cb_intrinsic,male_specific
CB0580,0,,2,CL366,cb_intrinsic,male_specific
CB0583,0,,2,GNG022,cb_intrinsic,male_specific
CB0584,0,,2,VES092,cb_intrinsic,male_specific
CB0586,0,,2,GNG629,cb_intrinsic,male_specific
CB0587,0,,2,GNG014,cb_intrinsic,male_specific
CB0588,0,,2,GNG060,cb_intrinsic,male_specific
CB0593,0,,2,VES088,cb_intrinsic,male_specific
CB0604,0,,2,GNG204,cb_intrinsic,male_specific
CB0611,0,,2,GNG222,cb_intrinsic,male_specific
CB0623,0,,2,AVLP610,cb_intrinsic,male_specific
CB0629,0,,2,CB0629,cb_intrinsic,male_specific
CB0630,0,,2,CB0630,cb_intrinsic,male_specific
CB0637,0,,2,PS305,cb_intrinsic,male_specific
CB0644,0,,2,PS314,cb_intrinsic,male_specific
CB0645,0,,2,CB0645,cb_intrinsic,male_specific
CB0651,0,,2,PS310,cb_intrinsic,male_specific
CB0653,0,,2,GNG639,cb_intrinsic,male_specific
CB0658,0,,2,CL368,cb_intrinsic,male_specific
CB0665,0,,2,GNG486,cb_intrinsic,male_specific
CB0670,0,,2,CB0670,cb_intrinsic,male_specific
CB0677,0,,2,CB0677,cb_intrinsic,male_specific
CB0678,0,,2,GNG485,cb_intrinsic,male_specific
CB0687,0,,2,PRW003,cb_intrinsic,male_specific
CB0688,0,,2,LAL205,cb_intrinsic,male_specific
CB0698,0,,2,GNG303,cb_intrinsic,male_specific
CB0699,0,,2,FLA020,cb_intrinsic,male_specific
CB0701,0,,2,MN9,cb_motor,male_specific
CB0703,0,,2,MN3M,cb_motor,male_specific
CB0706,0,,2,GNG653,cb_motor,male_specific
CB0708,0,,2,MN11V,cb_motor,male_specific
CB0715,0,,2,MNx04,cb_motor,male_specific
CB0718,0,,2,VES085_a,cb_intrinsic,male_specific
CB0724,0,,2,GNG479,cb_intrinsic,male_specific
CB0727a,0,,2,GNG607,cb_intrinsic,male_specific
CB0727b,0,,2,GNG608,cb_intrinsic,male_specific
CB0727c,0,,2,GNG606,cb_intrinsic,male_specific
CB0727d,0,,2,GNG605,cb_intrinsic,male_specific
CB0728,0,,2,MN5,cb_motor,male_specific
CB0736,0,,2,PRW053,cb_intrinsic,male_specific
CB0737,0,,2,GNG018,cb_intrinsic,male_specific
CB0756,0,,2,GNG040,cb_intrinsic,male_specific
CB0759,0,,2,GNG227,cb_intrinsic,male_specific
CB0769,0,,2,MNx05,cb_motor,male_specific
CB0771,0,,2,GNG174,cb_intrinsic,male_specific
CB0781,0,,2,GNG093,cb_intrinsic,male_specific
CB0783,0,,2,MN2V,cb_motor,male_specific
CB0789,0,,2,MN2Da,cb_motor,male_specific
CB0792,0,,2,GNG109,cb_intrinsic,male_specific
CB0812,0,,2,GNG097,cb_intrinsic,male_specific
CB0817,0,,2,GNG027,cb_intrinsic,male_specific
CB0831,0,,2,CvN7,cb_motor,male_specific
CB0833,0,,2,GNG221,cb_intrinsic,male_specific
CB0836,0,,2,MN13,cb_motor,male_specific
CB0838,0,,2,CvN5,cb_motor,male_specific
CB0842,0,,2,GNG214,cb_intrinsic,male_specific
CB0847,0,,2,GNG069,cb_intrinsic,male_specific
CB0848,0,,2,GNG463,cb_intrinsic,male_specific
CB0850,0,,2,GNG462,cb_intrinsic,male_specific
CB0851,0,,2,GNG028,cb_intrinsic,male_specific
CB0858,0,,2,MN6,cb_motor,male_specific
CB0861,0,,2,MN2Db,cb_motor,male_specific
CB0862,0,,2,GNG015,cb_intrinsic,male_specific
CB0863,0,,2,GNG023,cb_intrinsic,male_specific
CB0869,0,,2,GNG460,cb_intrinsic,male_specific
CB0870,0,,2,GNG083,cb_intrinsic,male_specific
CB0871,0,,2,MN4b,cb_motor,male_specific
CB0873,0,,2,GNG133,cb_motor,male_specific
CB0877,0,,2,PRW048,cb_intrinsic,male_specific
CB0883,0,,2,PRW047,cb_intrinsic,male_specific
CB0885,0,,2,GNG050,cb_intrinsic,male_specific
CB0886,0,,2,GNG649,cb_motor,male_specific
CB0892,0,,2,GNG056,cb_intrinsic,male_specific
CB0895,0,,2,GNG045,cb_intrinsic,male_specific
CB0899,0,,2,CvN4,cb_motor,male_specific
CB0902,0,,2,PRW046,cb_intrinsic,male_specific
CB0903,0,,2,GNG095,cb_intrinsic,male_specific
CB0904,0,,2,MNx02,cb_motor,male_specific
CB0907,0,,2,PRW045,cb_intrinsic,male_specific
CB0909,0,,2,GNG292,cb_intrinsic,male_specific
CB0911,0,,2,MN8,cb_motor,male_specific
CB0913,0,,2,GNG648,cb_motor,male_specific
CB0916,0,,2,CvN6,cb_motor,male_specific
CB0919,0,,2,GNG216,cb_intrinsic,male_specific
CB0962b,0,,2,PS344,cb_intrinsic,male_specific
"CB0966,CB3776",0,,2,,cb_intrinsic,male_specific
CB0984,0,,2,VES102,cb_intrinsic,male_specific
CB1005,0,,2,CB1005,cb_intrinsic,male_specific
CB1009,0,,2,CB1009,cb_intrinsic,male_specific
CB1038a,0,,2,AMMC024,cb_intrinsic,male_specific
CB1038b,0,,2,AMMC038,cb_intrinsic,male_specific
CB1097a,0,,2,GNG447,cb_intrinsic,male_specific
CB1121,0,,2,GNG058,cb_intrinsic,male_specific
CB1124,0,,2,CB1124,cb_intrinsic,male_specific
CB1142,0,,2,CB1142,cb_intrinsic,male_specific
CB1173,0,,2,LHPD2a6,cb_intrinsic,male_specific
CB1184a,0,,2,LHAV3b2_c,cb_intrinsic,male_specific
CB1184b,0,,2,LHAV3b2_c,cb_intrinsic,male_specific
CB1194,0,,2,CB1194,cb_intrinsic,male_specific
CB1231_a,0,,2,SAD114,cb_intrinsic,male_specific
CB1231_b,0,,2,SAD111,cb_intrinsic,male_specific
CB1266,0,,2,vLN24,cb_intrinsic,male_specific
CB1299,0,,2,CB1299,cb_intrinsic,male_specific
CB1309,0,,2,CB1309,cb_intrinsic,male_specific
CB1312,0,,2,CB1312,cb_intrinsic,male_specific
CB1319,0,,2,VES100,cb_intrinsic,male_specific
CB1331a,0,,2,PS347_a,cb_intrinsic,male_specific
CB1331b,0,,2,PS347_b,cb_intrinsic,male_specific
CB1366,0,,2,GNG090,cb_intrinsic,male_specific
"CB1369,CB3687",0,,2,,cb_intrinsic,male_specific
CB1394_c,0,,2,SAD079,cb_intrinsic,male_specific
CB1405,0,,2,CB1405,cb_intrinsic,male_specific
CB1421,0,,2,CB1421,cb_intrinsic,male_specific
CB1422a,0,,2,GNG420_b,cb_intrinsic,male_specific
CB1450a,0,,2,GNG430_a,cb_intrinsic,male_specific
CB1450b,0,,2,GNG430_b,cb_intrinsic,male_specific
CB1461,0,,2,M_lvPNm32,cb_intrinsic,male_specific
CB1522,0,,2,AVLP110_b,cb_intrinsic,male_specific
CB1551,0,,2,CB1551,cb_intrinsic,male_specific
CB1562,0,,2,CB1562,cb_intrinsic,male_specific
CB1597a,0,,2,GNG270,cb_intrinsic,male_specific
CB1603,0,,2,CB1603,cb_intrinsic,male_specific
CB1614,0,,2,AVLP005,cb_intrinsic,male_specific
CB1642,0,,2,CB1642,cb_intrinsic,male_specific
CB1643,0,,2,PRW036,cb_intrinsic,male_specific
CB1655,0,,2,CB1655,cb_intrinsic,male_specific
CB1656a,0,,2,LHPV5a2,cb_intrinsic,male_specific
CB1656b,0,,2,LHPV5a2,cb_intrinsic,male_specific
CB1658,0,,2,SLP260,cb_intrinsic,male_specific
CB1700,0,,2,SMP415_b,cb_intrinsic,male_specific
"CB1703,CB3472",0,,2,GNG269,cb_intrinsic,male_specific
"CB1716,CB1743",0,,2,,cb_intrinsic,male_specific
CB1766,0,,2,PS042,cb_intrinsic,male_specific
CB1793,0,,2,LHAV4g13,cb_intrinsic,male_specific
CB1797,0,,2,LHAV4g14,cb_intrinsic,male_specific
CB1854,0,,2,PS033_b,cb_intrinsic,male_specific
CB1857,0,,2,CRE089,cb_intrinsic,male_specific
CB1891b,0,,2,CB1891b,cb_intrinsic,male_specific
CB1925a,0,,2,PRW034,cb_intrinsic,male_specific
CB1925b,0,,2,PRW033,cb_intrinsic,male_specific
CB1927,0,,2,CB1927,cb_intrinsic,male_specific
CB1929a,0,,2,LHPD3a5,cb_intrinsic,male_specific
CB1931,0,,2,CB1931,cb_intrinsic,male_specific
CB1946,0,,2,CB1946,cb_intrinsic,male_specific
CB1977,0,,2,CB1977,cb_intrinsic,male_specific
CB1992,0,,2,LHAV2e4_b,cb_intrinsic,male_specific
CB2017,0,,2,PRW032,cb_intrinsic,male_specific
CB2026,0,,2,CB2026,cb_intrinsic,male_specific
CB2038,0,,2,CB2038,cb_intrinsic,male_specific
CB2041,0,,2,CB2041,cb_intrinsic,male_specific
CB2060,0,,2,LHPV4b7,cb_intrinsic,male_specific
CB2072,0,,2,WED055_a,cb_intrinsic,male_specific
CB2094a,0,,2,IB083,cb_intrinsic,male_specific
CB2099,0,,2,AVLP400,cb_intrinsic,male_specific
CB2111,0,,2,CB2111,cb_intrinsic,male_specific
CB2113,0,,2,CB2113,cb_intrinsic,male_specific
CB2140,0,,2,AVLP062,cb_intrinsic,male_specific
CB2161,0,,2,M_lvPNm30,cb_intrinsic,male_specific
CB2181,0,,2,AVLP341,cb_intrinsic,male_specific
CB2182,0,,2,CB2182,cb_intrinsic,male_specific
CB2187a,0,,2,CB1287_b,cb_intrinsic,male_specific
CB2187b,0,,2,CB1287_b,cb_intrinsic,male_specific
CB2187c,0,,2,CB1287_c,cb_intrinsic,male_specific
CB2189,0,,2,CB2189,cb_intrinsic,male_specific
CB2254,0,,2,AVLP203_b,cb_intrinsic,male_specific
CB2263,0,,2,PS281,cb_intrinsic,male_specific
CB2265a,0,,2,VES093_a,cb_intrinsic,male_specific
CB2281,0,,2,CB2281,cb_intrinsic,male_specific
CB2303,0,,2,PRW030,cb_intrinsic,male_specific
CB2305,0,,2,WED109,cb_intrinsic,male_specific
CB2316,0,,2,CB2316,cb_intrinsic,male_specific
CB2347,0,,2,CB2347,cb_intrinsic,male_specific
CB2363,0,,2,CB2363,cb_intrinsic,male_specific
CB2366,0,,2,CB2366,cb_intrinsic,male_specific
CB2367a,0,,2,PRW029,cb_intrinsic,male_specific
CB2395a,0,,2,PVLP126_b,cb_intrinsic,male_specific
CB2437,0,,2,CB2437,cb_intrinsic,male_specific
CB2439,0,,2,IB053,cb_intrinsic,male_specific
CB2447,0,,2,CB2447,cb_intrinsic,male_specific
CB2465,0,,2,CB2465,cb_intrinsic,male_specific
CB2478,0,,2,CB2478,cb_intrinsic,male_specific
CB2488,0,,2,AVLP262,cb_intrinsic,male_specific
CB2489,0,,2,CB2489,cb_intrinsic,male_specific
CB2504,0,,2,lLN14,cb_intrinsic,male_specific
CB2526,0,,2,GNG367_b,cb_intrinsic,male_specific
CB2529,0,,2,SLP252_a,cb_intrinsic,male_specific
CB2530,0,,2,CB2530,cb_intrinsic,male_specific
CB2537,0,,2,CB2537,cb_intrinsic,male_specific
CB2551a,0,,2,GNG390,cb_intrinsic,male_specific
CB2571a,0,,2,v2LN34A,cb_intrinsic,male_specific
CB2573a,0,,2,PRW027,cb_intrinsic,male_specific
CB2599,0,,2,CB2599,cb_intrinsic,male_specific
"CB2607,CB3126",0,,2,GNG669,cb_intrinsic,male_specific
CB2615,0,,2,CRE026,cb_intrinsic,male_specific
CB2620,0,,2,CB2620,cb_intrinsic,male_specific
CB2630,0,,2,CB2630,cb_intrinsic,male_specific
CB2646,0,,2,CB2646,cb_intrinsic,male_specific
CB2650,0,,2,LHAV2j1,cb_intrinsic,male_specific
"CB2652,CB2898",0,,2,CL354,cb_intrinsic,male_specific
CB2681,0,,2,CB2681,cb_intrinsic,male_specific
CB2691,0,,2,CB2691,cb_intrinsic,male_specific
CB2696a,0,,2,CL167,cb_intrinsic,male_specific
CB2709,0,,2,CL353,cb_intrinsic,male_specific
CB2714,0,,2,CB2714,cb_intrinsic,male_specific
CB2725,0,,2,CB2725,cb_intrinsic,male_specific
CB2751,0,,2,CB2751,cb_intrinsic,male_specific
CB2755,0,,2,CB2755,cb_intrinsic,male_specific
CB2767,0,,2,LHPV4d10,cb_intrinsic,male_specific
CB2780,0,,2,GNG383,cb_intrinsic,male_specific
CB2783a,0,,2,ATL045,cb_intrinsic,male_specific
CB2783b,0,,2,CB2783,cb_intrinsic,male_specific
CB2826a,0,,2,WED157,cb_intrinsic,male_specific
CB2861,0,,2,CB2861,cb_intrinsic,male_specific
CB2864,0,,2,VES093_c,cb_intrinsic,male_specific
CB2868_b,0,,2,SMP437,cb_intrinsic,male_specific
CB2879,0,,2,LHAV3n1,cb_intrinsic,male_specific
CB2880,0,,2,CB2880,cb_intrinsic,male_specific
"CB2898,CB2652",0,,2,CL354,cb_intrinsic,male_specific
CB2902,0,,2,CB2902,cb_intrinsic,male_specific
CB2922,0,,2,CB2922,cb_intrinsic,male_specific
CB2935,0,,2,CB2935,cb_intrinsic,male_specific
CB2947,0,,2,CB2947,cb_intrinsic,male_specific
CB2954,0,,2,CB2954,cb_intrinsic,male_specific
CB2962a,0,,2,GNG604,cb_intrinsic,male_specific
CB2970,0,,2,CB2970,cb_intrinsic,male_specific
CB2975,0,,2,CB2975,cb_intrinsic,male_specific
CB2980,0,,2,LHAD3b1_a,cb_intrinsic,male_specific
CB2983,0,,2,CB2983,cb_intrinsic,male_specific
CB2996,0,,2,CB2996,cb_intrinsic,male_specific
CB3047,0,,2,LHPV4b5,cb_intrinsic,male_specific
CB3069,0,,2,CB3069,cb_intrinsic,male_specific
CB3087,0,,2,LHAV3n1,cb_intrinsic,male_specific
CB3094,0,,2,LHAV4e4,cb_intrinsic,male_specific
CB3098,0,,2,CB3098,cb_intrinsic,male_specific
CB3131,0,,2,LHPV4a7_d,cb_intrinsic,male_specific
CB3132,0,,2,CB3132,cb_intrinsic,male_specific
CB3147,0,,2,CB3147,cb_intrinsic,male_specific
CB3155,0,,2,SLP320,cb_intrinsic,male_specific
CB3162,0,,2,CB3162,cb_intrinsic,male_specific
CB3171,0,,2,CL353,cb_intrinsic,male_specific
CB3176a,0,,2,AVLP274_a,cb_intrinsic,male_specific
CB3176b,0,,2,AVLP274_a,cb_intrinsic,male_specific
"CB3177,CB3560",0,,2,PS072,cb_intrinsic,male_specific
CB3187,0,,2,CB3187,cb_intrinsic,male_specific
CB3197,0,,2,CB3197,cb_intrinsic,male_specific
CB3209,0,,2,CB3209,cb_intrinsic,male_specific
CB3211a,0,,2,GNG370,cb_intrinsic,male_specific
CB3212,0,,2,CB3212,cb_intrinsic,male_specific
CB3239a,0,,2,GNG273,cb_intrinsic,male_specific
CB3239b,0,,2,GNG273,cb_intrinsic,male_specific
CB3240,0,,2,CB3240,cb_intrinsic,male_specific
"CB3253,CB3342",0,,2,,cb_intrinsic,male_specific
CB3256a,0,,2,GNG279_a,cb_intrinsic,male_specific
CB3256b,0,,2,GNG279_b,cb_intrinsic,male_specific
CB3274,0,,2,CB3274,cb_intrinsic,male_specific
CB3275b,0,,2,AMMC029,cb_intrinsic,male_specific
CB3278,0,,2,CB3278,cb_intrinsic,male_specific
CB3279b,0,,2,GNG366,cb_intrinsic,male_specific
CB3281,0,,2,CB3281,cb_intrinsic,male_specific
CB3286,0,,2,GNG365,cb_intrinsic,male_specific
CB3291,0,,2,LHAD1i2_b,cb_intrinsic,male_specific
CB3297,0,,2,CB3297,cb_intrinsic,male_specific
CB3319,0,,2,CB3319,cb_intrinsic,male_specific
CB3353,0,,2,GNG258,cb_intrinsic,male_specific
CB3358,0,,2,CB3358,cb_intrinsic,male_specific
CB3362,0,,2,CB3362,cb_intrinsic,male_specific
CB3373,0,,2,CB3373,cb_intrinsic,male_specific
CB3380,0,,2,SLP042,cb_intrinsic,male_specific
CB3388,0,,2,GNG362,cb_intrinsic,male_specific
CB3403a,0,,2,SMP733,cb_intrinsic,male_specific
CB3403b,0,,2,PRW019,cb_intrinsic,male_specific
CB3408,0,,2,LHAV6a8,cb_intrinsic,male_specific
"CB3418,CB3468",0,,2,LHPV5h2_c,cb_intrinsic,male_specific
CB3427,0,,2,CB3427,cb_intrinsic,male_specific
CB3448,0,,2,LHAD3f1_a,cb_intrinsic,male_specific
CB3461,0,,2,PVLP063,cb_intrinsic,male_specific
CB3465,0,,2,GNG360,cb_intrinsic,male_specific
CB3474,0,,2,GNG359,cb_intrinsic,male_specific
CB3477,0,,2,CB3477,cb_intrinsic,male_specific
CB3480,0,,2,WED205,cb_intrinsic,male_specific
CB3489,0,,2,SMP274,cb_intrinsic,male_specific
CB3520,0,,2,SMP133,cb_intrinsic,male_specific
CB3532,0,,2,AVLP065,cb_intrinsic,male_specific
CB3540,0,,2,WEDPN16_d,cb_intrinsic,male_specific
CB3549,0,,2,PVLP047,cb_intrinsic,male_specific
"CB3560,CB3177",0,,2,PS072,cb_intrinsic,male_specific
CB3577,0,,2,SMP245,cb_intrinsic,male_specific
CB3581,0,,2,CB3581,cb_intrinsic,male_specific
"CB3584,CB1243",0,,2,,cb_intrinsic,male_specific
CB3599,0,,2,VES096,cb_intrinsic,male_specific
CB3624,0,,2,SLP186,cb_intrinsic,male_specific
CB3629,0,,2,CB3629,cb_intrinsic,male_specific
CB3631,0,,2,CB3631,cb_intrinsic,male_specific
CB3633,0,,2,v2LN34C,cb_intrinsic,male_specific
CB3641,0,,2,AVLP261_b,cb_intrinsic,male_specific
CB3645,0,,2,GNG257,cb_intrinsic,male_specific
CB3648a,0,,2,WEDPN16_d,cb_intrinsic,male_specific
CB3648b,0,,2,WEDPN16_d,cb_intrinsic,male_specific
CB3665,0,,2,LHAV6i2_b,cb_intrinsic,male_specific
CB3669,0,,2,GNG353,cb_intrinsic,male_specific
CB3673a,0,,2,CB3673a,cb_intrinsic,male_specific
CB3674,0,,2,GNG210,cb_intrinsic,male_specific
CB3690,0,,2,CB3690,cb_intrinsic,male_specific
CB3691,0,,2,CB3691,cb_intrinsic,male_specific
CB3692,0,,2,CB3692,cb_intrinsic,male_specific
CB3695,0,,2,PRW001,cb_intrinsic,male_specific
CB3701,0,,2,AVLP374,cb_intrinsic,male_specific
CB3713,0,,2,PRW011,cb_intrinsic,male_specific
CB3716,0,,2,PS278,cb_intrinsic,male_specific
CB3717,0,,2,SLP360_a,cb_intrinsic,male_specific
CB3732,0,,2,CB3732,cb_intrinsic,male_specific
CB3744,0,,2,CB3744,cb_intrinsic,male_specific
CB3747,0,,2,CB3747,cb_intrinsic,male_specific
CB3761,0,,2,SLP058,cb_intrinsic,male_specific
CB3763,0,,2,SMP227,cb_intrinsic,male_specific
CB3770,0,,2,CRE038,cb_intrinsic,male_specific
CB3773,0,,2,SLP394,cb_intrinsic,male_specific
CB3782,0,,2,CB3782,cb_intrinsic,male_specific
CB3789,0,,2,CB3789,cb_intrinsic,male_specific
CB3808,0,,2,SLP252_b,cb_intrinsic,male_specific
CB3868,0,,2,CL280,cb_intrinsic,male_specific
CB3869,0,,2,CB3869,cb_intrinsic,male_specific
CB3897,0,,2,SAD101,cb_intrinsic,male_specific
CB3906,0,,2,CB3906,cb_intrinsic,male_specific
CB3907,0,,2,CB3907,cb_intrinsic,male_specific
CB3909,0,,2,CB3909,cb_intrinsic,male_specific
CB3912,0,,2,AMMC037,cb_intrinsic,male_specific
CB3915,0,,2,WED187,cb_intrinsic,male_specific
CB3918,0,,2,SAD100,cb_intrinsic,male_specific
CB3919,0,,2,GNG601,cb_intrinsic,male_specific
CB3920,0,,2,GNG009,cb_intrinsic,male_specific
CB3921,0,,2,AVLP605,cb_intrinsic,male_specific
CB3922,0,,2,AVLP603,cb_intrinsic,male_specific
CB3925,0,,2,GNG295,cb_intrinsic,male_specific
CB3930,0,,2,CB3930,cb_intrinsic,male_specific
CB3934,0,,2,AVLP344,cb_intrinsic,male_specific
CB3935,0,,2,LHPV2e1_a,cb_intrinsic,male_specific
CB3940,0,,2,AVLP038,cb_intrinsic,male_specific
CB3945,0,,2,SAD045,cb_intrinsic,male_specific
CB3947,0,,2,SAD045,cb_intrinsic,male_specific
CB3949,0,,2,SAD045,cb_intrinsic,male_specific
CB3952,0,,2,GNG267,cb_intrinsic,male_specific
CB3954,0,,2,WED083,cb_intrinsic,male_specific
CB3955,0,,2,WED084,cb_intrinsic,male_specific
CB3957,0,,2,CL005,cb_intrinsic,male_specific
CB3960,0,,2,AVLP343,cb_intrinsic,male_specific
CB3967,0,,2,SLP046,cb_intrinsic,male_specific
CB3970,0,,2,LHPV5c1_a,cb_intrinsic,male_specific
CB3971,0,,2,LHPV5c1_a,cb_intrinsic,male_specific
CB3991,0,,2,LAL094,cb_intrinsic,male_specific
CB3993,0,,2,IB054,cb_intrinsic,male_specific
CB4029,0,,2,CL016,cb_intrinsic,male_specific
CB4030,0,,2,SLP082,cb_intrinsic,male_specific
CB4033,0,,2,CB4033,cb_intrinsic,male_specific
CB4038,0,,2,CB4038,cb_intrinsic,male_specific
CB4045,0,,2,SAD099,cb_intrinsic,male_specific
CB4052,0,,2,CB4052,cb_intrinsic,male_specific
CB4092,0,,2,PVLP086,cb_intrinsic,male_specific
CB4131,0,,2,CB4131,cb_intrinsic,male_specific
CB4147,0,,2,GNG644,cb_sensory,male_specific
CB4149,0,,2,GNG642,cb_sensory,male_specific
CB4159,0,,2,CB4159,cb_intrinsic,male_specific
CB4161,0,,2,SAD098,cb_intrinsic,male_specific
CB4188,0,,2,GNG328,cb_intrinsic,male_specific
CB4191,0,,2,GNG658,cb_intrinsic,male_specific
CB4192,0,,2,GNG327,cb_intrinsic,male_specific
CB4200,0,,2,CB4200,cb_intrinsic,male_specific
CB4210,0,,2,GNG655,cb_sensory,male_specific
CB4211,0,,2,GNG654,cb_sensory,male_specific
CB4212,0,,2,GNG641,cb_motor,male_specific
CB4213,0,,2,AVLP614,cb_intrinsic,male_specific
CB4218,0,,2,M_lPNm12,cb_intrinsic,male_specific
CB4237,0,,2,PLP122_b,cb_intrinsic,male_specific
CB4238,0,,2,WED202,cb_intrinsic,male_specific
CB4241,0,,2,CB4241,cb_intrinsic,male_specific
CB4246,0,,2,CB4246,cb_sensory,male_specific
CL001,0,,2,CL001,cb_intrinsic,male_specific
CL002,0,,2,CL002,cb_intrinsic,male_specific
CL011,0,,2,CL011,cb_intrinsic,male_specific
CL012,0,,2,CL012,cb_intrinsic,male_specific
CL013a,0,,2,CL013,cb_intrinsic,male_specific
CL013b,0,,2,CL013,cb_intrinsic,male_specific
CL014a,0,,2,CL014,cb_intrinsic,male_specific
CL014c,0,,2,CL014,cb_intrinsic,male_specific
CL015,0,,2,CL015_a,cb_intrinsic,male_specific
CL022b,0,,2,CL022_a,cb_intrinsic,male_specific
CL024,0,,2,CL024_a,cb_intrinsic,male_specific
CL025,0,,2,CL025,cb_intrinsic,male_specific
CL026,0,,2,CL026,cb_intrinsic,male_specific
CL027,0,,2,CL027,cb_intrinsic,male_specific
CL029b,0,,2,CL029_b,cb_intrinsic,male_specific
CL032,0,,2,CL032,cb_intrinsic,male_specific
CL036,0,,2,CL036,cb_intrinsic,male_specific
CL053,0,,2,CL053,cb_intrinsic,male_specific
CL055,0,,2,CL055,cb_intrinsic,male_specific
"CL057,CL106",0,,2,CL057,cb_intrinsic,male_specific
CL063,0,,2,CL063,cb_intrinsic,male_specific
CL064,0,,2,CL064,cb_intrinsic,male_specific
CL065,0,,2,CL065,cb_intrinsic,male_specific
CL069,0,,2,CL069,cb_intrinsic,male_specific
CL070b,0,,2,CL070_b,cb_intrinsic,male_specific
CL095,0,,2,CL095,cb_intrinsic,male_specific
CL096,0,,2,CL096,cb_intrinsic,male_specific
CL109,0,,2,CL109,cb_intrinsic,male_specific
CL111,0,,2,CL111,cb_intrinsic,male_specific
CL114,0,,2,CL114,cb_intrinsic,male_specific
CL116,0,,2,CL116,cb_intrinsic,male_specific
CL126,0,,2,CL126,cb_intrinsic,male_specific
CL133,0,,2,CL133,cb_intrinsic,male_specific
CL140,0,,2,CL140,cb_intrinsic,male_specific
CL142,0,,2,CL142,cb_intrinsic,male_specific
CL144,0,,2,CL144,cb_intrinsic,male_specific
CL151,0,,2,CL151,cb_intrinsic,male_specific
CL155,0,,2,CL155,cb_intrinsic,male_specific
CL157,0,,2,CL157,cb_intrinsic,male_specific
CL158,0,,2,CL158,cb_intrinsic,male_specific
CL159,0,,2,CL159,cb_intrinsic,male_specific
CL169a,0,,2,CL169,cb_intrinsic,male_specific
CL169b,0,,2,CL169,cb_intrinsic,male_specific
CL173,0,,2,CL173,cb_intrinsic,male_specific
CL175,0,,2,CL175,cb_intrinsic,male_specific
CL205,0,,2,CL205,cb_intrinsic,male_specific
CL216,0,,2,CL216,cb_intrinsic,male_specific
CL246,0,,2,CL246,cb_intrinsic,male_specific
CL248,0,,2,CL248,cb_intrinsic,male_specific
CL250,0,,2,CL250,cb_intrinsic,male_specific
CL259,0,,2,CL259,cb_intrinsic,male_specific
CL261a,0,,2,CL261,cb_intrinsic,male_specific
CL287,0,,2,CL287,cb_intrinsic,male_specific
CL314,0,,2,CL314,cb_intrinsic,male_specific
CL315,0,,2,CL315,cb_intrinsic,male_specific
CL317,0,,2,CL317,cb_intrinsic,male_specific
CL321,0,,2,CL321,cb_intrinsic,male_specific
CL322,0,,2,CL322,cb_intrinsic,male_specific
CL336,0,,2,CL336,cb_intrinsic,male_specific
CL352,0,,2,CL352,cb_intrinsic,male_specific
CL357,0,,2,CL357,cb_intrinsic,male_specific
CL362,0,,2,CL362,cb_intrinsic,male_specific
CRE011,0,,2,CRE011,cb_intrinsic,male_specific
CRE018a,0,,2,CRE018,cb_intrinsic,male_specific
CRE018b,0,,2,CRE018,cb_intrinsic,male_specific
CRE018c,0,,2,CRE018,cb_intrinsic,male_specific
CRE035,0,,2,CRE035,cb_intrinsic,male_specific
CRE040,0,,2,CRE040,cb_intrinsic,male_specific
CRE041,0,,2,CRE041,cb_intrinsic,male_specific
CRE043c,0,,2,CRE043_a3,cb_intrinsic,male_specific
CRE043d,0,,2,CRE043_a2,cb_intrinsic,male_specific
CRE043e,0,,2,CRE043_a1,cb_intrinsic,male_specific
CRE102,0,,2,CRE102,cb_intrinsic,male_specific
CT1,0,,2,CT1,ol_intrinsic,male_specific
DA4m_adPN,0,,2,DA4m_adPN,cb_intrinsic,male_specific
DC4_vPN,0,,2,DC4_vPN,cb_intrinsic,male_specific
DL5_adPN,0,,2,DL5_adPN,cb_intrinsic,male_specific
DM1_lPN,0,,2,DM1_lPN,cb_intrinsic,male_specific
DM3_adPN,0,,2,DM3_adPN,cb_intrinsic,male_specific
DM3_vPN,0,,2,DM3_vPN,cb_intrinsic,male_specific
DM4_vPN,0,,2,DM4_vPN,cb_intrinsic,male_specific
DNbe004,0,,2,DNbe004,descending_neuron,male_specific
DNbe005,0,,2,DNbe005,descending_neuron,male_specific
DNde002,0,,2,DNde002,descending_neuron,male_specific
DNde005,0,,2,DNde005,descending_neuron,male_specific
DNde006,0,,2,DNde006,descending_neuron,male_specific
DNg02_d,0,,2,DNg02_d,descending_neuron,male_specific
DNg02_e,0,,2,DNg02_e,descending_neuron,male_specific
DNg02_f,0,,2,DNg02_f,descending_neuron,male_specific
DNg05_a,0,,2,DNg05_a,descending_neuron,male_specific
DNg06_a,0,,2,DNge175,descending_neuron,male_specific
DNg100,0,,2,DNg100,descending_neuron,male_specific
DNg16,0,,2,DNg16,descending_neuron,male_specific
DNg17,0,,2,DNg17,descending_neuron,male_specific
DNg32,0,,2,DNg32,descending_neuron,male_specific
DNg38,0,,2,DNg38,descending_neuron,male_specific
DNg39,0,,2,DNg39,descending_neuron,male_specific
DNg42,0,,2,DNg42,descending_neuron,male_specific
DNg46,0,,2,DNg46,descending_neuron,male_specific
DNg56,0,,2,DNg56,descending_neuron,male_specific
DNg58,0,,2,DNg58,descending_neuron,male_specific
DNg68,0,,2,DNg68,descending_neuron,male_specific
DNg71,0,,2,DNg71,descending_neuron,male_specific
DNg73,0,,2,DNg73,descending_neuron,male_specific
DNg74_a,0,,2,DNg74_a,descending_neuron,male_specific
DNg76,0,,2,DNg76,descending_neuron,male_specific
DNg80,0,,2,DNg80,descending_neuron,male_specific
DNg92_a,0,,2,DNg92_a,descending_neuron,male_specific
DNge002,0,,2,DNge002,descending_neuron,male_specific
DNge008,0,,2,DNge008,descending_neuron,male_specific
DNge010,0,,2,DNge010,descending_neuron,male_specific
DNge013,0,,2,DNge013,descending_neuron,male_specific
DNge014,0,,2,DNge014,descending_neuron,male_specific
DNge016,0,,2,DNge016,descending_neuron,male_specific
DNge017,0,,2,DNge017,descending_neuron,male_specific
DNge021,0,,2,DNge021,descending_neuron,male_specific
DNge022,0,,2,DNge022,descending_neuron,male_specific
DNge026,0,,2,DNge026,descending_neuron,male_specific
DNge028,0,,2,DNge028,descending_neuron,male_specific
DNge029,0,,2,DNge029,descending_neuron,male_specific
DNge030,0,,2,DNge030,descending_neuron,male_specific
DNge031,0,,2,DNge031,descending_neuron,male_specific
DNge036,0,,2,DNge036,descending_neuron,male_specific
DNge040,0,,2,DNge040,descending_neuron,male_specific
DNge042,0,,2,DNge042,descending_neuron,male_specific
DNge044,0,,2,DNge044,descending_neuron,male_specific
DNge050,0,,2,DNge050,descending_neuron,male_specific
DNge052,0,,2,DNge052,descending_neuron,male_specific
DNge056,0,,2,DNge056,descending_neuron,male_specific
DNge057,0,,2,DNge057,descending_neuron,male_specific
DNge059,0,,2,DNge059,descending_neuron,male_specific
DNge064,0,,2,DNge064,descending_neuron,male_specific
DNge067,0,,2,DNge067,descending_neuron,male_specific
DNge070,0,,2,DNge070,descending_neuron,male_specific
DNge072,0,,2,DNge072,descending_neuron,male_specific
DNge075,0,,2,DNge075,descending_neuron,male_specific
DNge079,0,,2,DNge079,descending_neuron,male_specific
DNge080,0,,2,DNge080,descending_neuron,male_specific
DNge082,0,,2,DNge082,descending_neuron,male_specific
DNge098,0,,2,DNge098,descending_neuron,male_specific
DNge100,0,,2,DNge100,descending_neuron,male_specific
DNge119,0,,2,DNge119,descending_neuron,male_specific
DNge121,0,,2,DNge121,descending_neuron,male_specific
DNge125,0,,2,DNge125,descending_neuron,male_specific
DNge126,0,,2,DNge126,descending_neuron,male_specific
DNge127,0,,2,DNge127,descending_neuron,male_specific
DNge130,0,,2,DNge130,descending_neuron,male_specific
DNge131,0,,2,DNge131,descending_neuron,male_specific
DNge132,0,,2,DNge132,descending_neuron,male_specific
DNge133,0,,2,DNge133,descending_neuron,male_specific
DNge142,0,,2,DNge142,descending_neuron,male_specific
DNge144,0,,2,DNge144,descending_neuron,male_specific
DNge146,0,,2,DNge146,descending_neuron,male_specific
"DNge154,DNge156",0,,2,DNge154,descending_neuron,male_specific
DNge173,0,,2,DNge173,descending_neuron,male_specific
DNge174,0,,2,DNge174,descending_neuron,male_specific
DNp01,0,,2,DNp01,descending_neuron,male_specific
DNp104,0,,2,DNp104,descending_neuron,male_specific
DNp12,0,,2,DNp12,descending_neuron,male_specific
DNp40,0,,2,DNp21,descending_neuron,male_specific
DNp52,0,,2,DNp52,descending_neuron,male_specific
DNp60,0,,2,DNp60,descending_neuron,male_specific
DNpe007,0,,2,DNpe007,descending_neuron,male_specific
DNpe026,0,,2,DNpe026,descending_neuron,male_specific
DNpe034,0,,2,DNpe034,descending_neuron,male_specific
DNpe037,0,,2,DNpe037,descending_neuron,male_specific
DNpe043,0,,2,DNpe043,descending_neuron,male_specific
DNxl114,0,,2,DNxl114,descending_neuron,male_specific
ExR3,0,,2,ExR3,cb_intrinsic,male_specific
ExR6,0,,2,ExR6,cb_intrinsic,male_specific
FB2J_b,0,,2,FB2J_b,cb_intrinsic,male_specific
FB4I,0,,2,FB4I,cb_intrinsic,male_specific
"FB4P,FB4Q",0,,2,FB4P_c,cb_intrinsic,male_specific
FB5L,0,,2,FB5L,cb_intrinsic,male_specific
FB6D,0,,2,FB6D,cb_intrinsic,male_specific
FB6Q,0,,2,FB6Q,cb_intrinsic,male_specific
FB7B,0,,2,FB7B,cb_intrinsic,male_specific
H03,0,,2,PLP076,cb_intrinsic,male_specific
H1,0,,2,H1,ol_intrinsic,male_specific
IB007,0,,2,IB007,cb_intrinsic,male_specific
IB008,0,,2,IB008,cb_intrinsic,male_specific
IB009,0,,2,IB009,cb_intrinsic,male_specific
IB010,0,,2,IB010,cb_intrinsic,male_specific
IB012,0,,2,IB012,cb_intrinsic,male_specific
IB018,0,,2,IB018,cb_intrinsic,male_specific
IB021,0,,2,IB021,cb_intrinsic,male_specific
IB023,0,,2,IB023,cb_intrinsic,male_specific
IB025,0,,2,IB025,cb_intrinsic,male_specific
IB026,0,,2,IB026,cb_intrinsic,male_specific
IB048,0,,2,IB048,cb_intrinsic,male_specific
IB058,0,,2,IB058,cb_intrinsic,male_specific
IB068,0,,2,IB068,cb_intrinsic,male_specific
IB097,0,,2,IB097,cb_intrinsic,male_specific
IB116,0,,2,IB116,cb_intrinsic,male_specific
JO-A3,0,,2,JO-A3,cb_sensory,male_specific
LAL008,0,,2,LAL008,cb_intrinsic,male_specific
LAL012,0,,2,LAL012,cb_intrinsic,male_specific
LAL015,0,,2,LAL015,cb_intrinsic,male_specific
LAL016,0,,2,LAL016,cb_intrinsic,male_specific
LAL052,0,,2,LAL052,cb_intrinsic,male_specific
LAL053,0,,2,LAL053,cb_intrinsic,male_specific
LAL056a,0,,2,LAL056,cb_intrinsic,male_specific
LAL059a,0,,2,LAL059,cb_intrinsic,male_specific
LAL072,0,,2,LAL072,cb_intrinsic,male_specific
LAL076,0,,2,LAL076,cb_intrinsic,male_specific
LAL090a,0,,2,LAL090,cb_intrinsic,male_specific
LAL090b,0,,2,LAL090,cb_intrinsic,male_specific
LAL093,0,,2,AOTU040,cb_intrinsic,male_specific
LAL098,0,,2,LAL098,cb_intrinsic,male_specific
LAL116,0,,2,LAL116,cb_intrinsic,male_specific
LAL121,0,,2,LAL121,cb_intrinsic,male_specific
LAL122,0,,2,LAL122,cb_intrinsic,male_specific
LAL123,0,,2,LAL123,cb_intrinsic,male_specific
LAL128,0,,2,LAL128,cb_intrinsic,male_specific
LAL130,0,,2,LAL130,cb_intrinsic,male_specific
LAL131a,0,,2,LAL131,cb_intrinsic,male_specific
LAL131b,0,,2,LAL131,cb_intrinsic,male_specific
LAL132a,0,,2,LAL132_a,cb_intrinsic,male_specific
LAL135,0,,2,LAL135,cb_intrinsic,male_specific
LAL139,0,,2,LAL139,cb_intrinsic,male_specific
LAL141,0,,2,LAL141,cb_intrinsic,male_specific
LAL142,0,,2,LAL142,cb_intrinsic,male_specific
LAL147c,0,,2,LAL147_b,cb_intrinsic,male_specific
LAL152,0,,2,LAL152,cb_intrinsic,male_specific
LAL167a,0,,2,LAL167,cb_intrinsic,male_specific
LAL167b,0,,2,LAL167,cb_intrinsic,male_specific
LAL168a,0,,2,LAL166,cb_intrinsic,male_specific
LAL180,0,,2,LAL180,cb_intrinsic,male_specific
LAL191,0,,2,LAL191,cb_intrinsic,male_specific
LAL192,0,,2,LAL192,cb_intrinsic,male_specific
LCNOp,0,,2,LCNOp,cb_intrinsic,male_specific
LCNOpm,0,,2,LCNOpm,cb_intrinsic,male_specific
LHAD1j1,0,,2,LHAD1j1,cb_intrinsic,male_specific
LHAD2b1,0,,2,LHAD2b1,cb_intrinsic,male_specific
LHAD3d4,0,,2,LHAD3d4,cb_intrinsic,male_specific
LHAD4a1,0,,2,LHAD4a1,cb_intrinsic,male_specific
LHAV2a3a,0,,2,LHAV2a3,cb_intrinsic,male_specific
LHAV2b9,0,,2,LHAV2b9,cb_intrinsic,male_specific
LHAV2g1a,0,,2,LHAV2g1,cb_intrinsic,male_specific
LHAV2k13,0,,2,LHAV2k13,cb_intrinsic,male_specific
LHAV2k8,0,,2,LHAV2k8,cb_intrinsic,male_specific
LHAV2p1,0,,2,LHAV2p1,cb_intrinsic,male_specific
LHAV3k1,0,,2,LHAV3k1,cb_intrinsic,male_specific
LHAV3k3,0,,2,LHAV3k3,cb_intrinsic,male_specific
LHAV3q1,0,,2,LHAV3q1,cb_intrinsic,male_specific
"LHAV4a6,CB3730",0,,2,LHAV4a6,cb_intrinsic,male_specific
LHAV4e1_a,0,,2,LHAV4e1_a,cb_intrinsic,male_specific
LHAV4e4,0,,2,LHAV4e4,cb_intrinsic,male_specific
LHAV4g17,0,,2,LHAV4g17,cb_intrinsic,male_specific
LHAV4j1,0,,2,LHAV4j1,cb_intrinsic,male_specific
LHAV4l1,0,,2,LHAV4l1,cb_intrinsic,male_specific
LHAV5a2_d,0,,2,LHAV5a2_d,cb_intrinsic,male_specific
LHAV7a6,0,,2,LHAV7a6,cb_intrinsic,male_specific
LHAV8a1,0,,2,LHAV8a1,cb_intrinsic,male_specific
LHCENT11,0,,2,LHCENT11,cb_intrinsic,male_specific
LHCENT13_d,0,,2,LHCENT13_d,cb_intrinsic,male_specific
LHPD1b1,0,,2,LHPD1b1,cb_intrinsic,male_specific
LHPV10d1,0,,2,LHPV10d1,cb_intrinsic,male_specific
LHPV1c2,0,,2,LHPV1c2,cb_intrinsic,male_specific
LHPV1d1,0,,2,LHPV1d1,cb_intrinsic,male_specific
LHPV2i1b,0,,2,LHPV2i1,cb_intrinsic,male_specific
LHPV3a1_a,0,,2,LHPV3a1,cb_intrinsic,male_specific
LHPV3a1_b,0,,2,LHPV3a1,cb_intrinsic,male_specific
LHPV4a11,0,,2,LHPV4a11,cb_intrinsic,male_specific
LHPV4a7a,0,,2,LHPV4a7,cb_intrinsic,male_specific
LHPV4j3,0,,2,LHPV4j3,cb_intrinsic,male_specific
LHPV4j4,0,,2,LHPV4j4,cb_intrinsic,male_specific
LHPV4m1,0,,2,LHPV4m1,cb_intrinsic,male_specific
LHPV5e3,0,,2,LHPV5e3,cb_intrinsic,male_specific
LHPV6a10,0,,2,LHPV6a10,cb_intrinsic,male_specific
LHPV6c1,0,,2,LHPV6c1,cb_intrinsic,male_specific
LHPV6c2,0,,2,LHPV6c2,cb_intrinsic,male_specific
LHPV6g1,0,,2,LHPV6g1,cb_intrinsic,male_specific
LHPV6m1,0,,2,LHPV6m1,cb_intrinsic,male_specific
LN-DN1,0,,2,LN-DN1,sensory_descending,male_specific
LNO2,0,,2,LNO2,cb_intrinsic,male_specific
LNOa,0,,2,LNOa,cb_intrinsic,male_specific
LPT47_vCal2,0,,2,vCal2,visual_projection,male_specific
LPi12,0,,2,LPi2b,ol_intrinsic,male_specific
LPi13,0,,2,LPi4b,ol_intrinsic,male_specific
LPi15,0,,2,LPi21,ol_intrinsic,male_specific
LT1a,0,,2,LT1a,visual_projection,male_specific
LT1b,0,,2,LT1b,visual_projection,male_specific
LT33,0,,2,LT33,ol_intrinsic,male_specific
LT34,0,,2,LT34,visual_centrifugal,male_specific
LT41,0,,2,LT41,visual_centrifugal,male_specific
LT56,0,,2,LT56,visual_centrifugal,male_specific
LT58,0,,2,LT58,ol_intrinsic,male_specific
LT61a,0,,2,LT61a,visual_projection,male_specific
LT64,0,,2,LT64,visual_projection,male_specific
LT65,0,,2,LT65,visual_projection,male_specific
LT79,0,,2,LT79,visual_projection,male_specific
LTe06,0,,2,LoVP57,visual_projection,male_specific
LTe18,0,,2,LoVP85,visual_projection,male_specific
LTe26,0,,2,LoVP102,visual_projection,male_specific
LTe29,0,,2,LoVP99,visual_projection,male_specific
LTe42a,0,,2,LoVP90a,visual_projection,male_specific
LTe42b,0,,2,LoVP90b,visual_projection,male_specific
LTe42c,0,,2,LoVP90c,visual_projection,male_specific
LTe46,0,,2,LoVP40,visual_projection,male_specific
LTe60,0,,2,LoVP45,visual_projection,male_specific
LTe71,0,,2,SLP250,visual_projection,male_specific
LTe73,0,,2,LoVP66,visual_projection,male_specific
Li29,0,,2,Li31,ol_intrinsic,male_specific
Li31,0,,2,Li38,ol_intrinsic,male_specific
Li32,0,,2,Li32,ol_intrinsic,male_specific
MBON02,0,,2,MBON02,cb_intrinsic,male_specific
MBON06,0,,2,MBON06,cb_intrinsic,male_specific
MBON13,0,,2,MBON13,cb_intrinsic,male_specific
MBON16,0,,2,MBON16,cb_intrinsic,male_specific
MBON17-like,0,,2,MBON17-like,cb_intrinsic,male_specific
MBON21,0,,2,MBON21,cb_intrinsic,male_specific
MBON27,0,,2,MBON27,cb_intrinsic,male_specific
MBON28,0,,2,MBON28,cb_intrinsic,male_specific
MBON31,0,,2,MBON31,cb_intrinsic,male_specific
MBON33,0,,2,MBON33,cb_intrinsic,male_specific
MBON35,0,,2,MBON35,cb_intrinsic,male_specific
MTe28,0,,2,MeVP29,visual_projection,male_specific
MTe48,0,,2,MeVP63,visual_projection,male_specific
MZ_lv2PN,0,,2,MZ_lv2PN,cb_intrinsic,male_specific
M_adPNm4,0,,2,M_adPNm4,cb_intrinsic,male_specific
"M_ilPNm90,M_ilPN8t91",0,,2,M_ilPNm90,cb_intrinsic,male_specific
M_imPNl92,0,,2,M_imPNl92,cb_intrinsic,male_specific
M_l2PN10t19a,0,,2,M_l2PN10t19,cb_intrinsic,male_specific
M_l2PN10t19b,0,,2,M_l2PN10t19,cb_intrinsic,male_specific
M_l2PNl20,0,,2,M_l2PNl20,cb_intrinsic,male_specific
M_l2PNl21,0,,2,M_l2PNl21,cb_intrinsic,male_specific
M_l2PNm14,0,,2,M_l2PNm14,cb_intrinsic,male_specific
M_l2PNm15,0,,2,M_l2PNm15,cb_intrinsic,male_specific
M_lPNm11C,0,,2,M_lPNm11C,cb_intrinsic,male_specific
M_lvPNm28,0,,2,M_lvPNm28,cb_intrinsic,male_specific
M_lvPNm39,0,,2,M_lvPNm39,cb_intrinsic,male_specific
M_lvPNm44,0,,2,M_lvPNm44,cb_intrinsic,male_specific
M_smPNm1,0,,2,M_smPNm1,cb_intrinsic,male_specific
M_spPN4t9,0,,2,M_spPN4t9,cb_intrinsic,male_specific
"M_vPNml51,CB3597",0,,2,M_vPNml51,cb_intrinsic,male_specific
M_vPNml52,0,,2,M_vPNml52,cb_intrinsic,male_specific
M_vPNml55,0,,2,M_vPNml55,cb_intrinsic,male_specific
M_vPNml57,0,,2,M_vPNml57,cb_intrinsic,male_specific
M_vPNml79,0,,2,M_vPNml79,cb_intrinsic,male_specific
MeLp2,0,,2,MeVPLp2,ol_intrinsic,male_specific
MeMe_e09,0,,2,MeVPMe7,ol_intrinsic,male_specific
Nod3,0,,2,Nod3,visual_projection,male_specific
OA-VUMa5,0,,2,OA-VUMa5,cb_intrinsic,male_specific
OCC01a,0,,2,OCG06,visual_centrifugal,male_specific
OCC01b,0,,2,OCC01b,visual_centrifugal,male_specific
OCG01a,0,,2,OCG01a,visual_projection,male_specific
OCG01b,0,,2,OCG01b,visual_projection,male_specific
OCG01e,0,,2,OCG01e,visual_projection,male_specific
OCG01f,0,,2,OCG01f,visual_projection,male_specific
OCG02b,0,,2,OCG02b,visual_projection,male_specific
PAL01,0,,2,PAL01,cb_intrinsic,male_specific
PLP010,0,,2,PLP010,cb_intrinsic,male_specific
PLP012,0,,2,PLP012,cb_intrinsic,male_specific
PLP036,0,,2,PLP036,cb_intrinsic,male_specific
PLP059a,0,,2,PLP059,cb_intrinsic,male_specific
PLP060,0,,2,PLP060,cb_intrinsic,male_specific
PLP080,0,,2,PLP080,cb_intrinsic,male_specific
PLP086a,0,,2,PLP086,cb_intrinsic,male_specific
PLP093,0,,2,PLP093,cb_intrinsic,male_specific
PLP114,0,,2,PLP114,cb_intrinsic,male_specific
PLP121,0,,2,PLP121,cb_intrinsic,male_specific
PLP131,0,,2,PLP131,cb_intrinsic,male_specific
PLP141,0,,2,PLP141,cb_intrinsic,male_specific
PLP143,0,,2,PLP143,cb_intrinsic,male_specific
PLP144,0,,2,PLP144,cb_intrinsic,male_specific
PLP163,0,,2,PLP163,cb_intrinsic,male_specific
PLP169,0,,2,PLP169,cb_intrinsic,male_specific
PLP182c,0,,2,PLP182,cb_intrinsic,male_specific
PLP182d,0,,2,PLP182,cb_intrinsic,male_specific
PLP184,0,,2,PLP184,cb_intrinsic,male_specific
PLP208,0,,2,PLP208,cb_intrinsic,male_specific
PLP209,0,,2,PLP209,cb_intrinsic,male_specific
PLP213,0,,2,PLP213,cb_intrinsic,male_specific
PLP222,0,,2,PLP222,cb_intrinsic,male_specific
PLP228,0,,2,PLP228,cb_intrinsic,male_specific
PLP245,0,,2,PLP245,cb_intrinsic,male_specific
PLP252,0,,2,PLP252,cb_intrinsic,male_specific
PPL102,0,,2,PPL102,cb_intrinsic,male_specific
PPL104,0,,2,PPL104,cb_intrinsic,male_specific
PPL105,0,,2,PPL105,cb_intrinsic,male_specific
PPL108,0,,2,PPL108,cb_intrinsic,male_specific
PPL202,0,,2,PPL202,cb_intrinsic,male_specific
PPL204,0,,2,PPL204,cb_intrinsic,male_specific
PPM1205,0,,2,PPM1205,cb_intrinsic,male_specific
PS001,0,,2,PS001,cb_intrinsic,male_specific
PS008_a3,0,,2,PS008_a3,cb_intrinsic,male_specific
PS011,0,,2,PS011,cb_intrinsic,male_specific
PS018a,0,,2,PS018_a,cb_intrinsic,male_specific
PS018b,0,,2,PS018_b,cb_intrinsic,male_specific
PS029,0,,2,PS029,cb_intrinsic,male_specific
PS047b,0,,2,PS047_b,cb_intrinsic,male_specific
PS048a,0,,2,PS048_b,cb_intrinsic,male_specific
PS049,0,,2,PS049,cb_intrinsic,male_specific
PS053,0,,2,PS053,cb_intrinsic,male_specific
PS065,0,,2,PS065,cb_intrinsic,male_specific
"PS081,PS085",0,,2,PS081,cb_intrinsic,male_specific
"PS082,PS084",0,,2,PS082,cb_intrinsic,male_specific
PS083_a,0,,2,PS083_a,cb_intrinsic,male_specific
PS083_c,0,,2,PS083_c,cb_intrinsic,male_specific
PS087e,0,,2,PS087,cb_intrinsic,male_specific
PS089,0,,2,PS089,cb_intrinsic,male_specific
PS094a,0,,2,PS094,cb_intrinsic,male_specific
PS095b,0,,2,PS095,cb_intrinsic,male_specific
PS096a,0,,2,PS096,cb_intrinsic,male_specific
PS096b,0,,2,PS096,cb_intrinsic,male_specific
PS096d,0,,2,PS096,cb_intrinsic,male_specific
PS096e,0,,2,PS096,cb_intrinsic,male_specific
PS097b,0,,2,PS097,cb_intrinsic,male_specific
PS098,0,,2,PS098,cb_intrinsic,male_specific
PS100,0,,2,PS100,cb_intrinsic,male_specific
PS108,0,,2,PS108,cb_intrinsic,male_specific
PS112,0,,2,PS112,cb_intrinsic,male_specific
PS126,0,,2,PS126,cb_intrinsic,male_specific
PS127,0,,2,PS127,cb_intrinsic,male_specific
PS156,0,,2,PS156,cb_intrinsic,male_specific
PS159,0,,2,PS159,cb_intrinsic,male_specific
PS176,0,,2,PS176,cb_intrinsic,male_specific
PS180,0,,2,PS180,cb_intrinsic,male_specific
PS181,0,,2,PS181,cb_intrinsic,male_specific
PS193a,0,,2,PS193,cb_intrinsic,male_specific
PS202,0,,2,PS202,cb_intrinsic,male_specific
PS203a,0,,2,PS203,cb_intrinsic,male_specific
PS203b,0,,2,PS203,cb_intrinsic,male_specific
PS208a,0,,2,PS208,cb_intrinsic,male_specific
PS209a,0,,2,PS209,cb_intrinsic,male_specific
PS209d,0,,2,PS209,cb_intrinsic,male_specific
PS213,0,,2,PS213,cb_intrinsic,male_specific
PS217,0,,2,PS217,cb_intrinsic,male_specific
PS276,0,,2,PS276,cb_intrinsic,male_specific
PS280,0,,2,PS280,cb_intrinsic,male_specific
PVLP001,0,,2,PVLP001,cb_intrinsic,male_specific
PVLP002,0,,2,PVLP002,cb_intrinsic,male_specific
PVLP013,0,,2,PVLP013,cb_intrinsic,male_specific
PVLP014,0,,2,PVLP014,cb_intrinsic,male_specific
PVLP015,0,,2,PVLP015,cb_intrinsic,male_specific
PVLP017,0,,2,PVLP017,cb_intrinsic,male_specific
PVLP018,0,,2,PVLP018,cb_intrinsic,male_specific
PVLP020,0,,2,PVLP020,cb_intrinsic,male_specific
PVLP026,0,,2,PVLP026,cb_intrinsic,male_specific
PVLP027,0,,2,PVLP027,cb_intrinsic,male_specific
PVLP061,0,,2,PVLP061,cb_intrinsic,male_specific
PVLP065,0,,2,PVLP065,cb_intrinsic,male_specific
PVLP069,0,,2,PVLP069,cb_intrinsic,male_specific
PVLP090,0,,2,PVLP090,cb_intrinsic,male_specific
PVLP106,0,,2,PVLP106,cb_intrinsic,male_specific
PVLP112a,0,,2,PVLP112,cb_intrinsic,male_specific
PVLP114,0,,2,PVLP114,cb_intrinsic,male_specific
PVLP120,0,,2,PVLP120,cb_intrinsic,male_specific
PVLP121,0,,2,PVLP121,cb_intrinsic,male_specific
PVLP130,0,,2,PVLP130,cb_intrinsic,male_specific
PVLP138,0,,2,PVLP138,cb_intrinsic,male_specific
PVLP140,0,,2,PVLP140,cb_intrinsic,male_specific
PVLP141,0,,2,PVLP141,cb_intrinsic,male_specific
PhG10,0,,2,PhG10,cb_sensory,male_specific
PhG11,0,,2,PhG11,cb_sensory,male_specific
PhG12,0,,2,PhG12,cb_sensory,male_specific
PhG13,0,,2,PhG13,cb_sensory,male_specific
PhG14,0,,2,PhG14,cb_sensory,male_specific
PhG15,0,,2,PhG15,cb_sensory,male_specific
PhG16,0,,2,PhG16,cb_sensory,male_specific
PhG1a,0,,2,PhG1a,cb_sensory,male_specific
PhG1b,0,,2,PhG1b,cb_sensory,male_specific
PhG3,0,,2,PhG3,cb_sensory,male_specific
PhG5,0,,2,PhG5,cb_sensory,male_specific
PhG6,0,,2,PhG6,cb_sensory,male_specific
Pm13,0,,2,Pm13,ol_intrinsic,male_specific
SAD007a,0,,2,SAD007,cb_intrinsic,male_specific
SAD007c,0,,2,SAD007,cb_intrinsic,male_specific
SAD007d,0,,2,SAD006,cb_intrinsic,male_specific
SAD008a,0,,2,SAD008,cb_intrinsic,male_specific
SAD008b,0,,2,SAD008,cb_intrinsic,male_specific
SAD008c,0,,2,SAD008,cb_intrinsic,male_specific
"SAD011,SAD019",0,,2,SAD011,cb_intrinsic,male_specific
SAD013,0,,2,SAD013,cb_intrinsic,male_specific
SAD034,0,,2,SAD034,cb_intrinsic,male_specific
SAD035,0,,2,SAD035,cb_intrinsic,male_specific
SAD049,0,,2,SAD049,cb_intrinsic,male_specific
SAD076,0,,2,SAD076,cb_intrinsic,male_specific
SAD084,0,,2,SAD084,cb_intrinsic,male_specific
SAD085,0,,2,SAD085,cb_intrinsic,male_specific
SAD093,0,,2,SAD093,cb_intrinsic,male_specific
SA_VTV_DProN_1,0,,2,AN05B096,ascending_neuron,male_specific
SIP017,0,,2,SIP017,cb_intrinsic,male_specific
SIP019,0,,2,SIP019,cb_intrinsic,male_specific
SIP024a,0,,2,SIP024,cb_intrinsic,male_specific
SIP029,0,,2,SIP029,cb_intrinsic,male_specific
SIP046,0,,2,SIP046,cb_intrinsic,male_specific
SIP047a,0,,2,SIP047,cb_intrinsic,male_specific
SIP048,0,,2,SIP048,cb_intrinsic,male_specific
SIP057,0,,2,SIP057,cb_intrinsic,male_specific
SIP067,0,,2,SIP067,cb_intrinsic,male_specific
SIP076d,0,,2,SIP076,cb_intrinsic,male_specific
SIP088,0,,2,SIP088,cb_intrinsic,male_specific
SLP003,0,,2,SLP003,cb_intrinsic,male_specific
SLP006,0,,2,SLP006,cb_intrinsic,male_specific
SLP011,0,,2,SLP011,cb_intrinsic,male_specific
SLP012a,0,,2,SLP012,cb_intrinsic,male_specific
SLP017,0,,2,SLP017,cb_intrinsic,male_specific
SLP025a,0,,2,SLP025,cb_intrinsic,male_specific
SLP031,0,,2,SLP031,cb_intrinsic,male_specific
SLP048,0,,2,SLP048,cb_intrinsic,male_specific
SLP071,0,,2,SLP071,cb_intrinsic,male_specific
SLP072,0,,2,SLP072,cb_intrinsic,male_specific
SLP074,0,,2,SLP074,cb_intrinsic,male_specific
SLP075,0,,2,SLP075,cb_intrinsic,male_specific
SLP080,0,,2,SLP080,cb_intrinsic,male_specific
SLP131,0,,2,SLP131,cb_intrinsic,male_specific
SLP132,0,,2,SLP132,cb_intrinsic,male_specific
SLP136,0,,2,SLP136,cb_intrinsic,male_specific
SLP153,0,,2,SLP153,cb_intrinsic,male_specific
SLP155,0,,2,SLP155,cb_intrinsic,male_specific
SLP202,0,,2,SLP202,cb_intrinsic,male_specific
SLP209,0,,2,SLP209,cb_intrinsic,male_specific
SLP212b,0,,2,SLP212_b,cb_intrinsic,male_specific
SLP212c,0,,2,SLP212_c,cb_intrinsic,male_specific
SLP215,0,,2,SLP215,cb_intrinsic,male_specific
SLP216,0,,2,SLP216,cb_intrinsic,male_specific
SLP227a,0,,2,SLP227,cb_intrinsic,male_specific
SLP227b,0,,2,SLP227,cb_intrinsic,male_specific
SLP231,0,,2,SLP231,cb_intrinsic,male_specific
SLP235,0,,2,SLP235,cb_intrinsic,male_specific
SLP239,0,,2,SLP239,cb_intrinsic,male_specific
SLP248,0,,2,SLP248,cb_intrinsic,male_specific
SLP257,0,,2,SLP257,cb_intrinsic,male_specific
SLP265a,0,,2,SLP265,cb_intrinsic,male_specific
SLP281,0,,2,SLP281,cb_intrinsic,male_specific
SLP302a,0,,2,SLP302,cb_intrinsic,male_specific
SLP302b,0,,2,SLP302,cb_intrinsic,male_specific
SLP304b,0,,2,SLP304,cb_intrinsic,male_specific
SLP308b,0,,2,SLP308,cb_intrinsic,male_specific
SLP345a,0,,2,SLP345,cb_intrinsic,male_specific
SLP380,0,,2,SLP380,cb_intrinsic,male_specific
SLP381,0,,2,SLP381,cb_intrinsic,male_specific
SLP382,0,,2,SLP382,cb_intrinsic,male_specific
SLP383,0,,2,SLP383,cb_intrinsic,male_specific
SLP388,0,,2,SLP388,cb_intrinsic,male_specific
SLP402_b,0,,2,SLP402_b,cb_intrinsic,male_specific
SLP406,0,,2,SLP406,cb_intrinsic,male_specific
SLP412_a,0,,2,SLP412_a,cb_intrinsic,male_specific
SLP412_b,0,,2,SLP412_b,cb_intrinsic,male_specific
SLP433,0,,2,SLP433,cb_intrinsic,male_specific
SLP437,0,,2,SLP437,cb_intrinsic,male_specific
SLP447,0,,2,SLP447,cb_intrinsic,male_specific
SLP458,0,,2,SLP458,cb_intrinsic,male_specific
SLP465a,0,,2,SLP465,cb_intrinsic,male_specific
SLPpm3_H01,0,,2,SMP551,cb_intrinsic,male_specific
SLPpm3_H02,0,,2,SLP440,cb_intrinsic,male_specific
SLPpm3_S01,0,,2,SLP441,cb_intrinsic,male_specific
SMP011b,0,,2,SMP011_b,cb_intrinsic,male_specific
SMP015,0,,2,SMP015,cb_intrinsic,male_specific
SMP027,0,,2,SMP027,cb_intrinsic,male_specific
SMP035,0,,2,SMP035,cb_intrinsic,male_specific
SMP044,0,,2,SMP044,cb_intrinsic,male_specific
SMP047,0,,2,SMP047,cb_intrinsic,male_specific
SMP051,0,,2,SMP051,cb_intrinsic,male_specific
SMP054,0,,2,SMP054,cb_intrinsic,male_specific
SMP077,0,,2,SMP077,cb_intrinsic,male_specific
SMP080,0,,2,SMP080,cb_intrinsic,male_specific
SMP108,0,,2,SMP108,cb_intrinsic,male_specific
SMP109,0,,2,SMP109,cb_intrinsic,male_specific
SMP115,0,,2,SMP115,cb_intrinsic,male_specific
SMP116,0,,2,SMP116,cb_intrinsic,male_specific
SMP138,0,,2,SMP138,cb_intrinsic,male_specific
SMP153b,0,,2,SMP153_b,cb_intrinsic,male_specific
SMP158,0,,2,SMP158,cb_intrinsic,male_specific
SMP162c,0,,2,SMP162,cb_intrinsic,male_specific
SMP165,0,,2,SMP165,cb_intrinsic,male_specific
SMP175,0,,2,SMP175,cb_intrinsic,male_specific
SMP176,0,,2,SMP176,cb_intrinsic,male_specific
SMP185,0,,2,SMP185,cb_intrinsic,male_specific
SMP189,0,,2,SMP189,cb_intrinsic,male_specific
SMP198,0,,2,SMP198,cb_intrinsic,male_specific
SMP203,0,,2,SMP203,cb_intrinsic,male_specific
SMP204,0,,2,SMP204,cb_intrinsic,male_specific
SMP213,0,,2,SMP214,cb_intrinsic,male_specific
SMP235,0,,2,SMP235,cb_intrinsic,male_specific
SMP251,0,,2,SMP251,cb_intrinsic,male_specific
SMP257,0,,2,SMP257,cb_intrinsic,male_specific
"SMP258,SMP259,SMP260,SMP263,SMP264,SMP265",0,,2,SMP_unclear,cb_intrinsic,male_specific
SMP269,0,,2,SMP269,cb_intrinsic,male_specific
SMP278b,0,,2,SMP278,cb_intrinsic,male_specific
SMP285,0,,2,SMP285,cb_intrinsic,male_specific
SMP291,0,,2,SMP291,cb_intrinsic,male_specific
SMP311,0,,2,SMP311,cb_intrinsic,male_specific
SMP314b,0,,2,SMP314,cb_intrinsic,male_specific
SMP317a,0,,2,SMP317,cb_intrinsic,male_specific
SMP317c,0,,2,SMP317,cb_intrinsic,male_specific
SMP321_b,0,,2,SMP321_b,cb_intrinsic,male_specific
SMP326b,0,,2,SMP326,cb_intrinsic,male_specific
SMP341,0,,2,SMP341,cb_intrinsic,male_specific
SMP353,0,,2,SMP353,cb_intrinsic,male_specific
SMP356,0,,2,SMP356,cb_intrinsic,male_specific
SMP373,0,,2,SMP373,cb_intrinsic,male_specific
SMP379,0,,2,SMP379,cb_intrinsic,male_specific
SMP383,0,,2,SMP383,cb_intrinsic,male_specific
SMP386,0,,2,SMP386,cb_intrinsic,male_specific
SMP388,0,,2,SMP388,cb_intrinsic,male_specific
SMP389b,0,,2,SMP389_b,cb_intrinsic,male_specific
SMP389c,0,,2,SMP389_c,cb_intrinsic,male_specific
SMP405a,0,,2,SMP405,cb_intrinsic,male_specific
SMP405b,0,,2,SMP405,cb_intrinsic,male_specific
SMP406b,0,,2,SMP406_b,cb_intrinsic,male_specific
SMP410a,0,,2,SMP410,cb_intrinsic,male_specific
SMP425,0,,2,SMP425,cb_intrinsic,male_specific
SMP441,0,,2,SMP441,cb_intrinsic,male_specific
SMP445,0,,2,SMP445,cb_intrinsic,male_specific
SMP451a,0,,2,SMP451,cb_intrinsic,male_specific
SMP455,0,,2,SMP455,cb_intrinsic,male_specific
SMP457,0,,2,SMP457,cb_intrinsic,male_specific
SMP469b,0,,2,SMP469,cb_intrinsic,male_specific
SMP470,0,,2,SMP470,cb_intrinsic,male_specific
SMP492,0,,2,SMP492,cb_intrinsic,male_specific
SMP495b,0,,2,SMP495_b,cb_intrinsic,male_specific
SMP503,0,,2,SMP503,cb_intrinsic,male_specific
SMP505,0,,2,SMP505,cb_intrinsic,male_specific
SMP506,0,,2,SMP506,cb_intrinsic,male_specific
SMP507,0,,2,SMP507,cb_intrinsic,male_specific
SMP509a,0,,2,SMP509,cb_intrinsic,male_specific
SMP510,0,,2,SMP510,cb_intrinsic,male_specific
SMP511,0,,2,SMP511,cb_intrinsic,male_specific
SMP513,0,,2,SMP513,cb_intrinsic,male_specific
"SMP514,SMP515",0,,2,SMP514,cb_intrinsic,male_specific
SMP516a,0,,2,SMP516,cb_intrinsic,male_specific
SMP516b,0,,2,SMP516,cb_intrinsic,male_specific
SMP520b,0,,2,SMP520,cb_intrinsic,male_specific
SMP528,0,,2,SMP528,cb_intrinsic,male_specific
SMP531,0,,2,SMP531,cb_intrinsic,male_specific
SMP541,0,,2,SMP541,cb_intrinsic,male_specific
SMP542,0,,2,SMP542,cb_intrinsic,male_specific
SMP549,0,,2,SMP549,cb_intrinsic,male_specific
SMP550,0,,2,SMP550,cb_intrinsic,male_specific
SMP552,0,,2,SMP552,cb_intrinsic,male_specific
SMP553,0,,2,SMP553,cb_intrinsic,male_specific
SMP554,0,,2,SMP554,cb_intrinsic,male_specific
SMP561,0,,2,SMP561,cb_intrinsic,male_specific
SMP593,0,,2,SMP593,cb_intrinsic,male_specific
SMP595,0,,2,SMP595,cb_intrinsic,male_specific
SMP597,0,,2,SMP597,cb_intrinsic,male_specific
SMP598,0,,2,SMP598,cb_intrinsic,male_specific
SMP603,0,,2,SMP603,cb_intrinsic,male_specific
SMP604,0,,2,SMP604,cb_intrinsic,male_specific
SMPp&v1A_H01,0,,2,PS111,cb_intrinsic,male_specific
SMPp&v1A_P03,0,,2,LHPD5f1,cb_intrinsic,male_specific
SMPp&v1A_S03,0,,2,SMP336,cb_intrinsic,male_specific
SMPp&v1B_M01,0,,2,IB109,cb_intrinsic,male_specific
SMPp&v1B_M02,0,,2,SMPp&v1B_M02,cb_intrinsic,male_specific
Sm39,0,,2,Cm35,ol_intrinsic,male_specific
Sm42,0,,2,Cm34,ol_intrinsic,male_specific
TuTuAa,0,,2,TuTuA_2,cb_intrinsic,male_specific
TuTuAb,0,,2,TuTuA_1,cb_intrinsic,male_specific
TuTuB_b,0,,2,TuTuB_b,cb_intrinsic,male_specific
VA1d_vPN,0,,2,VA1d_vPN,cb_intrinsic,male_specific
VA7l_adPN,0,,2,VA7l_adPN,cb_intrinsic,male_specific
VC1_lPN,0,,2,VC1_lPN,cb_intrinsic,male_specific
VES005,0,,2,VES005,cb_intrinsic,male_specific
VES010,0,,2,VES010,cb_intrinsic,male_specific
VES011,0,,2,VES011,cb_intrinsic,male_specific
VES013,0,,2,VES013,cb_intrinsic,male_specific
VES016,0,,2,VES016,cb_intrinsic,male_specific
VES017,0,,2,VES017,cb_intrinsic,male_specific
VES024b,0,,2,VES024_b,cb_intrinsic,male_specific
VES041,0,,2,VES041,cb_intrinsic,male_specific
VES045,0,,2,VES045,cb_intrinsic,male_specific
VES047,0,,2,VES047,cb_intrinsic,male_specific
VES054,0,,2,VES054,cb_intrinsic,male_specific
VES063a,0,,2,VES063,cb_intrinsic,male_specific
VES063b,0,,2,VES063,cb_intrinsic,male_specific
VES072,0,,2,VES072,cb_intrinsic,male_specific
VES074,0,,2,VES074,cb_intrinsic,male_specific
VES076,0,,2,VES076,cb_intrinsic,male_specific
VES078,0,,2,VES078,cb_intrinsic,male_specific
VESa2_P01,0,,2,SLP243,cb_intrinsic,male_specific
VM4_adPN,0,,2,VM4_adPN,cb_intrinsic,male_specific
VP1d+VP4_l2PN2,0,,2,VP1d+VP4_l2PN2,cb_intrinsic,male_specific
VP1d_il2PN,0,,2,VP1d_il2PN,cb_intrinsic,male_specific
VP1l+VP3_ilPN,0,,2,VP1l+VP3_ilPN,cb_intrinsic,male_specific
VP1m+VP2_lvPN1,0,,2,VP1m+VP2_lvPN1,cb_intrinsic,male_specific
VP2+VC5_l2PN,0,,2,VP2+VC5_l2PN,cb_intrinsic,male_specific
VP3+VP1l_ivPN,0,,2,VP3+VP1l_ivPN,cb_intrinsic,male_specific
VP4+VL1_l2PN,0,,2,VP4+VL1_l2PN,cb_intrinsic,male_specific
VP4+_vPN,0,,2,VP4+_vPN,cb_intrinsic,male_specific
VP5+VP3_l2PN,0,,2,VP5+VP3_l2PN,cb_intrinsic,male_specific
VP5+Z_adPN,0,,2,VP5+Z_adPN,cb_intrinsic,male_specific
V_l2PN,0,,2,V_l2PN,cb_intrinsic,male_specific
WED004a,0,,2,WED004,cb_intrinsic,male_specific
WED026a,0,,2,WED026,cb_intrinsic,male_specific
WED044,0,,2,WED044,cb_intrinsic,male_specific
WED046,0,,2,WED046,cb_intrinsic,male_specific
WED051,0,,2,WED051,cb_intrinsic,male_specific
WED070,0,,2,WED070,cb_intrinsic,male_specific
WED075,0,,2,WED075,cb_intrinsic,male_specific
WED076,0,,2,WED076,cb_intrinsic,male_specific
WED080,0,,2,WED080,cb_intrinsic,male_specific
WED089,0,,2,WED089,cb_intrinsic,male_specific
WED091,0,,2,WED091,cb_intrinsic,male_specific
WED094,0,,2,WED094,cb_intrinsic,male_specific
WED108,0,,2,WED108,cb_intrinsic,male_specific
WED145c,0,,2,WED145,cb_intrinsic,male_specific
WEDPN2B_a,0,,2,WEDPN2B_a,cb_intrinsic,male_specific
WEDPN2B_b,0,,2,WEDPN2B_b,cb_intrinsic,male_specific
WEDPN3a,0,,2,WEDPN3,cb_intrinsic,male_specific
WEDPN3b,0,,2,WEDPN3,cb_intrinsic,male_specific
WEDPN3c,0,,2,WEDPN3,cb_intrinsic,male_specific
WEDPN4,0,,2,WEDPN4,cb_intrinsic,male_specific
WEDPN5,0,,2,WEDPN5,cb_intrinsic,male_specific
aMe22,0,,2,aMe22,cb_intrinsic,male_specific
aPhM2b,0,,2,aPhM2b,cb_sensory,male_specific
aPhM4,0,,2,aPhM4,cb_sensory,male_specific
aSP22,0,,2,aSP22,descending_neuron,male_specific
cL05,0,,2,LT46,visual_centrifugal,male_specific
cL06,0,,2,LoVC9,visual_centrifugal,male_specific
cL12,0,,2,LoVC3,visual_centrifugal,male_specific
cL13,0,,2,LoVC5,visual_centrifugal,male_specific
cL15,0,,2,LoVC6,visual_centrifugal,male_specific
cL22a,0,,2,LoVC4,visual_centrifugal,male_specific
cL22b,0,,2,LoVC11,visual_centrifugal,male_specific
cL22c,0,,2,LoVC12,visual_centrifugal,male_specific
cM01a,0,,2,MeVC8,visual_centrifugal,male_specific
cM01b,0,,2,MeVC7a,visual_centrifugal,male_specific
cM02a,0,,2,MeVC5,visual_centrifugal,male_specific
cM15,0,,2,MeVC11,visual_centrifugal,male_specific
cM17,0,,2,MeVC4a,visual_centrifugal,male_specific
cM18,0,,2,MeVC3,visual_centrifugal,male_specific
lLN10,0,,2,lLN10,cb_intrinsic,male_specific
mAL4C,0,,2,mAL4C,cb_intrinsic,male_specific
mAL4D,0,,2,mAL4D,cb_intrinsic,male_specific
mAL4H,0,,2,mAL4H,cb_intrinsic,male_specific
mAL5A1,0,,2,mAL5A1,cb_intrinsic,male_specific
mALB1,0,,2,mALB1,cb_intrinsic,male_specific
mALB2,0,,2,mALB2,cb_intrinsic,male_specific
mALD1,0,,2,mALD1,cb_intrinsic,male_specific
mALD2,0,,2,LoVC20,cb_intrinsic,male_specific
mALD4,0,,2,mALD4,cb_intrinsic,male_specific
pC1b,0,,2,pC1x_b,cb_intrinsic,male_specific
v2LN31,0,,2,v2LN31,cb_intrinsic,male_specific
v2LN3A1_a,0,,2,v2LN3A1_a,cb_intrinsic,male_specific
v2LN41a,0,,2,v2LN41,cb_intrinsic,male_specific
v2LN42a,0,,2,v2LN42,cb_intrinsic,male_specific
v2LNX01,0,,2,v2LNX01,cb_intrinsic,male_specific
vLN24,0,,2,vLN24,cb_intrinsic,male_specific
vLN26,0,,2,vLN26,cb_intrinsic,male_specific
vLN27,0,,2,vLN27,cb_intrinsic,male_specific
AN_GNG_109,0,,1,AN05B007,ascending_neuron,male_specific
AN_GNG_122,0,,1,AN08B097,ascending_neuron,male_specific
AN_GNG_133,0,,1,AN00A002,ascending_neuron,male_specific
AN_GNG_153,0,,1,AN05B029,ascending_neuron,male_specific
AN_GNG_185,0,,1,AN08B089,ascending_neuron,male_specific
AN_GNG_74,0,,1,AN05B027,ascending_neuron,male_specific
AN_GNG_FLA_1,0,,1,AN05B026,ascending_neuron,male_specific
AN_GNG_SAD_18,0,,1,AN05B006,ascending_neuron,male_specific
AOTU054,0,,1,AOTU054,cb_intrinsic,male_specific
AVLP014,0,,1,AVLP014,cb_intrinsic,male_specific
AVLP030,0,,1,AVLP030,cb_intrinsic,male_specific
AVLP037,0,,1,AVLP037,cb_intrinsic,male_specific
"AVLP096,AVLP256,AVLP255,WED014",0,,1,WED013,cb_intrinsic,male_specific
AVLP105b,0,,1,AVLP105,cb_intrinsic,male_specific
CB0407,0,,1,GNG528,cb_intrinsic,male_specific
CB0436,0,,1,GNG522,cb_intrinsic,male_specific
CB0548,0,,1,PRW057,cb_intrinsic,male_specific
CB0648,0,,1,CB0648,cb_intrinsic,male_specific
CB0683,0,,1,CB0683,cb_intrinsic,male_specific
CB0778,0,,1,GNG470,cb_intrinsic,male_specific
"CB0825,CB3004",0,,1,,cb_intrinsic,male_specific
"CB1099,CB1620",0,,1,,cb_intrinsic,male_specific
CB1116,0,,1,CB1116,cb_intrinsic,male_specific
"CB1304,CB2233",0,,1,,cb_intrinsic,male_specific
CB1652,0,,1,CB1652,cb_intrinsic,male_specific
CB1828,0,,1,SMP736,cb_intrinsic,male_specific
CB2055,0,,1,GNG388,cb_intrinsic,male_specific
CB2416,0,,1,CB2416,cb_intrinsic,male_specific
CB2718,0,,1,GNG384,cb_intrinsic,male_specific
CB2743,0,,1,CB2743,cb_intrinsic,male_specific
CB2865b,0,,1,WEDPN7A,cb_intrinsic,male_specific
CB2889,0,,1,CB2889,cb_intrinsic,male_specific
"CB2968,CB3438",0,,1,PRW024,cb_intrinsic,male_specific
CB3008,0,,1,CB3008,cb_intrinsic,male_specific
CB3071,0,,1,CB3071,cb_intrinsic,male_specific
CB3130,0,,1,SLP164,cb_intrinsic,male_specific
CB3134b,0,,1,LHAV6b3,cb_intrinsic,male_specific
CB3178,0,,1,AVLP345_b,cb_intrinsic,male_specific
CB3332,0,,1,CB3332,cb_intrinsic,male_specific
"CB3377,CB3234",0,,1,,cb_intrinsic,male_specific
CB3407,0,,1,CB3407,cb_intrinsic,male_specific
CB3766,0,,1,SMP227,cb_intrinsic,male_specific
CB3875,0,,1,SAD109,cb_intrinsic,male_specific
CB3876,0,,1,SAD103,cb_intrinsic,male_specific
CB3878,0,,1,SAD096,cb_intrinsic,male_specific
CB3881,0,,1,WED185,cb_intrinsic,male_specific
CB3885,0,,1,GNG004,cb_intrinsic,male_specific
CB3887,0,,1,GNG006,cb_intrinsic,male_specific
CB3892a,0,,1,GNG297,cb_intrinsic,male_specific
CB3892b,0,,1,GNG298,cb_intrinsic,male_specific
CB3898,0,,1,GNG344,cb_intrinsic,male_specific
CB3901,0,,1,GNG299,cb_intrinsic,male_specific
CB3902,0,,1,GNG005,cb_intrinsic,male_specific
CB3903,0,,1,GNG343,cb_intrinsic,male_specific
CB3904,0,,1,GNG343,cb_intrinsic,male_specific
CB3911,0,,1,WED196,cb_intrinsic,male_specific
CB3913,0,,1,WED189,cb_intrinsic,male_specific
CB3914,0,,1,WED187,cb_intrinsic,male_specific
CB3916,0,,1,GNG003,cb_intrinsic,male_specific
CB3924,0,,1,GNG337,cb_intrinsic,male_specific
CB3933,0,,1,CB3933,cb_intrinsic,male_specific
CB3950b,0,,1,CB3950b,cb_intrinsic,male_specific
CB3958,0,,1,GNG002,cb_intrinsic,male_specific
CB3997,0,,1,SAD115,cb_intrinsic,male_specific
CB4019,0,,1,CB4019,cb_intrinsic,male_specific
CB4058,0,,1,GNG001,cb_intrinsic,male_specific
CB4203,0,,1,PRW004,cb_intrinsic,male_specific
CB4247,0,,1,CB4247,cb_intrinsic,male_specific
CL121,0,,1,CL12X,cb_intrinsic,male_specific
DNge150,0,,1,DNge150,descending_neuron,male_specific
DNge151,0,,1,DNge151,descending_neuron,male_specific
FB3D,0,,1,FB3D,cb_intrinsic,male_specific
JO-EV4,0,,1,JO-EV4,cb_sensory,male_specific
LHAD1f4a,0,,1,LHAD1f4,cb_intrinsic,male_specific
LHAD2c3a,0,,1,LHAD2c3,cb_intrinsic,male_specific
LHAV2a3b,0,,1,LHAV2a3,cb_intrinsic,male_specific
LHPV2i1,0,,1,LHPV2i1,cb_intrinsic,male_specific
LHPV4a7b,0,,1,LHPV4a7,cb_intrinsic,male_specific
PS210,0,,1,PS210,cb_intrinsic,male_specific
SA_VTV_8,0,,1,LgAG3,sensory_ascending,male_specific
SIP090,0,,1,SIP090,cb_intrinsic,male_specific
SMP025b,0,,1,SMP025,cb_intrinsic,male_specific
SMP331c,0,,1,SMP331,cb_intrinsic,male_specific
TRN_VP3b,0,,1,TRN_VP3b,cb_sensory,male_specific
lLN9,0,,1,lLN9,cb_intrinsic,male_specific
R1-6,6,CNS neuron,3377,R1-R6,ol_sensory,isomorphic
KCab,653,CNS neuron,1681,KCab-s,cb_intrinsic,isomorphic
KCg-m,894,CNS neuron,1346,KCg-m,cb_intrinsic,isomorphic
Tm3,92,CNS neuron,2054,Tm3,ol_intrinsic,isomorphic
Tm9,337,CNS neuron,1771,Tm9,ol_intrinsic,isomorphic
Mi9,220,CNS neuron,1775,Mi9,ol_intrinsic,isomorphic
T3,10,CNS neuron,1940,T3,ol_intrinsic,isomorphic
Tm1,161,CNS neuron,1777,Tm1,ol_intrinsic,isomorphic
T4b,247,CNS neuron,1690,T4b,ol_intrinsic,isomorphic
Mi4,114,CNS neuron,1772,Mi4,ol_intrinsic,isomorphic
T2a,13,CNS neuron,1872,T2a,ol_intrinsic,isomorphic
T4c,88,CNS neuron,1778,T4c,ol_intrinsic,isomorphic
T5c,145,CNS neuron,1720,T5c,ol_intrinsic,isomorphic
Tm2,98,CNS neuron,1766,Tm2,ol_intrinsic,isomorphic
Mi1,79,CNS neuron,1773,Mi1,ol_intrinsic,isomorphic
T5b,130,CNS neuron,1715,T5b,ol_intrinsic,isomorphic
Tm20,64,CNS neuron,1762,Tm20,ol_intrinsic,isomorphic
T4a,129,CNS neuron,1684,T4a,ol_intrinsic,isomorphic
T4d,100,CNS neuron,1710,T4d,ol_intrinsic,isomorphic
T5a,130,CNS neuron,1664,T5a,ol_intrinsic,isomorphic
C3,13,CNS neuron,1779,C3,ol_intrinsic,isomorphic
L5,4,CNS neuron,1788,L5,ol_intrinsic,isomorphic
L2,2,,1779,L2,ol_intrinsic,isomorphic
L1,2,CNS neuron,1776,L1,ol_intrinsic,isomorphic
T1,1,CNS neuron,1777,T1,ol_intrinsic,isomorphic
L3,1,,1772,L3,ol_intrinsic,isomorphic
C2,11,CNS neuron,1745,C2,ol_intrinsic,isomorphic
T5d,102,CNS neuron,1620,T5d,ol_intrinsic,isomorphic
Tm4,45,CNS neuron,1670,Tm4,ol_intrinsic,isomorphic
T2,27,CNS neuron,1630,T2,ol_intrinsic,isomorphic
BM_InOm,870,sensory neuron,706,BM_InOm,cb_sensory,isomorphic
Dm2,102,CNS neuron,1452,Dm2,ol_intrinsic,isomorphic
TmY5a,22,CNS neuron,1364,TmY5a,ol_intrinsic,isomorphic
Tm27,3,,1367,TmY18,ol_intrinsic,isomorphic
R8,31,sensory neuron,1329,R8y,ol_sensory,isomorphic
R7,37,sensory neuron,1300,R7y,ol_sensory,isomorphic
Dm3p,5,,1204,Dm3a,ol_intrinsic,isomorphic
Mi15,22,CNS neuron,1151,Mi15,ol_intrinsic,isomorphic
Dm3q,4,,1136,Dm3b,ol_intrinsic,isomorphic
Mi2,40,CNS neuron,986,Mi2,ol_intrinsic,isomorphic
Mi13,41,CNS neuron,910,Mi13,ol_intrinsic,isomorphic
Tm5f,3,,898,Tm5Y,ol_intrinsic,isomorphic
TmY3,10,CNS neuron,824,TmY3,ol_intrinsic,isomorphic
Dm3v,5,,787,Dm3c,ol_intrinsic,isomorphic
Tm5c,34,CNS neuron,750,Tm5c,ol_intrinsic,isomorphic
LC12,240,CNS neuron,498,LC12,visual_projection,isomorphic
Tm5a,28,CNS neuron,624,Tm5a,ol_intrinsic,isomorphic
Y3,15,,627,Y3,ol_intrinsic,isomorphic
Dm10,1,CNS neuron,626,Dm10,ol_intrinsic,isomorphic
Tm5e,14,,559,Tm37,ol_intrinsic,isomorphic
Tm5d,19,,544,Tm29,ol_intrinsic,isomorphic
TmY10,4,,552,TmY10,ol_intrinsic,isomorphic
Tm5b,20,,522,Tm5b,ol_intrinsic,isomorphic
TmY14,42,,477,TmY14,visual_projection,isomorphic
TmY9q,2,,515,TmY9b,ol_intrinsic,isomorphic
Dm15,5,CNS neuron,485,Dm15,ol_intrinsic,isomorphic
LC17,134,CNS neuron,353,LC17,visual_projection,isomorphic
Sm02,4,,472,Cm1,ol_intrinsic,isomorphic
TmY9q__perp,2,,471,TmY9a,ol_intrinsic,isomorphic
LLPC1,183,CNS neuron,285,LLPC1,visual_projection,isomorphic
Tm7,25,,426,Tm39,ol_intrinsic,isomorphic
LLPC2,195,CNS neuron,250,LLPC2,visual_projection,isomorphic
TmY31,2,,395,TmY17,ol_intrinsic,isomorphic
Sm01,2,,383,Cm2,ol_intrinsic,isomorphic
KCapbp-ap1,180,CNS neuron,197,KCa'b'-ap1,cb_intrinsic,isomorphic
Tm36,3,,372,TmY21,ol_intrinsic,isomorphic
LC10a,85,CNS neuron,275,LC10a,visual_projection,isomorphic
LPC1,124,CNS neuron,224,LPC1,visual_projection,isomorphic
KCapbp-ap2,55,CNS neuron,291,KCa'b'-ap2,cb_intrinsic,isomorphic
Li01,105,,232,Li22,ol_intrinsic,isomorphic
Sm07,9,,323,Cm3,ol_intrinsic,isomorphic
MeTu1,76,CNS neuron,250,MeTu1,visual_projection,isomorphic
KCapbp-m,118,CNS neuron,205,KCa'b'-m,cb_intrinsic,isomorphic
LC10c,66,CNS neuron,255,LC10c-1,visual_projection,isomorphic
LC13,143,,177,LC13,visual_projection,isomorphic
Mi14,3,,315,Mi14,ol_intrinsic,isomorphic
KCg-d,105,CNS neuron,206,KCg-d,cb_intrinsic,isomorphic
LC16,127,CNS neuron,182,LC16,visual_projection,isomorphic
LLPC3,88,,219,LLPC3,visual_projection,isomorphic
LC18,98,CNS neuron,208,LC18,visual_projection,isomorphic
LC9,87,CNS neuron,219,LC9,visual_projection,isomorphic
LC10d,82,CNS neuron,214,LC10d,visual_projection,isomorphic
Tm37,3,,280,Tm33,ol_intrinsic,isomorphic
Dm12,3,CNS neuron,276,Dm12,ol_intrinsic,isomorphic
Dm9,1,CNS neuron,273,Dm9,ol_intrinsic,isomorphic
LPLC2,74,CNS neuron,185,LPLC2,visual_projection,isomorphic
Sm03,5,,251,Cm4,ol_intrinsic,isomorphic
Li05,48,,207,Li21,ol_intrinsic,isomorphic
Li10,38,,217,Li14,ol_intrinsic,isomorphic
Pm01,6,CNS neuron,246,Pm1,ol_intrinsic,isomorphic
Li06,1,,245,Tm24,ol_intrinsic,isomorphic
BM_vOcci_vPoOr,198,sensory neuron,26,BM_vOcci_vPoOr,cb_sensory,isomorphic
Pm03,5,,219,Pm2a,ol_intrinsic,isomorphic
LC15,96,,126,LC15,visual_projection,isomorphic
Sm08,8,,214,Cm5,ol_intrinsic,isomorphic
LC11,75,CNS neuron,143,LC11,visual_projection,isomorphic
ORN_DA1,14,sensory neuron,204,ORN_DA1,cb_sensory,isomorphic
Sm06,6,,211,Cm6,ol_intrinsic,isomorphic
LB3,128,sensory neuron,87,LB3d,cb_sensory,isomorphic
LC21,60,CNS neuron,153,LC21,visual_projection,isomorphic
Y4,3,,208,Y14,ol_intrinsic,isomorphic
ORN_VA1v,76,sensory neuron,130,ORN_VA1v,cb_sensory,isomorphic
Y1,9,,193,Y13,ol_intrinsic,isomorphic
MeTu3c,23,,173,MeTu3c,visual_projection,isomorphic
Sm05,4,,191,Mi16,ol_intrinsic,isomorphic
Y12,9,,186,Y12,ol_intrinsic,isomorphic
LC4,68,CNS neuron,126,LC4,visual_projection,isomorphic
LPC2,38,CNS neuron,154,LPC2,visual_projection,isomorphic
Sm04,1,,189,Mi17,ol_intrinsic,isomorphic
Sm12,7,,182,Cm8,ol_intrinsic,isomorphic
Sm09,4,,184,Cm7,ol_intrinsic,isomorphic
LC6,62,CNS neuron,124,LC6,visual_projection,isomorphic
Pm02,4,CNS neuron,182,Pm5,ol_intrinsic,isomorphic
MTe51,59,,122,MeVP1,visual_projection,isomorphic
KCab-p,49,CNS neuron,129,KCab-p,cb_intrinsic,isomorphic
Tlp1,38,,139,Tlp12,ol_intrinsic,isomorphic
Tm32,2,,174,Tm34,ol_intrinsic,isomorphic
LPLC1,35,CNS neuron,134,LPLC1,visual_projection,isomorphic
TmY16,1,,168,TmY16,ol_intrinsic,isomorphic
ORN_VA1d,35,sensory neuron,132,ORN_VA1d,cb_sensory,isomorphic
MeTu4a,19,,146,MeTu4a,visual_projection,isomorphic
Y11,12,,153,Y11,ol_intrinsic,isomorphic
JO-B,147,sensory neuron,13,JO-B-unclear,cb_sensory,isomorphic
Dm11,1,,158,Dm11,ol_intrinsic,isomorphic
MLt3,13,,145,MeLo2,ol_intrinsic,isomorphic
Tm8b,1,,155,Tm36,ol_intrinsic,isomorphic
LC10e,45,CNS neuron,110,LC10e,visual_projection,isomorphic
Sm15,8,,143,Cm9,ol_intrinsic,isomorphic
MeTu4c,6,,143,MeTu4c,visual_projection,isomorphic
Li02,27,,119,Li23,ol_intrinsic,isomorphic
ORN_VL1,64,sensory neuron,82,ORN_VL1,cb_sensory,isomorphic
LC22,70,,73,LC22,visual_projection,isomorphic
ORN_DL3,40,sensory neuron,103,ORN_DL3,cb_sensory,isomorphic
Li03,29,,113,Li27,ol_intrinsic,isomorphic
LC10b,45,CNS neuron,95,LC10b,visual_projection,isomorphic
LPLC4,43,CNS neuron,97,LPLC4,visual_projection,isomorphic
LPi04,15,CNS neuron,123,LPi3a,ol_intrinsic,isomorphic
BM_Taste,96,sensory neuron,40,BM_Taste,cb_sensory,isomorphic
Li17,19,,117,Li25,ol_intrinsic,isomorphic
MTe01a,36,,99,MeVP6,visual_projection,isomorphic
ORN_VA2,51,sensory neuron,83,ORN_VA2,cb_sensory,isomorphic
Tlp4,19,,115,Tlp13,ol_intrinsic,isomorphic
cLP02,33,,101,LPT111,visual_centrifugal,isomorphic
LC26,57,,75,LC26,visual_projection,isomorphic
LPi09,9,,119,LPi34,ol_intrinsic,isomorphic
Pm08,2,,124,Pm2b,ol_intrinsic,isomorphic
MLt1,2,,123,MeLo1,ol_intrinsic,isomorphic
ORN_VM5d,41,sensory neuron,84,ORN_VM5d,cb_sensory,isomorphic
Tm31,1,,124,Tm30,ol_intrinsic,isomorphic
LC24,30,,94,LC24,visual_projection,isomorphic
MTe02,41,,76,MeVP2,visual_projection,isomorphic
ORN_DM1,40,sensory neuron,74,ORN_DM1,cb_sensory,isomorphic
LPi07,7,,104,LPi3412,ol_intrinsic,isomorphic
ORN_DL1,28,sensory neuron,83,ORN_DL1,cb_sensory,isomorphic
Li13,41,,65,Li13,ol_intrinsic,isomorphic
LC20b,26,CNS neuron,79,LC20b,visual_projection,isomorphic
ORN_VL2a,4,sensory neuron,98,ORN_VL2a,cb_sensory,isomorphic
ORN_VM4,24,sensory neuron,78,ORN_VM4,cb_sensory,isomorphic
LCe02,44,,57,LC30,visual_projection,isomorphic
Dm20,2,CNS neuron,98,Dm20,ol_intrinsic,isomorphic
LPi05,4,,95,LPi2e,ol_intrinsic,isomorphic
Sm10,9,,89,Cm10,ol_intrinsic,isomorphic
vDeltaA_a,28,,70,vDeltaA_a,cb_intrinsic,isomorphic
MLt4,1,,96,MeLo7,ol_intrinsic,isomorphic
MTe54,27,,69,MeVP3,visual_projection,isomorphic
ORN_V,41,sensory neuron,55,ORN_V,cb_sensory,isomorphic
MTe01b,43,,52,MeVP7,visual_projection,isomorphic
LCe03,43,,51,LoVP13,visual_projection,isomorphic
MeTu3b,13,,80,MeTu3b,visual_projection,isomorphic
ORN_DM2,38,sensory neuron,54,ORN_DM2,cb_sensory,isomorphic
ORN_DM6,33,sensory neuron,58,ORN_DM6,cb_sensory,isomorphic
LC25,34,CNS neuron,56,LC25,visual_projection,isomorphic
vDeltaK,43,,47,vDeltaK,cb_intrinsic,isomorphic
LMa1,16,,73,MeLo13,ol_intrinsic,isomorphic
LMa4,3,,86,TmY19a,ol_intrinsic,isomorphic
Tm34,2,,86,Tm35,ol_intrinsic,isomorphic
ORN_VA6,24,sensory neuron,63,ORN_VA6,cb_sensory,isomorphic
LLPt,17,,69,LOLP1,ol_intrinsic,isomorphic
FS3,9,,76,FS3_d,cb_intrinsic,isomorphic
MeTu2a,15,,70,MeTu2a,visual_projection,isomorphic
Dm1,2,CNS neuron,80,Dm1,ol_intrinsic,isomorphic
MTe50,27,,55,MeVP11,visual_projection,isomorphic
cLP01,21,,61,LPT112,visual_centrifugal,isomorphic
Tlp5,13,,68,Tlp11,ol_intrinsic,isomorphic
PFNa,22,,58,PFNa,cb_intrinsic,isomorphic
Sm16,10,,70,Cm12,ol_intrinsic,isomorphic
Pm04,5,,74,Pm10,ol_intrinsic,isomorphic
Sm19,3,,75,Cm11a,ol_intrinsic,isomorphic
FC3,25,,52,FC3_b,cb_intrinsic,isomorphic
LC20a,13,,62,LC20a,visual_projection,isomorphic
LMt4,25,,50,MeLo11,ol_intrinsic,isomorphic
Li11,7,,68,Li34a,ol_intrinsic,isomorphic
MTe03,14,,61,MeVP10,visual_projection,isomorphic
vDeltaA_b,44,,31,vDeltaA_b,cb_intrinsic,isomorphic
LC27,28,,46,LC27,visual_projection,isomorphic
LC40,40,CNS neuron,34,LC40,visual_projection,isomorphic
ORN_VM2,32,sensory neuron,41,ORN_VM2,cb_sensory,isomorphic
LC28a,10,,62,LC28,visual_projection,isomorphic
Li18,21,,51,Li19,ol_intrinsic,isomorphic
ORN_DM3,9,sensory neuron,63,ORN_DM3,cb_sensory,isomorphic
ORN_VM3,29,sensory neuron,43,ORN_VM3,cb_sensory,isomorphic
FS4A,14,,57,FS4A,cb_intrinsic,isomorphic
LC28b,9,,61,LoVP5,visual_projection,isomorphic
Pm09,1,,69,Pm3,ol_intrinsic,isomorphic
LMt2,7,,61,MeLo10,ol_intrinsic,isomorphic
LC31a,35,,32,LC31a,visual_projection,isomorphic
LCe01b,15,,52,LoVP1,visual_projection,isomorphic
LPi11,6,,61,LPi43,ol_intrinsic,isomorphic
Li09,7,,60,Li34b,ol_intrinsic,isomorphic
Sm20,11,,56,Cm11b,ol_intrinsic,isomorphic
Tlp14,9,,58,Tlp14,ol_intrinsic,isomorphic
Dm6,4,CNS neuron,62,Dm6,ol_intrinsic,isomorphic
FC1C,15,,51,FC1E,cb_intrinsic,isomorphic
aMe5,24,,42,aMe5,visual_projection,isomorphic
LPi02,4,,61,LPi2d,ol_intrinsic,isomorphic
MLt7,3,,62,MeLo6,ol_intrinsic,isomorphic
LPi10,10,,54,LPi2c,ol_intrinsic,isomorphic
vDeltaM,9,,55,vDeltaM,cb_intrinsic,isomorphic
Dm18,5,CNS neuron,58,Dm18,ol_intrinsic,isomorphic
FC1D,38,,25,FC1D,cb_intrinsic,isomorphic
LMt1,13,,50,MeLo12,ol_intrinsic,isomorphic
ORN_DL4,1,,62,ORN_DL4,cb_sensory,isomorphic
Li04,30,,31,Li18b,ol_intrinsic,isomorphic
vDeltaL,23,,37,vDeltaL,cb_intrinsic,isomorphic
MTe52,19,,40,MeVP4,visual_projection,isomorphic
PAM08,9,,50,PAM08,cb_intrinsic,isomorphic
FC2C,11,,47,FC2C,cb_intrinsic,isomorphic
LCe04,16,,42,LoVP12,visual_projection,isomorphic
Li08,9,,49,Li18a,ol_intrinsic,isomorphic
Sm22,6,,52,Cm13,ol_intrinsic,isomorphic
cLP03,19,,39,LPT114,visual_centrifugal,isomorphic
vDeltaB,27,,31,vDeltaB,cb_intrinsic,isomorphic
FS2,15,,42,FS2,cb_intrinsic,isomorphic
LC33,25,,32,LC33,visual_projection,isomorphic
ORN_DA2,9,sensory neuron,48,ORN_DA2,cb_sensory,isomorphic
Dm13,3,CNS neuron,53,Dm13,ol_intrinsic,isomorphic
ORN_DM5,21,sensory neuron,35,ORN_DM5,cb_sensory,isomorphic
Pm10,2,,54,Pm9,ol_intrinsic,isomorphic
DmDRA1,5,,50,Dm-DRA1,ol_intrinsic,isomorphic
LPTe01,15,,40,LPT100,visual_projection,isomorphic
LT52,21,,34,LT52,visual_projection,isomorphic
ORN_VA3,25,sensory neuron,30,ORN_VA3,cb_sensory,isomorphic
ORN_VL2p,10,sensory neuron,45,ORN_VL2p,cb_sensory,isomorphic
LC29,14,,40,LC29,visual_projection,isomorphic
LC36,22,,32,LC36,visual_projection,isomorphic
ORN_DM4,22,sensory neuron,32,ORN_DM4,cb_sensory,isomorphic
ORN_VC1,25,sensory neuron,29,ORN_VC1,cb_sensory,isomorphic
AN_AVLP_53,23,sensory neuron,30,AN10B047,ascending_neuron,isomorphic
LPi08,7,,46,LPi3b,ol_intrinsic,isomorphic
ORN_VM7d,17,sensory neuron,36,ORN_VM7d,cb_sensory,isomorphic
PFR_a,25,CNS neuron,28,PFR_a,cb_intrinsic,isomorphic
Sm23,5,,48,Cm14,ol_intrinsic,isomorphic
ORN_VM6v,18,sensory neuron,34,ORN_VM6v,cb_sensory,isomorphic
PFNv,32,,20,PFNv,cb_intrinsic,isomorphic
Sm13,5,,47,Cm15,ol_intrinsic,isomorphic
EPG,5,,46,EPG,cb_intrinsic,isomorphic
ORN_VA4,17,sensory neuron,34,ORN_VA4,cb_sensory,isomorphic
ORN_VC5,20,sensory neuron,31,ORN_VC5,cb_sensory,isomorphic
PFNd,10,,40,PFNd,cb_intrinsic,isomorphic
ORN_VM5v,15,sensory neuron,34,ORN_VM5v,cb_sensory,isomorphic
PAM01,5,,44,PAM01,cb_intrinsic,isomorphic
LCe01a,4,,44,LoVP2,visual_projection,isomorphic
LMa2,1,,47,MeLo8,ol_intrinsic,isomorphic
LMt3,9,,39,MeLo14,ol_intrinsic,isomorphic
ORN_VA7l,19,sensory neuron,29,ORN_VA7l,cb_sensory,isomorphic
BM_MaPa,32,sensory neuron,15,BM_MaPa,cb_sensory,isomorphic
Li12,7,,40,Li20,ol_intrinsic,isomorphic
LC14b,3,,43,LC14b,ol_intrinsic,isomorphic
ORN_DC1,14,sensory neuron,32,ORN_DC1,cb_sensory,isomorphic
ORN_VA7m,22,sensory neuron,24,ORN_VA7m,cb_sensory,isomorphic
Sm21,2,,44,Cm11c,ol_intrinsic,isomorphic
FS4B,16,,29,FS4B,cb_intrinsic,isomorphic
JO-A,21,sensory neuron,24,JO-A-unclear,cb_sensory,isomorphic
LPi06,11,,34,LPi4a,ol_intrinsic,isomorphic
Li15,4,CNS neuron,41,Li15,ol_intrinsic,isomorphic
Li16,7,,38,Li26,ol_intrinsic,isomorphic
ORN_DL5,2,sensory neuron,43,ORN_DL5,cb_sensory,isomorphic
ORN_VC2,13,sensory neuron,32,ORN_VC2,cb_sensory,isomorphic
ORN_VC3,11,sensory neuron,34,ORN_VC3,cb_sensory,isomorphic
ORN_VM1,12,sensory neuron,33,ORN_VM1,cb_sensory,isomorphic
ORN_VM7v,20,sensory neuron,25,ORN_VM7v,cb_sensory,isomorphic
MeTu3a,2,,42,MeTu3a,visual_projection,isomorphic
BM_Vib,21,sensory neuron,22,BM_Vib,cb_sensory,isomorphic
Delta7,1,,42,Delta7,cb_intrinsic,isomorphic
MTe04,12,,31,MeVP12,visual_projection,isomorphic
SLP405,7,,36,SLP405_a,cb_intrinsic,isomorphic
FC2B,15,,27,FC2B,cb_intrinsic,isomorphic
vDeltaC,15,,27,vDeltaC,cb_intrinsic,isomorphic
MeTu4d,1,,40,MeTu4d,visual_projection,isomorphic
ORN_DC3,6,sensory neuron,35,ORN_DC3,cb_sensory,isomorphic
Sm14,3,,38,Cm16,ol_intrinsic,isomorphic
WED057,20,,21,WED057,cb_intrinsic,isomorphic
LCe05,20,,20,LoVP7,visual_projection,isomorphic
ORN_VC4,2,sensory neuron,38,ORN_VC4,cb_sensory,isomorphic
LT51,17,,22,LT51,visual_projection,isomorphic
ORN_DA3,5,sensory neuron,34,ORN_DA3,cb_sensory,isomorphic
ORN_DA4m,4,sensory neuron,35,ORN_DA4m,cb_sensory,isomorphic
ORN_DP1l,6,sensory neuron,33,ORN_DP1l,cb_sensory,isomorphic
vDeltaE,21,,18,vDeltaE,cb_intrinsic,isomorphic
HRN_VP4,10,sensory neuron,28,HRN_VP4,cb_sensory,isomorphic
LPi01,5,,33,LPi14,ol_intrinsic,isomorphic
MeTu4b,6,,32,MeTu4b,visual_projection,isomorphic
ORN_D,10,sensory neuron,28,ORN_D,cb_sensory,isomorphic
ORN_DP1m,7,sensory neuron,31,ORN_DP1m,cb_sensory,isomorphic
PAM04,6,,32,PAM04,cb_intrinsic,isomorphic
hDeltaJ,7,,31,hDeltaJ,cb_intrinsic,isomorphic
AN_AVLP_51,16,sensory neuron,21,AN10B045,ascending_neuron,isomorphic
FS4C,9,,28,FS4C,cb_intrinsic,isomorphic
LT57,16,CNS neuron,21,LoVP14,visual_projection,isomorphic
MTe05,4,,33,MeVP14,visual_projection,isomorphic
CB1078,10,CNS neuron,26,SAD057,cb_intrinsic,isomorphic
IbSpsP,5,,31,IbSpsP,cb_intrinsic,isomorphic
hDeltaK,5,,31,hDeltaK,cb_intrinsic,isomorphic
LC45,12,,23,LoVP10,visual_projection,isomorphic
ORN_DA4l,2,sensory neuron,33,ORN_DA4l,cb_sensory,isomorphic
ORN_DL2v,12,sensory neuron,23,ORN_DL2v,cb_sensory,isomorphic
ORN_VM6l,21,sensory neuron,14,ORN_VM6l,cb_sensory,isomorphic
ORN_VM6m,10,sensory neuron,25,ORN_VM6m,cb_sensory,isomorphic
PAM06,7,,28,PAM06,cb_intrinsic,isomorphic
JO-CM,4,sensory neuron,30,JO-CM,cb_sensory,isomorphic
Li14,1,,33,Tm23,ol_intrinsic,isomorphic
TuBu03,11,,23,TuBu03,cb_intrinsic,isomorphic
vDeltaD,13,,21,vDeltaD,cb_intrinsic,isomorphic
AN_GNG_172,25,sensory neuron,8,AN07B085,ascending_neuron,isomorphic
CB1876,8,,25,CB1876,cb_intrinsic,isomorphic
ER3d_b,13,,20,ER3d_b,cb_intrinsic,isomorphic
PFR_b,17,,16,PFR_b,cb_intrinsic,isomorphic
PLP115_b,11,,22,PLP115_b,cb_intrinsic,isomorphic
lLN1_bc,3,,30,lLN1_bc,cb_intrinsic,isomorphic
FR1,14,,18,FR1,cb_intrinsic,isomorphic
LC14a1,2,,30,LC14a-1,ol_intrinsic,isomorphic
Li07,5,,27,Li35,ol_intrinsic,isomorphic
MeTu2b,1,,31,MeTu2b,visual_projection,isomorphic
ORN_DC2,10,sensory neuron,22,ORN_DC2,cb_sensory,isomorphic
ORN_DC4,9,sensory neuron,23,ORN_DC4,cb_sensory,isomorphic
Sm18,6,,26,Cm20,ol_intrinsic,isomorphic
TuBu07,11,,21,TuBu07,cb_intrinsic,isomorphic
ER4d,5,,26,ER4d,cb_intrinsic,isomorphic
JO-CL,12,sensory neuron,19,JO-CL,cb_sensory,isomorphic
LC37,16,,15,LC37,visual_projection,isomorphic
PEN_b(PEN2),9,,22,PEN_b(PEN2),cb_intrinsic,isomorphic
AN_AVLP_GNG_23,19,,11,AN05B062,ascending_neuron,isomorphic
MeMe_e02,11,,19,MeVPMe5,ol_intrinsic,isomorphic
Pm11,2,,28,Pm7,ol_intrinsic,isomorphic
Sm43,2,,28,Cm18,ol_intrinsic,isomorphic
TuBu08,9,,21,TuBu08,cb_intrinsic,isomorphic
CB2357,15,,14,CRE054,cb_intrinsic,isomorphic
DNg07,13,CNS neuron,16,DNg07,descending_neuron,isomorphic
DNg12_e,23,CNS neuron,6,DNg12_e,descending_neuron,isomorphic
LTe09,7,,22,LoVP8,visual_projection,isomorphic
PFL3,5,,24,PFL3,cb_intrinsic,isomorphic
SMP568,8,,21,SMP568_a,cb_intrinsic,isomorphic
EL,10,,18,EL,cb_intrinsic,isomorphic
PAM05,8,,20,PAM05,cb_intrinsic,isomorphic
PAM12,6,,22,PAM12,cb_intrinsic,isomorphic
PEN_a(PEN1),8,,20,PEN_a(PEN1),cb_intrinsic,isomorphic
Sm30,3,,25,Cm21,ol_intrinsic,isomorphic
WED033,14,,14,WED033,cb_intrinsic,isomorphic
CB1079,13,,14,CRE055,cb_intrinsic,isomorphic
MTe06,3,,24,MeVP15,visual_projection,isomorphic
MTe07,13,sensory neuron,14,MeVPLo2,visual_projection,isomorphic
LC46,14,CNS neuron,12,LC46b,visual_projection,isomorphic
SIP076,8,,18,SIP076,cb_intrinsic,isomorphic
cL01,4,,22,LoVC25,visual_centrifugal,isomorphic
AN_IPS_GNG_6,12,,13,AN07B050,ascending_neuron,isomorphic
CB1072,11,,14,CB1072,cb_intrinsic,isomorphic
DNge071,9,CNS neuron,16,DNge071,descending_neuron,isomorphic
aMe4,6,,19,aMe4,visual_centrifugal,isomorphic
hDeltaB,6,,19,hDeltaB,cb_intrinsic,isomorphic
CB1322,14,,10,CB1322,cb_intrinsic,isomorphic
DNg10,12,CNS neuron,12,DNg10,descending_neuron,isomorphic
LC43,10,,14,LC43,visual_projection,isomorphic
LT70,13,,11,LT70,visual_centrifugal,isomorphic
MTe53,7,,17,MeVP5,visual_projection,isomorphic
ORN_VA5,8,sensory neuron,16,ORN_VA5,cb_sensory,isomorphic
PFGs,6,,18,PFGs,cb_intrinsic,isomorphic
vDeltaF,6,,18,vDeltaF,cb_intrinsic,isomorphic
CB0943,8,,15,CB0943,cb_intrinsic,isomorphic
CB1008,3,,20,CB1008,cb_intrinsic,isomorphic
CB1094,13,,10,CB1094,cb_intrinsic,isomorphic
CB2353,11,,12,GNG610,cb_intrinsic,isomorphic
DNge019,9,CNS neuron,14,DNge019,descending_neuron,isomorphic
DNge091,5,CNS neuron,18,DNge091,descending_neuron,isomorphic
FB5V,6,,17,FB5V_a,cb_intrinsic,isomorphic
FC2A,5,,18,FC2A,cb_intrinsic,isomorphic
FR2,5,,18,FR2,cb_intrinsic,isomorphic
HRN_VP1d,5,sensory neuron,18,HRN_VP1d,cb_sensory,isomorphic
LC41,10,,13,LC41,visual_projection,isomorphic
LHPV5b1,3,,20,LHPV5b1,cb_intrinsic,isomorphic
LHPV5b2,5,,18,LHPV5b2,cb_intrinsic,isomorphic
LPTe02,12,,11,LPT101,visual_projection,isomorphic
hDeltaC,3,,20,hDeltaC,cb_intrinsic,isomorphic
AVLP454_a,12,,10,AVLP454_a1,cb_intrinsic,isomorphic
CB0986,9,,13,CB0986,cb_intrinsic,isomorphic
CB1062,14,,8,CB1062,cb_intrinsic,isomorphic
CB1469,1,,21,GNG431,cb_intrinsic,isomorphic
CB2685,9,,13,CB2685,cb_intrinsic,isomorphic
DNg03,10,CNS neuron,12,DNg03,descending_neuron,isomorphic
ER3m,4,,18,ER3m,cb_intrinsic,isomorphic
HRN_VP5,10,sensory neuron,12,HRN_VP5,cb_sensory,isomorphic
LTe58,11,,11,LoVP16,visual_projection,isomorphic
LTe64,10,,12,LoVP18,visual_projection,isomorphic
MTe08,8,,14,MeVP17,visual_projection,isomorphic
hDeltaI,5,,17,hDeltaI,cb_intrinsic,isomorphic
CB1042,9,,12,PS077,cb_intrinsic,isomorphic
CB1479,9,,12,GNG428,cb_intrinsic,isomorphic
CB2440,12,,9,CB2440,cb_intrinsic,isomorphic
LC14a2,6,,15,LC14a-2,ol_intrinsic,isomorphic
LHAD1a2,5,,16,LHAD1a2,cb_intrinsic,isomorphic
LHAV4a4,4,glia,17,LHAV4a4,cb_intrinsic,isomorphic
PAM02,4,,17,PAM02,cb_intrinsic,isomorphic
PAM10,6,,15,PAM10,cb_intrinsic,isomorphic
PAM13,5,,16,PAM13,cb_intrinsic,isomorphic
CB0955,2,,18,AVLP377,cb_intrinsic,isomorphic
CB1148,6,,14,CB1148,cb_intrinsic,isomorphic
CB1154,2,,18,CB1154,cb_intrinsic,isomorphic
CB1556,5,,15,CB1556,cb_intrinsic,isomorphic
CB1932,8,,12,CB1932,cb_intrinsic,isomorphic
CB2081,2,,18,CB2081_a,cb_intrinsic,isomorphic
CB2242,7,,13,GNG401,cb_intrinsic,isomorphic
CB2245,16,,4,CB2245,cb_intrinsic,isomorphic
DNpe008,2,CNS neuron,18,DNpe008,descending_neuron,isomorphic
LC19,6,CNS neuron,14,LC19,visual_projection,isomorphic
LC35,8,,12,LC35a,visual_projection,isomorphic
LCe09,7,,13,LoVP9,visual_projection,isomorphic
OCC02b,4,,16,OCC02b,visual_centrifugal,isomorphic
ORN_DL2d,5,sensory neuron,15,ORN_DL2d,cb_sensory,isomorphic
PAM07,6,CNS neuron,14,PAM07,cb_intrinsic,isomorphic
SLP188,6,,14,SLP188,cb_intrinsic,isomorphic
SMP381,8,,12,SMP381_a,cb_intrinsic,isomorphic
Sm17,1,,19,Cm22,ol_intrinsic,isomorphic
cM19,6,,14,PVLP046,visual_centrifugal,isomorphic
AN_AVLP_43,13,,6,AN10B029,ascending_neuron,isomorphic
AN_GNG_197,8,,11,AN05B053,ascending_neuron,isomorphic
AN_IPS_GNG_7,8,,11,AN04B003,ascending_neuron,isomorphic
AN_multi_124,2,,17,AN09A005,ascending_neuron,isomorphic
AOTU059,8,,11,AOTU059,cb_intrinsic,isomorphic
BM_Hau,12,sensory neuron,7,BM_Hau,cb_sensory,isomorphic
CB1055,10,,9,CB1055,cb_intrinsic,isomorphic
CB1638,8,,11,CB1638,cb_intrinsic,isomorphic
CB1648,4,,15,IB004_a,cb_intrinsic,isomorphic
CB2047,12,,7,CB2047,cb_intrinsic,isomorphic
DNg12_b,3,CNS neuron,16,DNg12_b,descending_neuron,isomorphic
DNge094,6,CNS neuron,13,DNge094,descending_neuron,isomorphic
DNp17,7,CNS neuron,12,DNp17,descending_neuron,isomorphic
LCe07,8,,11,LC23,visual_projection,isomorphic
LHAV2b2a,4,,15,LHAV2b2_a,cb_intrinsic,isomorphic
LHAV6a3,8,,11,LHAV6a3,cb_intrinsic,isomorphic
LHPV5a1,7,,12,LHPV5a1,cb_intrinsic,isomorphic
LHPV5b3,6,,13,LHPV5b3,cb_intrinsic,isomorphic
LTe65,7,CNS neuron,12,LoVP26,visual_projection,isomorphic
MeMe_e08,7,,12,MeVPMe1,visual_projection,isomorphic
PAM14,1,,18,PAM14,cb_intrinsic,isomorphic
PEG,1,,18,PEG,cb_intrinsic,isomorphic
PVLP082b,10,,9,PVLP082,cb_intrinsic,isomorphic
Pm1,18,CNS neuron,1,T4_unclear,ol_intrinsic,isomorphic
Sm26,1,,18,Cm11d,ol_intrinsic,isomorphic
AN_GNG_175,12,CNS neuron,6,AN06A060,ascending_neuron,isomorphic
AN_GNG_SAD_32,10,CNS neuron,8,AN08B031,ascending_neuron,isomorphic
AVLP149,6,,12,AVLP149,cb_intrinsic,isomorphic
AVLP454_b,8,,10,AVLP454_b1,cb_intrinsic,isomorphic
CB0980,8,,10,AMMC026,cb_intrinsic,isomorphic
CB1114,8,,10,CB1114,cb_intrinsic,isomorphic
CB1712,7,,11,SMP352,cb_intrinsic,isomorphic
CB2018,10,,8,CRE052,cb_intrinsic,isomorphic
CL104,14,,4,CL104,cb_intrinsic,isomorphic
DNg12_a,10,CNS neuron,8,DNg12_a,descending_neuron,isomorphic
ER3d_d,7,,11,ER3d_d,cb_intrinsic,isomorphic
LCe06,6,,12,LoVP93,visual_projection,isomorphic
LHPV5c3,6,,12,LHPV5c3,cb_intrinsic,isomorphic
PAM11,3,,15,PAM11,cb_intrinsic,isomorphic
SLP189,5,,13,SLP189_b,cb_intrinsic,isomorphic
Sm25,1,,17,Cm23,ol_intrinsic,isomorphic
AN_GNG_164,4,,13,AN08B106,ascending_neuron,isomorphic
AN_GNG_VES_7,11,,6,AN01B011,ascending_neuron,isomorphic
AVLP045,7,,10,AVLP045,cb_intrinsic,isomorphic
AVLP232,5,,12,AVLP232,cb_intrinsic,isomorphic
CB0978,11,,6,AMMC004,cb_intrinsic,isomorphic
CB0989,7,,10,AMMC020,cb_intrinsic,isomorphic
CB0997,8,,9,LHAV2a2,cb_intrinsic,isomorphic
CB1021,9,,8,GNG624,cb_intrinsic,isomorphic
CB1125,7,,10,SAD004,cb_intrinsic,isomorphic
CB1339,7,,10,CB1339,cb_intrinsic,isomorphic
CB1978,5,,12,AMMC025,cb_intrinsic,isomorphic
CB2290,5,,12,CB2290,cb_intrinsic,isomorphic
CB2774,7,,10,PS335,cb_intrinsic,isomorphic
CB2901,3,,14,SLP266,cb_intrinsic,isomorphic
DNES1,7,efferent neuron,10,DNES1,cb_endocrine,isomorphic
DNg106,1,CNS neuron,16,DNg106,descending_neuron,isomorphic
LAL110,7,,10,LAL110,cb_intrinsic,isomorphic
LHAD1c2c,9,,8,LHAD1c2,cb_intrinsic,isomorphic
LPT31,9,,8,LPT31,visual_projection,isomorphic
MeMe_e07,7,,10,MeVPMe2,visual_projection,isomorphic
SLP285,5,,12,SLP285,cb_intrinsic,isomorphic
SMP171,9,,8,SMP171,cb_intrinsic,isomorphic
TRN_VP1m,6,sensory neuron,11,TRN_VP1m,cb_sensory,isomorphic
VES022,6,,11,VES022,cb_intrinsic,isomorphic
hDeltaA,5,,12,hDeltaA,cb_intrinsic,isomorphic
AN_GNG_163,8,,8,AN07B070,ascending_neuron,isomorphic
AVLP040,7,,9,AVLP040,cb_intrinsic,isomorphic
CB1033,9,,7,CB1033,cb_intrinsic,isomorphic
CB1169,1,,15,SAD117,cb_intrinsic,isomorphic
CB1357,5,,11,CB1357,cb_intrinsic,isomorphic
CB1457,7,,9,CB1457,cb_intrinsic,isomorphic
CB1459,8,,8,AVLP103,cb_intrinsic,isomorphic
CB1482,6,,10,GNG619,cb_intrinsic,isomorphic
CB1654,9,,7,CB1654,cb_intrinsic,isomorphic
CB1918,5,,11,CB1918,cb_intrinsic,isomorphic
CB1995,8,,8,AVLP524_b,cb_intrinsic,isomorphic
CB2638,10,,6,CB2638,cb_intrinsic,isomorphic
CB2744,7,,9,CB2744,cb_intrinsic,isomorphic
CB3200,8,,8,AMMC031,cb_intrinsic,isomorphic
CL090_c,1,,15,CL090_c,cb_intrinsic,isomorphic
DA1_lPN,3,,13,DA1_lPN,cb_intrinsic,isomorphic
LC34,6,,10,LC34,visual_projection,isomorphic
LC39,8,,8,LC39a,visual_projection,isomorphic
LHAD1b5,4,,12,LHAD1b5,cb_intrinsic,isomorphic
LT78,8,,8,LT78,visual_projection,isomorphic
LTe43,7,CNS neuron,9,LoVP83,visual_projection,isomorphic
LTe68,5,CNS neuron,11,LoVP84,visual_projection,isomorphic
M_lPNm11D,4,,12,M_lPNm11D,cb_intrinsic,isomorphic
PLP172,7,,9,PLP172,cb_intrinsic,isomorphic
PS055,7,,9,PS055,cb_intrinsic,isomorphic
PVLP111,7,,9,PVLP111,cb_intrinsic,isomorphic
SLP240_b,9,,7,SLP240_b,cb_intrinsic,isomorphic
SMP427,5,,11,SMP427,cb_intrinsic,isomorphic
WED163c,10,,6,WED163,cb_intrinsic,isomorphic
WEDPN8B,5,,11,WEDPN8B,cb_intrinsic,isomorphic
cM04,8,sensory neuron,8,aMe2,visual_centrifugal,isomorphic
hDeltaL,5,,11,hDeltaL,cb_intrinsic,isomorphic
l-LNv,8,,8,l-LNv,ol_intrinsic,isomorphic
AN_AVLP_22,13,,2,AN05B023c,ascending_neuron,isomorphic
AN_AVLP_45,9,,6,AN10B020,ascending_neuron,isomorphic
AN_GNG_162,7,CNS neuron,8,AN01B004,ascending_neuron,isomorphic
AN_GNG_69,4,sensory neuron,11,AN05B054_b,ascending_neuron,isomorphic
AOTU007,3,,12,AOTU007_b,cb_intrinsic,isomorphic
CB0743,5,,10,CB0743,cb_intrinsic,isomorphic
CB0956,6,sensory neuron,9,CB0956,cb_intrinsic,isomorphic
CB0977,7,,8,GNG635,cb_intrinsic,isomorphic
CB1205,9,,6,CB1205,cb_intrinsic,isomorphic
CB1256,7,,8,AVLP199,cb_intrinsic,isomorphic
CB1311,8,,7,GNG440,cb_intrinsic,isomorphic
CB1330,6,,9,CB1330,cb_intrinsic,isomorphic
CB1379,10,,5,CB1379,cb_intrinsic,isomorphic
CB1427,5,,10,AMMC035,cb_intrinsic,isomorphic
CB1439,7,,8,WED201,cb_intrinsic,isomorphic
CB1794,7,,8,CB1794,cb_intrinsic,isomorphic
CB1826,7,,8,AMMC003,cb_intrinsic,isomorphic
CB1851,5,,10,IB002,cb_intrinsic,isomorphic
CB1881,7,,8,WED143_a,cb_intrinsic,isomorphic
CB1920,4,,11,PVLP072,cb_intrinsic,isomorphic
CB1997,2,,13,CB1997,cb_intrinsic,isomorphic
CB2050,6,,9,CB2050,cb_intrinsic,isomorphic
CB2066,5,,10,CB2066,cb_intrinsic,isomorphic
CB2148,5,,10,CB2148,cb_intrinsic,isomorphic
CB2259,8,,7,IB004_b,cb_intrinsic,isomorphic
CB2342,5,,10,CB2342,cb_intrinsic,isomorphic
CB2431,9,,6,CB2431,cb_intrinsic,isomorphic
CB2448,6,,9,CB2448,cb_intrinsic,isomorphic
CB2503,9,,6,CB2503,cb_intrinsic,isomorphic
CB2558,2,,13,CB2558,cb_intrinsic,isomorphic
CB3386,7,,8,SLP229,cb_intrinsic,isomorphic
CL091,6,,9,CL091,cb_intrinsic,isomorphic
CL182,5,,10,CL182,cb_intrinsic,isomorphic
DNpe054,7,CNS neuron,8,DNpe054,descending_neuron,isomorphic
LHAV1a3,3,,12,LHAV1a3,cb_intrinsic,isomorphic
LTe66,9,CNS neuron,6,LoVP25,visual_projection,isomorphic
MTe10,7,,8,MeVP54,visual_projection,isomorphic
MeMe_e01,3,,12,MeVPMe9,visual_projection,isomorphic
PFL1,1,,14,PFL1,cb_intrinsic,isomorphic
PLP064_a,7,,8,PLP064_a,cb_intrinsic,isomorphic
PLP158,5,sensory neuron,10,PLP158,cb_intrinsic,isomorphic
PVLP097,1,,14,PVLP097,cb_intrinsic,isomorphic
PVLP133,11,,4,PVLP133,cb_intrinsic,isomorphic
SLP289,4,,11,SLP289,cb_intrinsic,isomorphic
SMP261,2,,13,SMP261,cb_intrinsic,isomorphic
WED002,3,,12,WED002,cb_intrinsic,isomorphic
WED028,9,,6,WED028,cb_intrinsic,isomorphic
WED040,8,,7,WED040_b,cb_intrinsic,isomorphic
WED162,6,,9,WED162,cb_intrinsic,isomorphic
cL02b,5,,10,LoVC27,visual_centrifugal,isomorphic
vDeltaJ,4,,11,vDeltaJ,cb_intrinsic,isomorphic
AN_GNG_178,9,CNS neuron,5,AN06B002,ascending_neuron,isomorphic
AN_GNG_IPS_19,3,sensory neuron,11,AN07B069_b,ascending_neuron,isomorphic
AVLP297,6,,8,AVLP297,cb_intrinsic,isomorphic
AVLP486,5,,9,AVLP486,cb_intrinsic,isomorphic
AVLP494,8,,6,AVLP494,cb_intrinsic,isomorphic
AVLP541a,6,,8,AVLP541,cb_intrinsic,isomorphic
BM_Vt_PoOc,6,sensory neuron,8,BM_Vt_PoOc,cb_sensory,isomorphic
CB0825,9,,5,GNG465,cb_intrinsic,isomorphic
CB0951,8,,6,CB0951,cb_intrinsic,isomorphic
CB1046,2,,12,WED143_c,cb_intrinsic,isomorphic
CB1145,7,,7,CB1145,cb_intrinsic,isomorphic
CB1170,7,,7,SLP176,cb_intrinsic,isomorphic
CB1227,3,,11,CB1227,cb_intrinsic,isomorphic
CB1258,7,,7,LHPV2b3,cb_intrinsic,isomorphic
CB1292,8,,6,LAL189,cb_intrinsic,isomorphic
CB1424,9,,5,GNG435,cb_intrinsic,isomorphic
CB1552,6,,8,AVLP526,cb_intrinsic,isomorphic
CB1640,3,,11,LHAV7b1,cb_intrinsic,isomorphic
CB1983,8,,6,CB1983,cb_intrinsic,isomorphic
CB2195,6,,8,GNG309,cb_intrinsic,isomorphic
CB2292,4,,10,CB2292,cb_intrinsic,isomorphic
CB2343,6,,8,CB2343,cb_intrinsic,isomorphic
CB2701,9,,5,CB2701,cb_intrinsic,isomorphic
CB2872,7,,7,PS353,cb_intrinsic,isomorphic
CB3050,3,,11,CB3050,cb_intrinsic,isomorphic
CB3739,7,,7,CB3739,cb_intrinsic,isomorphic
CL252,6,,8,CL252,cb_intrinsic,isomorphic
CRE044,6,,8,CRE044,cb_intrinsic,isomorphic
CRE068,10,,4,CRE068,cb_intrinsic,isomorphic
DNge085,6,CNS neuron,8,DNge085,descending_neuron,isomorphic
FB6A,8,,6,FB6A_a,cb_intrinsic,isomorphic
FB8G,8,,6,FB8G,cb_intrinsic,isomorphic
IB032,6,,8,IB032,cb_intrinsic,isomorphic
LHAV4a1_b,6,,8,LHAV4a1_b,cb_intrinsic,isomorphic
LHPV6r1,4,,10,,cb_intrinsic,isomorphic
Li22,1,,13,Li28,ol_intrinsic,isomorphic
PFL2,2,,12,PFL2,cb_intrinsic,isomorphic
PLP181,10,,4,PLP181,cb_intrinsic,isomorphic
SA_VTV_6,3,sensory neuron,11,SAxx02,sensory_ascending,isomorphic
SIP003_a,4,,10,SIP003_a,cb_intrinsic,isomorphic
SLP275,4,,10,SLP275,cb_intrinsic,isomorphic
SMP409,3,,11,SMP409,cb_intrinsic,isomorphic
SMP452,4,,10,SMP452,cb_intrinsic,isomorphic
TuBu04,2,,12,TuBu04,cb_intrinsic,isomorphic
VC5_lvPN,2,,12,VC5_lvPN,cb_intrinsic,isomorphic
WED056,6,,8,WED056,cb_intrinsic,isomorphic
cL03,4,,10,LoVC24,visual_centrifugal,isomorphic
hDeltaD,6,,8,hDeltaD,cb_intrinsic,isomorphic
lLN2X12,1,,13,lLN2X12,cb_intrinsic,isomorphic
AN_AVLP_34,7,,6,AN10B027,ascending_neuron,isomorphic
AN_GNG_182,2,,11,AN08B081,ascending_neuron,isomorphic
AN_GNG_187,6,,7,AN08B098,ascending_neuron,isomorphic
AVLP550b,2,,11,AVLP550b,cb_intrinsic,isomorphic
CB0738,2,,11,PVLP064,cb_intrinsic,isomorphic
CB1073,7,,6,CB1073,cb_intrinsic,isomorphic
CB1098,5,,8,AMMC015,cb_intrinsic,isomorphic
CB1181,7,,6,CB1181,cb_intrinsic,isomorphic
CB1268,2,,11,CB1268,cb_intrinsic,isomorphic
CB1295,5,,8,PRW039,cb_intrinsic,isomorphic
CB1355,6,,7,LAL136_b,cb_intrinsic,isomorphic
CB1372,4,,9,SMP738,cb_intrinsic,isomorphic
CB1401,4,,9,LHAV4d5,cb_intrinsic,isomorphic
CB1454,5,,8,CRE051,cb_intrinsic,isomorphic
CB1510,9,,4,CB1510,cb_intrinsic,isomorphic
CB1728,7,,6,GNG416,cb_intrinsic,isomorphic
CB1750,5,,8,LAL060_a,cb_intrinsic,isomorphic
CB1827,5,,8,WED009,cb_intrinsic,isomorphic
CB1897,3,,10,CB1897,cb_intrinsic,isomorphic
CB2037,7,,6,CB2037,cb_intrinsic,isomorphic
CB2049,5,,8,CB2049,cb_intrinsic,isomorphic
CB2171,5,,8,AVLP311_b1,cb_intrinsic,isomorphic
CB2186,5,,8,AVLP349,cb_intrinsic,isomorphic
CB2246,6,,7,CB2246,cb_intrinsic,isomorphic
CB2392,5,,8,PS341,cb_intrinsic,isomorphic
CB2896,5,,8,CB2896,cb_intrinsic,isomorphic
CB2989,3,,10,SLP267,cb_intrinsic,isomorphic
CB3033,5,,8,LAL050,cb_intrinsic,isomorphic
CB3269,9,,4,CB3269,cb_intrinsic,isomorphic
CB3320,7,,6,CB3320,cb_intrinsic,isomorphic
CB3865,3,,10,CB3865,cb_intrinsic,isomorphic
CL048,6,,7,CL048,cb_intrinsic,isomorphic
DNg02_a,3,CNS neuron,10,DNg02_a,descending_neuron,isomorphic
DNg09,5,CNS neuron,8,DNg09_a,descending_neuron,isomorphic
DNge025,10,CNS neuron,3,DNge025,descending_neuron,isomorphic
DNpe009,3,CNS neuron,10,DNpe009,descending_neuron,isomorphic
HRN_VP1l,5,sensory neuron,8,HRN_VP1l,cb_sensory,isomorphic
JO-mz,2,sensory neuron,11,JO-mz,cb_sensory,isomorphic
LAL021,5,,8,LAL021,cb_intrinsic,isomorphic
LAL031,7,,6,LAL031,cb_intrinsic,isomorphic
LAL087,3,,10,LAL087,cb_intrinsic,isomorphic
LCe08,1,,12,LoVP3,visual_projection,isomorphic
LHAV4b2,3,,10,LHAV4b2,cb_intrinsic,isomorphic
LHAV4c2,4,,9,LHAV4c2,cb_intrinsic,isomorphic
LHAV4d1,1,,12,LHAV4d1,cb_intrinsic,isomorphic
LHPV4a10,1,,12,LHPV4a10,cb_intrinsic,isomorphic
LHPV4h1,4,,9,LHPV4h1,cb_intrinsic,isomorphic
LHPV5c1,5,,8,LHPV5c1,cb_intrinsic,isomorphic
LHPV6f1,2,,11,LHPV6f1,cb_intrinsic,isomorphic
LT81,2,,11,LT81,visual_projection,isomorphic
LTe38a,5,,8,LoVP17,visual_projection,isomorphic
MBON10,4,,9,MBON10,cb_intrinsic,isomorphic
MTe09,5,,8,MeVP16,visual_projection,isomorphic
PAM03,1,,12,PAM03,cb_intrinsic,isomorphic
PAM09,4,,9,PAM09,cb_intrinsic,isomorphic
PLP046b,9,,4,PLP046,cb_intrinsic,isomorphic
PLP182,11,,2,PLP182,cb_intrinsic,isomorphic
PS002,7,,6,PS002,cb_intrinsic,isomorphic
PVLP112b,7,,6,PVLP112,cb_intrinsic,isomorphic
SIP047b,5,,8,SIP047,cb_intrinsic,isomorphic
SMP281,2,,11,SMP281,cb_intrinsic,isomorphic
SMP282,4,,9,SMP282,cb_intrinsic,isomorphic
SMP461,5,,8,SMP461,cb_intrinsic,isomorphic
TuBu02,1,,12,TuBu02,cb_intrinsic,isomorphic
TuBu05,2,,11,TuBu05,cb_intrinsic,isomorphic
TuBu06,3,,10,TuBu06,cb_intrinsic,isomorphic
VM5d_adPN,1,,12,VM5d_adPN,cb_intrinsic,isomorphic
WED032,5,,8,WED032,cb_intrinsic,isomorphic
WED164b,7,,6,WED164,cb_intrinsic,isomorphic
WEDPN1A,3,,10,WEDPN1A,cb_intrinsic,isomorphic
hDeltaH,5,,8,hDeltaH,cb_intrinsic,isomorphic
mAL4,9,,4,mAL4A,cb_intrinsic,isomorphic
v2LN3A1_b,4,,9,v2LN3A1_b,cb_intrinsic,isomorphic
AN_GNG_92,6,,6,AN05B104,ascending_neuron,isomorphic
AN_IPS_LAL_1,6,CNS neuron,6,AN07B037_a,ascending_neuron,isomorphic
AOTU050b,4,,8,AOTU050,cb_intrinsic,isomorphic
AOTU060,5,,7,AOTU060,cb_intrinsic,isomorphic
AVLP051,6,,6,AVLP051,cb_intrinsic,isomorphic
AVLP300_a,7,,5,AVLP300_a,cb_intrinsic,isomorphic
CB0946,1,,11,SLP324,cb_intrinsic,isomorphic
CB0957,6,,6,AMMC036,cb_intrinsic,isomorphic
CB0961,1,,11,GNG454,cb_intrinsic,isomorphic
CB1023,3,,9,CB1023,cb_intrinsic,isomorphic
CB1064,6,,6,CRE028,cb_intrinsic,isomorphic
CB1096,6,,6,PRW042,cb_intrinsic,isomorphic
CB1168,3,,9,CB1168,cb_intrinsic,isomorphic
CB1251,4,,8,CRE039,cb_intrinsic,isomorphic
CB1265,5,,7,CB1265,cb_intrinsic,isomorphic
CB1340,3,,9,PVLP085,cb_intrinsic,isomorphic
CB1359,2,,10,CB1359,cb_intrinsic,isomorphic
CB1383,4,,8,WED055_b,cb_intrinsic,isomorphic
CB1399,7,,5,AVLP004_a,cb_intrinsic,isomorphic
CB1543,6,,6,AVLP525,cb_intrinsic,isomorphic
CB1558,5,,7,AOTU055,cb_intrinsic,isomorphic
CB1586,4,,8,SMP487,cb_intrinsic,isomorphic
CB1601,5,,7,CB1601,cb_intrinsic,isomorphic
CB1604,3,,9,CB1604,cb_intrinsic,isomorphic
CB1699,6,,6,CB1699,cb_intrinsic,isomorphic
CB1705,4,,8,CB1705,cb_intrinsic,isomorphic
CB1717,9,,3,CB1717,cb_intrinsic,isomorphic
CB1783,6,,6,aSP10A_a,cb_intrinsic,isomorphic
CB1789,3,,9,CB1789,cb_intrinsic,isomorphic
CB1812,6,,6,CB1812,cb_intrinsic,isomorphic
CB1852,3,,9,CB1852,cb_intrinsic,isomorphic
CB1891,4,,8,VES034_b,cb_intrinsic,isomorphic
CB1923,1,,11,CB1923,cb_intrinsic,isomorphic
CB1937,2,,10,GNG410,cb_intrinsic,isomorphic
CB1948,5,,7,CB1948,cb_intrinsic,isomorphic
CB1957,4,,8,SMP450,cb_intrinsic,isomorphic
CB2057,4,,8,AVLP168,cb_intrinsic,isomorphic
CB2207,5,,7,CB2207,cb_intrinsic,isomorphic
CB2252,3,,9,CB2252,cb_intrinsic,isomorphic
CB2479,4,,8,CB2479,cb_intrinsic,isomorphic
CB2539,3,,9,CB2539,cb_intrinsic,isomorphic
CB2625,4,,8,CB2625,cb_intrinsic,isomorphic
CB2659,7,,5,CB2659,cb_intrinsic,isomorphic
CB2710,1,,11,WEDPN8C,cb_intrinsic,isomorphic
CB2720,4,,8,CB2720,cb_intrinsic,isomorphic
CB2792,4,,8,CB2792,cb_intrinsic,isomorphic
CB2919,6,,6,CB2919,cb_intrinsic,isomorphic
CB3037,7,,5,GNG376,cb_intrinsic,isomorphic
CB3043,5,,7,CB3043,cb_intrinsic,isomorphic
CB3189,9,sensory neuron,3,GNG371,cb_intrinsic,isomorphic
CB3293,7,,5,CB3293,cb_intrinsic,isomorphic
CB3873,8,,4,CB3873,cb_intrinsic,isomorphic
CL089_b,5,,7,CL089_b,cb_intrinsic,isomorphic
CL210_a,2,,10,CL210_a,cb_intrinsic,isomorphic
CL283c,8,,4,CL283_c,cb_intrinsic,isomorphic
CRE065,6,,6,CRE065,cb_intrinsic,isomorphic
DL3_lPN,1,,11,DL3_lPN,cb_intrinsic,isomorphic
ER4m,1,,11,ER4m,cb_intrinsic,isomorphic
FB4A,4,,8,FB4A_a,cb_intrinsic,isomorphic
FB5W,3,,9,FB5W_a,cb_intrinsic,isomorphic
IB084,5,,7,IB084,cb_intrinsic,isomorphic
LAL022,6,,6,LAL022,cb_intrinsic,isomorphic
LAL048,2,,10,LAL048,cb_intrinsic,isomorphic
LAL196,6,,6,LAL196,cb_intrinsic,isomorphic
LHAV1d2,2,,10,LHAV1d2,cb_intrinsic,isomorphic
LHAV2b1,4,,8,LHAV2b1,cb_intrinsic,isomorphic
LPi03,1,,11,LPi3c,ol_intrinsic,isomorphic
LTe01,6,,6,LoVP32,visual_projection,isomorphic
LTe63,6,,6,LoVP33,visual_projection,isomorphic
MTe11,6,,6,MeVP58,visual_projection,isomorphic
PLP025b,4,,8,PLP025,cb_intrinsic,isomorphic
PLP037b,4,,8,PLP037,cb_intrinsic,isomorphic
PLP089b,5,,7,PLP089,cb_intrinsic,isomorphic
PLP108,3,,9,PLP108,cb_intrinsic,isomorphic
PLP180,6,,6,PLP180,cb_intrinsic,isomorphic
PVLP007,1,,11,PVLP007,cb_intrinsic,isomorphic
PVLP060,6,,6,PVLP060,cb_intrinsic,isomorphic
SA1,3,,9,SA1_b,cb_intrinsic,isomorphic
SA2,3,,9,SA2_b,cb_intrinsic,isomorphic
SA3,4,,8,SA3,cb_intrinsic,isomorphic
SIP015,4,,8,SIP015,cb_intrinsic,isomorphic
SIP089,3,,9,SIP089,cb_intrinsic,isomorphic
SLP152,4,,8,SLP152,cb_intrinsic,isomorphic
SLP314,4,,8,SLP314,cb_intrinsic,isomorphic
SMP307,4,,8,SMP307,cb_intrinsic,isomorphic
VST1,7,,5,VST1,visual_projection,isomorphic
VST2,5,,7,VST2,visual_projection,isomorphic
WEDPN6A,4,,8,WEDPN6A,cb_intrinsic,isomorphic
cL02a,6,,6,LoVC26,visual_centrifugal,isomorphic
AN_AVLP_GNG_21,5,,6,AN10B019,ascending_neuron,isomorphic
AN_GNG_169,7,,4,ANXXX024,ascending_neuron,isomorphic
AN_GNG_190,7,,4,AN17A013,ascending_neuron,isomorphic
AVLP121,5,,6,AVLP121,cb_intrinsic,isomorphic
AVLP178,8,,3,AVLP178,cb_intrinsic,isomorphic
AVLP283,6,,5,AVLP283,cb_intrinsic,isomorphic
AVLP295,5,,6,AVLP295,cb_intrinsic,isomorphic
AVLP299_b,6,,5,AVLP299_b,cb_intrinsic,isomorphic
AVLP584,3,,8,AVLP584,cb_intrinsic,isomorphic
CB0930,5,,6,CB0930,cb_intrinsic,isomorphic
CB0975,3,,8,CB0975,cb_intrinsic,isomorphic
CB0981,5,,6,PS345,cb_intrinsic,isomorphic
CB1011,2,,9,CB1011,cb_intrinsic,isomorphic
CB1012,4,,7,CB1012,cb_intrinsic,isomorphic
CB1030,5,,6,CB1030,cb_intrinsic,isomorphic
CB1049,3,,8,PRW044,cb_intrinsic,isomorphic
CB1109,1,,10,CB1109,cb_intrinsic,isomorphic
CB1201,2,,9,CB1201,cb_intrinsic,isomorphic
CB1220,2,,9,CB1220,cb_intrinsic,isomorphic
CB1260,6,,5,CB1260,cb_intrinsic,isomorphic
CB1276,3,,8,CB1276,cb_intrinsic,isomorphic
CB1289,4,,7,CB1289,cb_intrinsic,isomorphic
CB1291,5,,6,GNG662,cb_intrinsic,isomorphic
CB1333,1,,10,CB1333,cb_intrinsic,isomorphic
CB1342,1,CNS neuron,10,PS331,cb_intrinsic,isomorphic
CB1369,5,,6,PRW037,cb_intrinsic,isomorphic
CB1417,5,,6,CB1417,cb_intrinsic,isomorphic
CB1451,4,,7,CL189,cb_intrinsic,isomorphic
CB1523,6,,5,CB1523,cb_intrinsic,isomorphic
CB1542,1,CNS neuron,10,SAD051_a,cb_intrinsic,isomorphic
CB1565,7,,4,CB1565,cb_intrinsic,isomorphic
CB1570,1,,10,CB1570,cb_intrinsic,isomorphic
CB1583,5,,6,GNG422,cb_intrinsic,isomorphic
CB1595,2,,9,CB1595,cb_intrinsic,isomorphic
CB1663,5,,6,CB1663,cb_intrinsic,isomorphic
CB1809,5,,6,CB1809,cb_intrinsic,isomorphic
CB1833,2,,9,CB1833,cb_intrinsic,isomorphic
CB1853,6,,5,CB1853,cb_intrinsic,isomorphic
CB1901,2,,9,CB1901,cb_intrinsic,isomorphic
CB1953,5,,6,"LHPV6h3,SLP276",cb_intrinsic,isomorphic
CB2131,3,,8,aIPg1,cb_intrinsic,isomorphic
CB2190,2,,9,WED040_a,cb_intrinsic,isomorphic
CB2205,7,,4,CB2205,cb_intrinsic,isomorphic
CB2214,2,,9,SIP074_b,cb_intrinsic,isomorphic
CB2216,3,,8,AOTU056,cb_intrinsic,isomorphic
CB2287,9,,2,AVLP548_g1,cb_intrinsic,isomorphic
CB2297,5,,6,SLP334,cb_intrinsic,isomorphic
CB2428,7,,4,AVLP179,cb_intrinsic,isomorphic
CB2708,3,,8,IB054,cb_intrinsic,isomorphic
CB2757,4,,7,LHAV4g7_b,cb_intrinsic,isomorphic
CB2778,6,,5,WEDPN18,cb_intrinsic,isomorphic
CB2820,5,,6,GNG380,cb_intrinsic,isomorphic
CB2834,5,,6,WED030_a,cb_intrinsic,isomorphic
CB2892,3,,8,CB2892,cb_intrinsic,isomorphic
CB3029,1,,10,AVLP387,cb_intrinsic,isomorphic
CB3127,3,,8,AOTU001,cb_intrinsic,isomorphic
CB3248,5,,6,LHPV6h1_b,cb_intrinsic,isomorphic
CB3322,7,,4,CB3322,cb_intrinsic,isomorphic
CB3366,1,,10,AVLP385,cb_intrinsic,isomorphic
CB3417,1,,10,CB3417,cb_intrinsic,isomorphic
CB3768,4,,7,CB3768,cb_intrinsic,isomorphic
CB3860,7,,4,SMP321_a,cb_intrinsic,isomorphic
CL086_c,2,,9,CL086_c,cb_intrinsic,isomorphic
CL171,4,,7,CL171,cb_intrinsic,isomorphic
CL268,5,,6,CL268,cb_intrinsic,isomorphic
CL269,4,,7,CL269,cb_intrinsic,isomorphic
CRE016,5,,6,CRE016,cb_intrinsic,isomorphic
CRE103b,5,,6,CRE103,cb_intrinsic,isomorphic
DL2d_adPN,2,,9,DL2d_adPN,cb_intrinsic,isomorphic
DL2v_adPN,3,,8,DL2v_adPN,cb_intrinsic,isomorphic
DNg01,2,CNS neuron,9,DNg01_a,descending_neuron,isomorphic
DNge020,3,CNS neuron,8,DNge020,descending_neuron,isomorphic
FB7A,5,,6,FB7A,cb_intrinsic,isomorphic
FB7E,5,,6,FB7E,cb_intrinsic,isomorphic
FB8F_a,4,,7,FB8F_a,cb_intrinsic,isomorphic
FB8F_b,2,,9,FB8F_b,cb_intrinsic,isomorphic
FB8I,5,,6,FB8I,cb_intrinsic,isomorphic
LAL043a,5,,6,LAL043_a,cb_intrinsic,isomorphic
LHAV7a3,3,,8,LHAV7a3,cb_intrinsic,isomorphic
LHPD4b1a,3,,8,LHPD4b1,cb_intrinsic,isomorphic
LHPV2e1_a,5,,6,LHPV2e1_a,cb_intrinsic,isomorphic
LHPV5d1,3,,8,LHPV5d1,cb_intrinsic,isomorphic
MC65,5,,6,MeVP62,visual_projection,isomorphic
M_vPNml53,3,,8,M_vPNml53,cb_intrinsic,isomorphic
PLP160,4,,7,PLP160,cb_intrinsic,isomorphic
PS192,7,,4,PS192,cb_intrinsic,isomorphic
PS194,5,,6,PS194,cb_intrinsic,isomorphic
PVLP088,4,,7,PVLP088,cb_intrinsic,isomorphic
PVLP092,5,,6,PVLP092,cb_intrinsic,isomorphic
PVLP099,3,,8,PVLP099,cb_intrinsic,isomorphic
PVLP103,4,,7,PVLP103,cb_intrinsic,isomorphic
SIP027,4,,7,SIP027,cb_intrinsic,isomorphic
SLP160,2,,9,SLP160,cb_intrinsic,isomorphic
SLP312,5,,6,SLP312,cb_intrinsic,isomorphic
SMP006,2,,9,SMP006,cb_intrinsic,isomorphic
SMP008,2,,9,SMP008,cb_intrinsic,isomorphic
SMP262,5,,6,SMP262,cb_intrinsic,isomorphic
SMP408_d,1,,10,SMP408_d,cb_intrinsic,isomorphic
SMP429,5,,6,SMP429,cb_intrinsic,isomorphic
SMP578,5,,6,SMP578,cb_intrinsic,isomorphic
TRN_VP2,4,sensory neuron,7,TRN_VP2,cb_sensory,isomorphic
WED023,5,,6,WED023,cb_intrinsic,isomorphic
WED095,3,,8,WED095,cb_intrinsic,isomorphic
aMe26,5,,6,aMe26,visual_projection,isomorphic
cL02c,4,,7,LoVC29,visual_centrifugal,isomorphic
cL18,5,,6,LoVC15,visual_centrifugal,isomorphic
cM08c,5,,6,MeVC20,visual_centrifugal,isomorphic
hDeltaE,3,,8,hDeltaE,cb_intrinsic,isomorphic
hDeltaG,3,,8,hDeltaG,cb_intrinsic,isomorphic
AN_AVLP_SAD_5,7,,3,AN10B045,ascending_neuron,isomorphic
AOTU015,2,,8,AOTU015,cb_intrinsic,isomorphic
AOTU062,4,,6,AOTU062,cb_intrinsic,isomorphic
AVLP039,4,,6,AVLP039,cb_intrinsic,isomorphic
AVLP049,3,,7,AVLP049,cb_intrinsic,isomorphic
AVLP050,3,,7,AVLP050,cb_intrinsic,isomorphic
AVLP224_a,4,,6,AVLP224_a,cb_intrinsic,isomorphic
AVLP230,4,,6,AVLP230,cb_intrinsic,isomorphic
AVLP309b,4,,6,AVLP309,cb_intrinsic,isomorphic
AVLP347,6,,4,AVLP347,cb_intrinsic,isomorphic
AVLP394,4,,6,AVLP394,cb_intrinsic,isomorphic
AVLP523,4,,6,AVLP523,cb_intrinsic,isomorphic
AVLP558,4,,6,AVLP558,cb_intrinsic,isomorphic
CB.FB5D3,2,,8,FB5G_a,cb_intrinsic,isomorphic
CB.FB8E1,2,,8,FB8H,cb_intrinsic,isomorphic
CB0361,3,,7,AOTU004,cb_intrinsic,isomorphic
CB0732,2,,8,PVLP098,cb_intrinsic,isomorphic
CB0744,5,,5,CB0744,cb_intrinsic,isomorphic
CB0973,2,,8,CB0973,cb_intrinsic,isomorphic
CB1063,4,,6,CRE037,cb_intrinsic,isomorphic
CB1149,3,,7,CB1149,cb_intrinsic,isomorphic
CB1155,4,,6,SLP179_a,cb_intrinsic,isomorphic
CB1163,2,,8,SMP174,cb_intrinsic,isomorphic
CB1305,1,,9,LHAV2k5,cb_intrinsic,isomorphic
CB1306,6,,4,SLP094_b,cb_intrinsic,isomorphic
CB1435,5,,5,PS335,cb_intrinsic,isomorphic
CB1437,4,,6,LHAV2k1,cb_intrinsic,isomorphic
CB1458,4,,6,CB1458,cb_intrinsic,isomorphic
CB1475,6,,4,GNG429,cb_intrinsic,isomorphic
CB1488,5,,5,GNG320,cb_intrinsic,isomorphic
CB1498,3,,7,AVLP452,cb_intrinsic,isomorphic
CB1605,6,,4,AVLP401,cb_intrinsic,isomorphic
CB1613,6,,4,CB1613,cb_intrinsic,isomorphic
CB1622,5,,5,SAD078,cb_intrinsic,isomorphic
CB1628,4,,6,CB1628,cb_intrinsic,isomorphic
CB1781,2,,8,SMP243,cb_intrinsic,isomorphic
CB1822,4,,6,GNG412,cb_intrinsic,isomorphic
CB1836,1,,9,CB1836,cb_intrinsic,isomorphic
CB1843,6,,4,LHAV2b5,cb_intrinsic,isomorphic
CB1888,4,,6,CL274,cb_intrinsic,isomorphic
CB1909,2,,8,CB1909,cb_intrinsic,isomorphic
CB1939,1,,9,LHPD3a4_c,cb_intrinsic,isomorphic
CB1979,4,,6,SLP040,cb_intrinsic,isomorphic
CB2000,5,,5,CB2000,cb_intrinsic,isomorphic
CB2002,4,,6,LAL061,cb_intrinsic,isomorphic
CB2036,2,,8,SLP187,cb_intrinsic,isomorphic
CB2079,4,,6,LHPV5j1,cb_intrinsic,isomorphic
CB2149,2,,8,AMMC002,cb_intrinsic,isomorphic
CB2198,2,,8,GNG402,cb_intrinsic,isomorphic
CB2285,2,,8,CB2285,cb_intrinsic,isomorphic
CB2302,5,,5,CB2302,cb_intrinsic,isomorphic
CB2313,6,,4,AMMC016,cb_intrinsic,isomorphic
CB2456,4,,6,GNG395,cb_intrinsic,isomorphic
CB2501,4,,6,CB2501,cb_intrinsic,isomorphic
CB2517,2,,8,SLP414,cb_intrinsic,isomorphic
CB2545,6,,4,WED047,cb_intrinsic,isomorphic
CB2552,6,,4,LHAD3f1_b,cb_intrinsic,isomorphic
CB2567,2,,8,VES037,cb_intrinsic,isomorphic
CB2582,4,,6,PS110,cb_intrinsic,isomorphic
CB2592,3,,7,CB2592,cb_intrinsic,isomorphic
CB2707,3,,7,LHPV4a5,cb_intrinsic,isomorphic
CB2777,6,,4,AVLP166,cb_intrinsic,isomorphic
CB2817,4,,6,SMP581,cb_intrinsic,isomorphic
CB2831,3,,7,CB2831,cb_intrinsic,isomorphic
CB2876,4,,6,CB2876,cb_intrinsic,isomorphic
CB2957,4,,6,WED030_a,cb_intrinsic,isomorphic
CB2968,5,,5,PRW024,cb_intrinsic,isomorphic
CB2993,8,,2,CB2993,cb_intrinsic,isomorphic
CB2995,5,,5,CB2995,cb_intrinsic,isomorphic
CB3024,2,,8,CB3024,cb_intrinsic,isomorphic
CB3054,4,,6,SLP322,cb_intrinsic,isomorphic
CB3105,5,,5,SAD104,cb_intrinsic,isomorphic
CB3143,6,,4,CB3143,cb_intrinsic,isomorphic
CB3153,7,,3,GNG372,cb_intrinsic,isomorphic
CB3245,4,glia,6,CB3245,cb_intrinsic,isomorphic
CB3261,2,,8,CB3261,cb_intrinsic,isomorphic
CB3308,2,,8,CB3308,cb_intrinsic,isomorphic
CB3383,1,,9,VM6_lvPN,cb_intrinsic,isomorphic
CB3385,7,,3,GNG363,cb_intrinsic,isomorphic
CB3425,6,,4,AVLP354,cb_intrinsic,isomorphic
CB3449,4,,6,SMP219,cb_intrinsic,isomorphic
CB3486,4,CNS neuron,6,WED207,cb_intrinsic,isomorphic
CB3503,4,,6,CB3503,cb_intrinsic,isomorphic
CB3508,4,,6,SMP223,cb_intrinsic,isomorphic
CB3539,5,,5,CB3539,cb_intrinsic,isomorphic
CB3623,2,,8,VP2+Z_lvPN,cb_intrinsic,isomorphic
CB3794,4,,6,PS337,cb_intrinsic,isomorphic
CEM,4,,6,CEM,cb_motor,isomorphic
CL023,4,,6,CL023,cb_intrinsic,isomorphic
CL128c,4,,6,CL128_b,cb_intrinsic,isomorphic
CL170,4,,6,CL170,cb_intrinsic,isomorphic
CL253,6,,4,CL253,cb_intrinsic,isomorphic
CL254,4,,6,CL254,cb_intrinsic,isomorphic
CL272_b,6,,4,CL272_b1,cb_intrinsic,isomorphic
CRE027,6,,4,CRE027,cb_intrinsic,isomorphic
CRE056,1,,9,CRE056,cb_intrinsic,isomorphic
CRE095b,5,,5,CRE095,cb_intrinsic,isomorphic
DNp16,6,CNS neuron,4,DNp16_a,descending_neuron,isomorphic
FB2M,4,,6,FB2M_a,cb_intrinsic,isomorphic
FB4D,4,,6,FB4D_a,cb_intrinsic,isomorphic
FB7K,6,,4,FB7K,cb_intrinsic,isomorphic
LAL030a,8,,2,LAL030_b,cb_intrinsic,isomorphic
LAL089,4,,6,LAL089,cb_intrinsic,isomorphic
LC44,5,,5,LC44,visual_projection,isomorphic
LHAV4b1,5,,5,LHAV4b1,cb_intrinsic,isomorphic
LHPD4a1,2,,8,LHPD4a1,cb_intrinsic,isomorphic
LT74,4,,6,LT74,visual_projection,isomorphic
LT77,4,,6,LT77,visual_projection,isomorphic
MTe12,4,,6,MeVP21,visual_projection,isomorphic
PLP028,2,,8,PLP028,cb_intrinsic,isomorphic
PLP042b,2,,8,PLP042_c,cb_intrinsic,isomorphic
PLP099,3,,7,PLP099,cb_intrinsic,isomorphic
PS188,3,,7,PS188,cb_intrinsic,isomorphic
PS221,2,,8,PS221,cb_intrinsic,isomorphic
PVLP033,1,,9,PVLP033,cb_intrinsic,isomorphic
PVLP105,5,,5,PVLP105,cb_intrinsic,isomorphic
PVLP113,3,,7,PVLP113,cb_intrinsic,isomorphic
SAD021_a,4,,6,SAD021_a,cb_intrinsic,isomorphic
SAD047,3,,7,SAD047,cb_intrinsic,isomorphic
SIP003_b,4,,6,SIP003_b,cb_intrinsic,isomorphic
SLP128,4,,6,SLP128,cb_intrinsic,isomorphic
SLP222,6,,4,SLP222,cb_intrinsic,isomorphic
SLP240_a,5,,5,SLP240_a,cb_intrinsic,isomorphic
SLP290,4,,6,SLP290,cb_intrinsic,isomorphic
SMP091,4,,6,SMP091,cb_intrinsic,isomorphic
SMP172,5,,5,SMP172,cb_intrinsic,isomorphic
SMP229,1,,9,SMP229,cb_intrinsic,isomorphic
SMP248b,2,,8,SMP248_c,cb_intrinsic,isomorphic
TRN_VP3a,4,sensory neuron,6,TRN_VP3a,cb_sensory,isomorphic
VES020,4,,6,VES020,cb_intrinsic,isomorphic
VP1l+_lvPN,1,,9,VP1l+_lvPN,cb_intrinsic,isomorphic
WED012,5,,5,WED012,cb_intrinsic,isomorphic
WED025,4,,6,WED025,cb_intrinsic,isomorphic
WED100,4,,6,WED100,cb_intrinsic,isomorphic
WED101,5,,5,WED101,cb_intrinsic,isomorphic
WED114,4,,6,WED114,cb_intrinsic,isomorphic
WED168,2,,8,WED168,cb_intrinsic,isomorphic
hDeltaM,2,,8,hDeltaM,cb_intrinsic,isomorphic
AOTU053,6,,3,AOTU053,cb_intrinsic,isomorphic
AOTU058,1,,8,AOTU058,cb_intrinsic,isomorphic
AOTU061,2,,7,AOTU061,cb_intrinsic,isomorphic
AVLP047,3,,6,AVLP047,cb_intrinsic,isomorphic
AVLP109,3,,6,AVLP109,cb_intrinsic,isomorphic
AVLP136,5,,4,AVLP136,cb_intrinsic,isomorphic
AVLP189_a,5,,4,AVLP189_a,cb_intrinsic,isomorphic
AVLP229,3,,6,AVLP229,cb_intrinsic,isomorphic
AVLP294,5,,4,AVLP294,cb_intrinsic,isomorphic
AVLP298,6,,3,AVLP298,cb_intrinsic,isomorphic
AVLP300_b,3,,6,AVLP300_b,cb_intrinsic,isomorphic
AVLP312b,5,,4,AVLP312,cb_intrinsic,isomorphic
AVLP465a,3,,6,AVLP465,cb_intrinsic,isomorphic
CB.FBTI1,1,,8,SAF,cb_intrinsic,isomorphic
CB0947,2,,7,CB0947,cb_intrinsic,isomorphic
CB0952,1,,8,LHPV3a3_b,cb_intrinsic,isomorphic
CB0982,5,sensory neuron,4,CB0982,cb_intrinsic,isomorphic
CB1013,1,,8,v2LN34D,cb_intrinsic,isomorphic
CB1024,1,,8,CB1024,cb_intrinsic,isomorphic
CB1032,2,,7,"SLP283,SLP284",cb_intrinsic,isomorphic
CB1048,1,,8,CB1048,cb_intrinsic,isomorphic
CB1076,1,,8,CB1076,cb_intrinsic,isomorphic
CB1100,2,,7,LHAV2h1,cb_intrinsic,isomorphic
CB1131,4,,5,CB1131,cb_intrinsic,isomorphic
CB1134,3,,6,LHPD4a2,cb_intrinsic,isomorphic
CB1183,5,,4,LHAV2c1,cb_intrinsic,isomorphic
CB1202,5,,4,CB1202,cb_intrinsic,isomorphic
CB1229,4,,5,GNG444,cb_intrinsic,isomorphic
CB1236,4,,5,AVLP176_d,cb_intrinsic,isomorphic
CB1246,2,,7,CB1246,cb_intrinsic,isomorphic
CB1253,1,,8,SMP740,cb_intrinsic,isomorphic
CB1264,3,,6,GNG442,cb_intrinsic,isomorphic
CB1296,2,,7,CB1296_a,cb_intrinsic,isomorphic
CB1318,1,,8,SLP088_a,cb_intrinsic,isomorphic
CB1345,1,,8,SMP739,cb_intrinsic,isomorphic
CB1363,3,,6,LHPV2b3,cb_intrinsic,isomorphic
CB1368,5,,4,CB1368,cb_intrinsic,isomorphic
CB1397,1,,8,GNG438,cb_intrinsic,isomorphic
CB1419,5,,4,CB1419,cb_intrinsic,isomorphic
CB1420,5,,4,CL049,cb_intrinsic,isomorphic
CB1504,4,,5,CB1504,cb_intrinsic,isomorphic
CB1511,1,,8,LHPV4c1_b,cb_intrinsic,isomorphic
CB1515,1,,8,LHPV4b4,cb_intrinsic,isomorphic
CB1544,1,,8,PVLP048,cb_intrinsic,isomorphic
CB1569,7,,2,AVLP318,cb_intrinsic,isomorphic
CB1591,2,,7,CRE003_a,cb_intrinsic,isomorphic
CB1637,3,,6,SLP038,cb_intrinsic,isomorphic
CB1646,4,,5,LHPV4g2,cb_intrinsic,isomorphic
CB1660,3,,6,AVLP485,cb_intrinsic,isomorphic
CB1662,4,,5,GNG634,cb_intrinsic,isomorphic
CB1664,3,,6,LHAV4b4,cb_intrinsic,isomorphic
CB1665,5,,4,LHAV3b1,cb_intrinsic,isomorphic
CB1696,1,,8,SLP217,cb_intrinsic,isomorphic
CB1701,2,,7,CB1701,cb_intrinsic,isomorphic
CB1708,5,,4,GNG613,cb_intrinsic,isomorphic
CB1735,3,,6,CB1735,cb_intrinsic,isomorphic
CB1804,5,,4,CB1804,cb_intrinsic,isomorphic
CB1818,5,,4,CB1818,cb_intrinsic,isomorphic
CB1838,1,,8,CB1838,cb_intrinsic,isomorphic
CB1871,1,,8,CB1871,cb_intrinsic,isomorphic
CB1885,2,,7,CB1885,cb_intrinsic,isomorphic
CB1903,6,,3,CB1903,cb_intrinsic,isomorphic
CB1975,1,,8,CB1975,cb_intrinsic,isomorphic
CB2008,3,,6,AVLP410,cb_intrinsic,isomorphic
CB2100,3,,6,AVLP329,cb_intrinsic,isomorphic
CB2105,5,,4,CB2105,cb_intrinsic,isomorphic
CB2135,3,,6,LHPV4i1,cb_intrinsic,isomorphic
CB2139,4,,5,WED204,cb_intrinsic,isomorphic
CB2202,3,,6,AVLP353,cb_intrinsic,isomorphic
CB2203,4,,5,WED030_b,cb_intrinsic,isomorphic
CB2208,1,,8,CB2208,cb_intrinsic,isomorphic
CB2244,4,,5,LHPD2c6,cb_intrinsic,isomorphic
CB2251,4,,5,CB2251,cb_intrinsic,isomorphic
CB2269,4,,5,CB2269,cb_intrinsic,isomorphic
CB2309,5,,4,CB2309,cb_intrinsic,isomorphic
CB2341,4,,5,LAL136_a,cb_intrinsic,isomorphic
CB2404,2,,7,CB2404,cb_intrinsic,isomorphic
CB2415,7,,2,GNG659,cb_intrinsic,isomorphic
CB2460,4,,5,LAL060_b,cb_intrinsic,isomorphic
CB2461,4,,5,GNG657,cb_intrinsic,isomorphic
CB2463,5,,4,CB2463,cb_intrinsic,isomorphic
CB2476,3,,6,LHAV5a6_b,cb_intrinsic,isomorphic
CB2480,3,,6,CB2480,cb_intrinsic,isomorphic
CB2494,3,,6,CB2494,cb_intrinsic,isomorphic
CB2512,7,,2,CB2512,cb_intrinsic,isomorphic
CB2523,6,,3,CB2523,cb_intrinsic,isomorphic
CB2532,1,,8,SLP112,cb_intrinsic,isomorphic
CB2534,1,,8,LHAV2c1,cb_intrinsic,isomorphic
CB2574,2,,7,AVLP225_b2,cb_intrinsic,isomorphic
CB2600,3,,6,CB2600,cb_intrinsic,isomorphic
CB2639,4,,5,AVLP002,cb_intrinsic,isomorphic
CB2642,2,,7,CB2642,cb_intrinsic,isomorphic
CB2684,4,,5,AVLP401,cb_intrinsic,isomorphic
CB2750,3,,6,LHAV4e2_b2,cb_intrinsic,isomorphic
CB2823,1,,8,CB2823,cb_intrinsic,isomorphic
CB2920,4,,5,CB2920,cb_intrinsic,isomorphic
CB2950,1,,8,CB2950,cb_intrinsic,isomorphic
CB2962,2,,7,GNG379,cb_intrinsic,isomorphic
CB2966,5,,4,CB2966,cb_intrinsic,isomorphic
CB3004,5,,4,GNG377,cb_intrinsic,isomorphic
CB3005,2,,7,CB3005,cb_intrinsic,isomorphic
CB3017,1,,8,SMP468,cb_intrinsic,isomorphic
CB3104,3,,6,CB3104,cb_intrinsic,isomorphic
CB3121,3,,6,CB3121,cb_intrinsic,isomorphic
CB3122,5,,4,AVLP115,cb_intrinsic,isomorphic
CB3150,3,,6,GNG338,cb_intrinsic,isomorphic
CB3252,2,,7,CB3252,cb_intrinsic,isomorphic
CB3337,4,,5,AVLP231,cb_intrinsic,isomorphic
CB3439,3,,6,CB3439,cb_intrinsic,isomorphic
CB3464,1,,8,CB3464,cb_intrinsic,isomorphic
CB3579,7,,2,AVLP110_b,cb_intrinsic,isomorphic
CB3743,3,,6,CB3743,cb_intrinsic,isomorphic
CB3765,1,,8,SMP232,cb_intrinsic,isomorphic
CL005,6,,3,CL005,cb_intrinsic,isomorphic
CL006,5,,4,CL006,cb_intrinsic,isomorphic
CL042,5,,4,CL042,cb_intrinsic,isomorphic
CL118,4,,5,CL118,cb_intrinsic,isomorphic
CL152,5,,4,CL152,cb_intrinsic,isomorphic
CL172,4,,5,CL172,cb_intrinsic,isomorphic
CRE081,3,,6,CRE081,cb_intrinsic,isomorphic
DNg92_b,5,CNS neuron,4,DNg92_b,descending_neuron,isomorphic
DNge024,2,CNS neuron,7,DNge024,descending_neuron,isomorphic
DNge089,3,CNS neuron,6,DNge089,descending_neuron,isomorphic
DNge115,1,CNS neuron,8,DNge115,descending_neuron,isomorphic
DNge116,5,CNS neuron,4,DNge116,descending_neuron,isomorphic
FB4O,3,,6,FB4O,cb_intrinsic,isomorphic
FB4Q_b,4,,5,FB4Q_c,cb_intrinsic,isomorphic
FB5X,3,,6,FB5X,cb_intrinsic,isomorphic
FB5Z,5,,4,FB5Z,cb_intrinsic,isomorphic
FB7D,1,,8,FB7D_a,cb_intrinsic,isomorphic
JO-DA,4,sensory neuron,5,JO-DA,cb_sensory,isomorphic
LAL030d,3,,6,LAL030_b,cb_intrinsic,isomorphic
LAL037,5,,4,LAL037,cb_intrinsic,isomorphic
LAL086,5,,4,LAL086,cb_intrinsic,isomorphic
LAL150a,3,,6,LAL150,cb_intrinsic,isomorphic
LB1b,3,sensory neuron,6,LB1b,cb_sensory,isomorphic
LHAD1b1_b,1,,8,LHAD1b1_b,cb_intrinsic,isomorphic
LHAV1a1,1,,8,LHAV1a1,cb_intrinsic,isomorphic
LHAV7a5,3,,6,LHAV7a5,cb_intrinsic,isomorphic
LHAV7a7,3,,6,LHAV7a7,cb_intrinsic,isomorphic
LHAV9a1_b,3,,6,LHAV9a1_b,cb_intrinsic,isomorphic
LHPV2d1,5,,4,LHPV2d1,cb_intrinsic,isomorphic
LHPV4b3,2,,7,LHPV4b3,cb_intrinsic,isomorphic
LHPV4c4,5,,4,LHPV4c4,cb_intrinsic,isomorphic
LHPV5b6,3,,6,LHPV5b6,cb_intrinsic,isomorphic
LHPV5g1_b,2,,7,LHPV5g1_b,cb_intrinsic,isomorphic
LNd_c,3,,6,LNd_c,cb_intrinsic,isomorphic
LT38,4,,5,LoVC17,visual_centrifugal,isomorphic
LTe03,4,,5,LoVP89,visual_projection,isomorphic
LTe38b,4,,5,LoVP75,visual_projection,isomorphic
Li26,1,,8,Li29,ol_intrinsic,isomorphic
MB-C1,4,,5,MB-C1,cb_intrinsic,isomorphic
MTe13,3,,6,MeVP18,visual_projection,isomorphic
M_vPNml84,1,,8,M_vPNml84,cb_intrinsic,isomorphic
PLP106,3,,6,PLP106,cb_intrinsic,isomorphic
PLP115_a,5,,4,PLP115_a,cb_intrinsic,isomorphic
PLP165,4,,5,PLP165,cb_intrinsic,isomorphic
PS005_a,1,,8,PS005_a,cb_intrinsic,isomorphic
PS038a,3,,6,PS038,cb_intrinsic,isomorphic
PS078,3,CNS neuron,6,PS078,cb_intrinsic,isomorphic
PS118,3,,6,PS118,cb_intrinsic,isomorphic
PVLP028,5,,4,PVLP028,cb_intrinsic,isomorphic
SAD030,2,,7,SAD030,cb_intrinsic,isomorphic
SLP024a,2,,7,SLP024,cb_intrinsic,isomorphic
SLP102,1,,8,SLP102,cb_intrinsic,isomorphic
SLP103,1,,8,SLP103,cb_intrinsic,isomorphic
SLP158,3,,6,SLP158,cb_intrinsic,isomorphic
SLP223,6,,3,SLP223,cb_intrinsic,isomorphic
SLP246,4,,5,SLP246,cb_intrinsic,isomorphic
SLP450,3,,6,SLP450,cb_intrinsic,isomorphic
SMP016_b,1,,8,SMP016_b,cb_intrinsic,isomorphic
SMP057,5,,4,SMP057,cb_intrinsic,isomorphic
SMP065,5,,4,SMP065,cb_intrinsic,isomorphic
SMP068,5,,4,SMP068,cb_intrinsic,isomorphic
SMP210,2,,7,SMP210,cb_intrinsic,isomorphic
SMP567,5,,4,SMP567,cb_intrinsic,isomorphic
VA1v_adPN,1,,8,VA1v_adPN,cb_intrinsic,isomorphic
VA7m_lPN,3,,6,VA7m_lPN,cb_intrinsic,isomorphic
VM7d_adPN,2,,7,VM7d_adPN,cb_intrinsic,isomorphic
VSm,5,,4,VSm,visual_projection,isomorphic
WED096a,5,,4,WED096,cb_intrinsic,isomorphic
WED164a,2,,7,WED164,cb_intrinsic,isomorphic
aMe10,6,,3,aMe10,visual_projection,isomorphic
cM03,3,,6,MeVC27,visual_centrifugal,isomorphic
s-LNv_b,1,,8,s-LNv,visual_projection,isomorphic
v2LN46b,2,,7,v2LN46,cb_intrinsic,isomorphic
5-HTPLP01,4,,4,5-HTPLP01,cb_intrinsic,isomorphic
ALIN1,4,,4,ALIN1,cb_intrinsic,isomorphic
AN_AVLP_29,6,,2,AN08B018,ascending_neuron,isomorphic
AN_AVLP_48,1,,7,AN10B048,ascending_neuron,isomorphic
AN_GNG_127,6,,2,AN12B076,ascending_neuron,isomorphic
AN_GNG_134,2,,6,AN17A024,ascending_neuron,isomorphic
AN_GNG_142,2,,6,AN07B110,ascending_neuron,isomorphic
AN_GNG_149,2,,6,AN08B099_a,ascending_neuron,isomorphic
AN_GNG_167,6,,2,AN09B030,ascending_neuron,isomorphic
AN_GNG_186,2,,6,AN04A001,ascending_neuron,isomorphic
AN_GNG_188,2,,6,AN12B060,ascending_neuron,isomorphic
AN_GNG_22,4,,4,ANXXX049,ascending_neuron,isomorphic
AN_GNG_SAD_33,2,,6,AN01B005,ascending_neuron,isomorphic
AN_GNG_VES_4,3,,5,ANXXX145,ascending_neuron,isomorphic
AN_multi_117,4,,4,AN09B033,ascending_neuron,isomorphic
AN_multi_41,6,,2,AN06B012,ascending_neuron,isomorphic
AOTU020,4,,4,AOTU020,cb_intrinsic,isomorphic
AOTU037,3,,5,AOTU037,cb_intrinsic,isomorphic
AVLP046,4,,4,AVLP046,cb_intrinsic,isomorphic
AVLP089,4,,4,AVLP089,cb_intrinsic,isomorphic
AVLP099,4,,4,AVLP099,cb_intrinsic,isomorphic
AVLP116,4,,4,AVLP116,cb_intrinsic,isomorphic
AVLP120,3,CNS neuron,5,AVLP120,cb_intrinsic,isomorphic
AVLP186,4,,4,AVLP186,cb_intrinsic,isomorphic
AVLP195,4,,4,AVLP195,cb_intrinsic,isomorphic
AVLP219b,4,,4,AVLP219_b,cb_intrinsic,isomorphic
AVLP243,4,,4,AVLP243,cb_intrinsic,isomorphic
AVLP244,2,,6,AVLP244,cb_intrinsic,isomorphic
AVLP299_a,3,,5,AVLP299_c,cb_intrinsic,isomorphic
AVLP305,4,,4,AVLP305,cb_intrinsic,isomorphic
AVLP390,4,,4,AVLP390,cb_intrinsic,isomorphic
AVLP423,1,,7,AVLP423,cb_intrinsic,isomorphic
AVLP444,4,,4,AVLP444,cb_intrinsic,isomorphic
AVLP462a,3,,5,AVLP462,cb_intrinsic,isomorphic
AVLP465b,2,,6,AVLP465,cb_intrinsic,isomorphic
AVLP490,4,,4,AVLP490,cb_intrinsic,isomorphic
AVLP492,4,,4,AVLP492,cb_intrinsic,isomorphic
AVLP496b,4,,4,AVLP496,cb_intrinsic,isomorphic
AVLP548_f,4,,4,AVLP548_f1,cb_intrinsic,isomorphic
AVLP566,4,,4,AVLP566,cb_intrinsic,isomorphic
CB.FB1E0,2,,6,FB1E_a,cb_intrinsic,isomorphic
CB0115,2,,6,CB0115,cb_intrinsic,isomorphic
CB0731,4,,4,GNG474,cb_intrinsic,isomorphic
CB0751,4,,4,CB0751,cb_intrinsic,isomorphic
CB0766,4,,4,PVLP071,cb_intrinsic,isomorphic
CB0784,4,,4,PS336,cb_intrinsic,isomorphic
CB0800,5,,3,CB0800,cb_intrinsic,isomorphic
CB0806,4,,4,GNG180,cb_intrinsic,isomorphic
CB0854,4,,4,GNG461,cb_intrinsic,isomorphic
CB0950,2,,6,SMP132,cb_intrinsic,isomorphic
CB0983,4,,4,PS351,cb_intrinsic,isomorphic
CB0987,4,,4,PS326,cb_intrinsic,isomorphic
CB0991,4,glia,4,PRW075,cb_intrinsic,isomorphic
CB1017,4,,4,CB1017,cb_intrinsic,isomorphic
CB1090,3,,5,aSP10A_b,cb_intrinsic,isomorphic
CB1095,3,,5,PRW043,cb_intrinsic,isomorphic
CB1140,5,,3,CB1140,cb_intrinsic,isomorphic
CB1171,1,,7,CB1171,cb_intrinsic,isomorphic
CB1193,5,,3,AVLP415,cb_intrinsic,isomorphic
CB1206,2,,6,CB1206,cb_intrinsic,isomorphic
CB1212,1,,7,CB1212,cb_intrinsic,isomorphic
CB1214,4,,4,SMP267,cb_intrinsic,isomorphic
CB1238,4,,4,CB1238,cb_intrinsic,isomorphic
CB1252,3,,5,CB1252,cb_intrinsic,isomorphic
CB1350,4,,4,AMMC014,cb_intrinsic,isomorphic
CB1406,2,,6,CB1406,cb_intrinsic,isomorphic
CB1412,4,,4,CB1412,cb_intrinsic,isomorphic
CB1431,4,,4,GNG434,cb_intrinsic,isomorphic
CB1444,4,,4,CL365,cb_intrinsic,isomorphic
CB1447,2,,6,CB1447,cb_intrinsic,isomorphic
CB1476,2,,6,AVLP611,cb_intrinsic,isomorphic
CB1516,5,,3,CL351,cb_intrinsic,isomorphic
CB1553,6,,2,CRE003_b,cb_intrinsic,isomorphic
CB1582,4,,4,GNG423,cb_intrinsic,isomorphic
CB1610,2,,6,CB1610,cb_intrinsic,isomorphic
CB1641,3,,5,CB1641,cb_intrinsic,isomorphic
CB1737,1,,7,LHPV6a9_b,cb_intrinsic,isomorphic
CB1739,4,,4,LHAV5a9_a,cb_intrinsic,isomorphic
CB1753,4,,4,LHAV1f1,cb_intrinsic,isomorphic
CB1770,4,,4,SMP216,cb_intrinsic,isomorphic
CB1775,3,,5,SMP590_b,cb_intrinsic,isomorphic
CB1780,4,,4,AVLP124,cb_intrinsic,isomorphic
CB1823,3,,5,CB1823,cb_intrinsic,isomorphic
CB1834,4,,4,CB1834,cb_intrinsic,isomorphic
CB1844,2,,6,CB1844,cb_intrinsic,isomorphic
CB1845,3,,5,GNG411,cb_intrinsic,isomorphic
CB1846,2,,6,CB1846,cb_intrinsic,isomorphic
CB1858,2,,6,SMP299,cb_intrinsic,isomorphic
CB1884,1,,7,CB1884,cb_intrinsic,isomorphic
CB1889,4,,4,AVLP137,cb_intrinsic,isomorphic
CB1890,2,,6,PS270,cb_intrinsic,isomorphic
CB1908,2,,6,CB1908,cb_intrinsic,isomorphic
CB1956,2,,6,CB1956,cb_intrinsic,isomorphic
CB1958,4,,4,CB1958,cb_intrinsic,isomorphic
CB2022,4,,4,LHPV4c1_c,cb_intrinsic,isomorphic
CB2025,4,,4,CRE092,cb_intrinsic,isomorphic
CB2035,2,,6,CB2035,cb_intrinsic,isomorphic
CB2045,4,,4,CB2045,cb_intrinsic,isomorphic
CB2053,5,,3,CB2053,cb_intrinsic,isomorphic
CB2067,3,,5,AMMC022,cb_intrinsic,isomorphic
CB2075,1,,7,SMP380,cb_intrinsic,isomorphic
CB2084,4,,4,CB2084,cb_intrinsic,isomorphic
CB2087,4,,4,CB2087,cb_intrinsic,isomorphic
CB2106,1,,7,SLP082,cb_intrinsic,isomorphic
CB2116,1,,7,CB2116,cb_intrinsic,isomorphic
CB2122,4,,4,SLP461,cb_intrinsic,isomorphic
CB2133,2,,6,CB2133,cb_intrinsic,isomorphic
CB2152,4,,4,CB2152,cb_intrinsic,isomorphic
CB2180,3,,5,LHAV2c1,cb_intrinsic,isomorphic
CB2194,5,,3,CB2194,cb_intrinsic,isomorphic
CB2196,2,,6,CB2196,cb_intrinsic,isomorphic
CB2228,3,,5,CB2228,cb_intrinsic,isomorphic
CB2232,6,,2,CB2232,cb_intrinsic,isomorphic
CB2278,2,,6,PVLP034,cb_intrinsic,isomorphic
CB2294,4,,4,CB2294,cb_intrinsic,isomorphic
CB2298,3,,5,CB2298,cb_intrinsic,isomorphic
CB2396,3,,5,CB2396,cb_intrinsic,isomorphic
CB2398,1,,7,CB2398,cb_intrinsic,isomorphic
CB2419,3,,5,LHAV3e5,cb_intrinsic,isomorphic
CB2443,2,,6,SLP316,cb_intrinsic,isomorphic
CB2458,5,,3,CB2458,cb_intrinsic,isomorphic
CB2467,1,,7,CB2467,cb_intrinsic,isomorphic
CB2522,3,,5,CB2522,cb_intrinsic,isomorphic
CB2541,2,,6,SLP176,cb_intrinsic,isomorphic
CB2588,2,,6,PRW025,cb_intrinsic,isomorphic
CB2643,1,,7,SMP734,cb_intrinsic,isomorphic
CB2666,2,,6,PS285,cb_intrinsic,isomorphic
CB2671,4,,4,CB2671,cb_intrinsic,isomorphic
CB2679,3,,5,CB2679,cb_intrinsic,isomorphic
CB2693,1,,7,CB2693,cb_intrinsic,isomorphic
CB2694,2,,6,CB2694,cb_intrinsic,isomorphic
CB2700,4,,4,GNG385,cb_intrinsic,isomorphic
CB2739,4,,4,LHPD3a2_b,cb_intrinsic,isomorphic
CB2828,4,,4,LHPV2c1_a,cb_intrinsic,isomorphic
CB2840,4,,4,AVLP036,cb_intrinsic,isomorphic
CB2873,2,,6,CB2873,cb_intrinsic,isomorphic
CB2906,4,,4,CB2906,cb_intrinsic,isomorphic
CB2910,2,,6,CB2910,cb_intrinsic,isomorphic
CB2912,3,,5,CB2912,cb_intrinsic,isomorphic
CB2923,2,,6,LHPV4b2,cb_intrinsic,isomorphic
CB3015,5,,3,CB3015,cb_intrinsic,isomorphic
CB3019,3,,5,CB3019,cb_intrinsic,isomorphic
CB3044,4,,4,CB3044,cb_intrinsic,isomorphic
CB3072,3,,5,SMP382,cb_intrinsic,isomorphic
CB3110,1,,7,LHPD2a2,cb_intrinsic,isomorphic
CB3184,4,,4,CB3184,cb_intrinsic,isomorphic
CB3194,4,,4,LHPD2c2,cb_intrinsic,isomorphic
CB3207,2,,6,CB3207,cb_intrinsic,isomorphic
CB3329,1,,7,CB3329,cb_intrinsic,isomorphic
CB3371,3,,5,AMMC021,cb_intrinsic,isomorphic
CB3476,3,,5,CB3476,cb_intrinsic,isomorphic
CB3500,4,,4,PRW017,cb_intrinsic,isomorphic
CB3505,3,,5,SMP302,cb_intrinsic,isomorphic
CB3565,7,sensory neuron,1,PRW015,cb_intrinsic,isomorphic
CB3567,4,,4,AVLP405,cb_intrinsic,isomorphic
CB3660,3,,5,CB3660,cb_intrinsic,isomorphic
CB3697,4,,4,CB3697,cb_intrinsic,isomorphic
CB3714,4,,4,GNG163,cb_intrinsic,isomorphic
CB3734,5,,3,CB3734,cb_intrinsic,isomorphic
CB3735,3,,5,LHPV6f5,cb_intrinsic,isomorphic
CB3759,1,,7,CB3759,cb_intrinsic,isomorphic
CB3870,4,,4,CB3870,cb_intrinsic,isomorphic
CL004,4,,4,CL004,cb_intrinsic,isomorphic
CL018b,4,,4,CL018,cb_intrinsic,isomorphic
CL062_a,4,,4,CL062_a1,cb_intrinsic,isomorphic
CL062_b,2,,6,CL062_b1,cb_intrinsic,isomorphic
CL071b,2,,6,CL071_b,cb_intrinsic,isomorphic
CL086_e,1,,7,CL086_e,cb_intrinsic,isomorphic
CL101,4,,4,CL101,cb_intrinsic,isomorphic
CL128a,3,,5,CL128a,cb_intrinsic,isomorphic
CL131,4,,4,CL131,cb_intrinsic,isomorphic
CL132,4,,4,CL132,cb_intrinsic,isomorphic
CL267,4,,4,CL267,cb_intrinsic,isomorphic
CL270b,4,,4,AVLP521,cb_intrinsic,isomorphic
CL272_a,2,,6,CL272_a1,cb_intrinsic,isomorphic
CL290,5,,3,CL290,cb_intrinsic,isomorphic
CL359,4,,4,CL359,cb_intrinsic,isomorphic
CRE005,4,,4,CRE005,cb_intrinsic,isomorphic
CRE080c,4,,4,CRE080_c,cb_intrinsic,isomorphic
CRE106,4,,4,CRE106,cb_intrinsic,isomorphic
CREa1A_T01,4,,4,ATL005,cb_intrinsic,isomorphic
DC3_adPN,2,,6,DC3_adPN,cb_intrinsic,isomorphic
DM5_lPN,1,,7,DM5_lPN,cb_intrinsic,isomorphic
DM6_adPN,1,,7,DM6_adPN,cb_intrinsic,isomorphic
DNb03,4,CNS neuron,4,DNb03,descending_neuron,isomorphic
DNg11,2,CNS neuron,6,DNg11,descending_neuron,isomorphic
DNg18_b,2,CNS neuron,6,DNg18_b,descending_neuron,isomorphic
DNg26,4,CNS neuron,4,DNg26,descending_neuron,isomorphic
DNg36_b,3,CNS neuron,5,DNg36_b,descending_neuron,isomorphic
DNg79,4,CNS neuron,4,DNg79,descending_neuron,isomorphic
DNge111,2,CNS neuron,6,DNge111,descending_neuron,isomorphic
DNp41,4,CNS neuron,4,DNp41,descending_neuron,isomorphic
DNpe014,4,CNS neuron,4,DNpe014,descending_neuron,isomorphic
DNx02,4,sensory neuron,4,DNx02,sensory_descending,isomorphic
DSKMP3,4,,4,DSKMP3,cb_intrinsic,isomorphic
FB1A,4,,4,FB1A,cb_intrinsic,isomorphic
FB4K,4,,4,FB4K,cb_intrinsic,isomorphic
FB5B,2,,6,FB5B,cb_intrinsic,isomorphic
FB7H,6,,2,FB7H,cb_intrinsic,isomorphic
FB7L,2,,6,FB7L,cb_intrinsic,isomorphic
FB9A,2,,6,FB9A,cb_intrinsic,isomorphic
HBeyelet,1,,7,HBeyelet,ol_sensory,isomorphic
IB066,4,,4,IB066,cb_intrinsic,isomorphic
KCa'b'-ap1,6,CNS neuron,2,KCa'b'-ap1,cb_intrinsic,isomorphic
LAL085,4,,4,LAL085,cb_intrinsic,isomorphic
LAL133a,2,,6,LAL133_a,cb_intrinsic,isomorphic
LAL155,4,,4,LAL155,cb_intrinsic,isomorphic
LHAD1b4,3,,5,LHAD1b4,cb_intrinsic,isomorphic
LHAV2b7_b,4,,4,LHAV2b7_b,cb_intrinsic,isomorphic
LHAV4g1c,4,,4,LHAV4g1,cb_intrinsic,isomorphic
LHAV9a1_c,2,,6,LHAV9a1_c,cb_intrinsic,isomorphic
LHCENT10,4,,4,LHCENT10,cb_intrinsic,isomorphic
LHPD5d1,4,,4,LHPD5d1,cb_intrinsic,isomorphic
LHPV2a1_a,2,,6,LHPV2a1_a,cb_intrinsic,isomorphic
LHPV2i2a,6,,2,LHPV2i2_a,cb_intrinsic,isomorphic
LHPV5g2,2,,6,LHPV5g2,cb_intrinsic,isomorphic
LHPV6h1,1,,7,LHPV6h1,cb_intrinsic,isomorphic
LHPV6h2,1,,7,LHPV6h2,cb_intrinsic,isomorphic
LLPC4,2,,6,LLPC4,visual_projection,isomorphic
LTe37,4,,4,LoVP74,visual_projection,isomorphic
LTe54,4,,4,LoVP39,visual_projection,isomorphic
MBON18,6,CNS neuron,2,MBON18,cb_intrinsic,isomorphic
MTe16,4,,4,MeVP46,visual_projection,isomorphic
MTe17,4,,4,MeVP40,visual_projection,isomorphic
MTe47,4,,4,MeVPLo1,visual_projection,isomorphic
M_lv2PN9t49,4,,4,M_lv2PN9t49_a,cb_intrinsic,isomorphic
M_lvPNm41,3,glia,5,M_lvPNm41,cb_intrinsic,isomorphic
M_vPNml63,1,,7,M_vPNml63,cb_intrinsic,isomorphic
MeMe_e04,4,,4,MeVPMe8,visual_projection,isomorphic
OA-AL2b2,4,,4,MeVCMe1,visual_centrifugal,isomorphic
OA-AL2i2,4,,4,OA-AL2i2,visual_centrifugal,isomorphic
OA-AL2i3,4,CNS neuron,4,OA-AL2i3,visual_centrifugal,isomorphic
OA-ASM1,4,,4,OA-ASM1,visual_centrifugal,isomorphic
PLP009,2,,6,PLP009,cb_intrinsic,isomorphic
PLP039,2,,6,PLP039,cb_intrinsic,isomorphic
PLP044,2,,6,PLP044,cb_intrinsic,isomorphic
PLP095,4,,4,PLP095,cb_intrinsic,isomorphic
PLP100,5,,3,PLP100,cb_intrinsic,isomorphic
PLP162,4,sensory neuron,4,PLP162,cb_intrinsic,isomorphic
PLP164,2,,6,PLP164,cb_intrinsic,isomorphic
PLP174,3,,5,PLP174,cb_intrinsic,isomorphic
PLP187,2,,6,PLP187,cb_intrinsic,isomorphic
PLP199,4,,4,PLP199,cb_intrinsic,isomorphic
PLP231,4,,4,PLP231,cb_intrinsic,isomorphic
PLP254,4,,4,PLP254,cb_intrinsic,isomorphic
PPM1201,4,,4,PPM1201,cb_intrinsic,isomorphic
PS054,4,,4,PS054,cb_intrinsic,isomorphic
PS084,2,,6,PS084,cb_intrinsic,isomorphic
PS106,4,,4,PS106,cb_intrinsic,isomorphic
PS137,4,,4,PS137,cb_intrinsic,isomorphic
PS140,4,,4,PS140,cb_intrinsic,isomorphic
PS146,4,,4,PS146,cb_intrinsic,isomorphic
PS198,4,,4,PS197,cb_intrinsic,isomorphic
PS233,4,,4,PS233,cb_intrinsic,isomorphic
PS239,4,,4,PS239,cb_intrinsic,isomorphic
PS241b,2,,6,PS241,cb_intrinsic,isomorphic
PS291,4,,4,PS291,cb_intrinsic,isomorphic
PVLP012,4,,4,PVLP012,cb_intrinsic,isomorphic
PVLP139,4,,4,PVLP139,cb_intrinsic,isomorphic
PVLP144,2,,6,PVLP144,cb_intrinsic,isomorphic
PVLP151,4,,4,PVLP151,cb_intrinsic,isomorphic
SAD009,5,,3,SAD009,cb_intrinsic,isomorphic
SAD021_c,4,,4,SAD021_c,cb_intrinsic,isomorphic
SIP053b,2,,6,SIP053,cb_intrinsic,isomorphic
SLP019,2,,6,SLP019,cb_intrinsic,isomorphic
SLP065,3,,5,SLP065,cb_intrinsic,isomorphic
SLP129_c,2,,6,SLP129_c,cb_intrinsic,isomorphic
SLP288a,3,,5,SLP288,cb_intrinsic,isomorphic
SLP464,4,,4,SLP464,cb_intrinsic,isomorphic
SMP043,4,,4,SMP043,cb_intrinsic,isomorphic
SMP069,4,,4,SMP069,cb_intrinsic,isomorphic
SMP151,4,,4,SMP151,cb_intrinsic,isomorphic
SMP279_b,5,,3,SMP279_b,cb_intrinsic,isomorphic
SMP315,2,,6,SMP315,cb_intrinsic,isomorphic
SMP323,2,,6,SMP323,cb_intrinsic,isomorphic
SMP326a,4,,4,SMP326,cb_intrinsic,isomorphic
SMP331b,2,,6,SMP331,cb_intrinsic,isomorphic
SMP371,4,,4,SMP371_a,cb_intrinsic,isomorphic
SMP448,2,,6,SMP448,cb_intrinsic,isomorphic
SMP572,4,,4,SMP572,cb_intrinsic,isomorphic
Sm28,1,,7,Cm-DRA,ol_intrinsic,isomorphic
VES023,1,,7,VES023,cb_intrinsic,isomorphic
WED041a,2,,6,WED041,cb_intrinsic,isomorphic
WED072,2,,6,WED072,cb_intrinsic,isomorphic
WED092c,4,,4,WED092,cb_intrinsic,isomorphic
WED161,3,,5,WED161,cb_intrinsic,isomorphic
WEDPN2A,2,,6,WEDPN2A,cb_intrinsic,isomorphic
WEDPN7C,5,,3,WEDPN7C,cb_intrinsic,isomorphic
aMe12,2,,6,aMe12,visual_projection,isomorphic
aMe17b,3,,5,aMe17b,visual_centrifugal,isomorphic
cL04,4,,4,LoVC19,visual_centrifugal,isomorphic
cLLP02,4,,4,LoVC22,visual_centrifugal,isomorphic
cM08b,4,,4,MeVC22,visual_centrifugal,isomorphic
lLN2X02,2,,6,lLN2X02,cb_intrinsic,isomorphic
v2LN34E,1,,7,v2LN34E,cb_intrinsic,isomorphic
AMMC-A1,1,,6,AMMC-A1,cb_intrinsic,isomorphic
AN_AVLP_37,2,,5,ANXXX007,ascending_neuron,isomorphic
AN_AVLP_GNG_13,3,,4,AN05B050_c,ascending_neuron,isomorphic
AN_GNG_193,5,sensory neuron,2,AN09B044,ascending_neuron,isomorphic
AN_GNG_AVLP_2,5,,2,AN09B021,ascending_neuron,isomorphic
AN_GNG_FLA_2,5,,2,AN05B106,ascending_neuron,isomorphic
AN_GNG_WED_3,3,,4,AN18B019,ascending_neuron,isomorphic
AN_SPS_IPS_2,5,,2,AN07B078_a,ascending_neuron,isomorphic
AN_multi_54,5,,2,AN08B066,ascending_neuron,isomorphic
AOTU051,1,,6,AOTU051,cb_intrinsic,isomorphic
AVLP013,1,,6,AVLP013,cb_intrinsic,isomorphic
AVLP048,5,,2,AVLP048,cb_intrinsic,isomorphic
AVLP107,3,,4,AVLP107,cb_intrinsic,isomorphic
AVLP140,4,,3,AVLP140,cb_intrinsic,isomorphic
AVLP189_b,2,,5,AVLP189_b,cb_intrinsic,isomorphic
AVLP219c,1,,6,AVLP219_c,cb_intrinsic,isomorphic
AVLP287,4,,3,AVLP287,cb_intrinsic,isomorphic
AVLP288,3,,4,AVLP288,cb_intrinsic,isomorphic
AVLP293,3,,4,AVLP293,cb_intrinsic,isomorphic
AVLP308,3,,4,AVLP308,cb_intrinsic,isomorphic
AVLP316,1,,6,AVLP316,cb_intrinsic,isomorphic
AVLP323,3,,4,AVLP323,cb_intrinsic,isomorphic
AVLP451b,3,,4,AVLP451,cb_intrinsic,isomorphic
AVLP451c,5,,2,AVLP451,cb_intrinsic,isomorphic
AVLP479,3,,4,AVLP479,cb_intrinsic,isomorphic
AVLP488,3,,4,AVLP488,cb_intrinsic,isomorphic
AVLP489,3,,4,AVLP489,cb_intrinsic,isomorphic
AVLP557,3,,4,AVLP557,cb_intrinsic,isomorphic
AVLP560,2,,5,AVLP560,cb_intrinsic,isomorphic
AVLP574,3,,4,AVLP574,cb_intrinsic,isomorphic
CB.FB1E1,2,,5,FB1D,cb_intrinsic,isomorphic
CB.FB2I3,1,,6,FB2D,cb_intrinsic,isomorphic
CB0385,3,,4,PVLP096,cb_intrinsic,isomorphic
CB0696,5,,2,GNG483,cb_intrinsic,isomorphic
CB0704,3,,4,GNG482,cb_intrinsic,isomorphic
CB0716,5,,2,GNG052,cb_intrinsic,isomorphic
CB0717,3,,4,GNG481,cb_intrinsic,isomorphic
CB0734,3,,4,CB0734,cb_intrinsic,isomorphic
CB0763,3,,4,CB0763,cb_intrinsic,isomorphic
CB0813,2,,5,PVLP078,cb_intrinsic,isomorphic
CB0814,4,,3,GNG466,cb_intrinsic,isomorphic
CB0830,3,,4,GNG464,cb_intrinsic,isomorphic
CB0865,3,CNS neuron,4,VES087,cb_intrinsic,isomorphic
CB0884,5,,2,GNG061,cb_intrinsic,isomorphic
CB0937,1,,6,CB0937,cb_intrinsic,isomorphic
CB0964,3,,4,GNG452,cb_intrinsic,isomorphic
CB0994,3,,4,CB0994,cb_intrinsic,isomorphic
CB1003,3,,4,LHAV4e1_b,cb_intrinsic,isomorphic
CB1044,3,,4,CB1044,cb_intrinsic,isomorphic
CB1053,1,,6,PS229,cb_intrinsic,isomorphic
CB1065,2,,5,CB1065,cb_intrinsic,isomorphic
CB1165,1,,6,CB1165,cb_intrinsic,isomorphic
CB1167,3,,4,LHAV5b1,cb_intrinsic,isomorphic
CB1182,2,,5,LHAV2b3,cb_intrinsic,isomorphic
CB1185,3,,4,CB1185,cb_intrinsic,isomorphic
CB1219,1,,6,CB1219,cb_intrinsic,isomorphic
CB1222,3,,4,CB1222,cb_intrinsic,isomorphic
CB1232,1,,6,GNG443,cb_intrinsic,isomorphic
CB1244,1,,6,LHAD1b2_b,cb_intrinsic,isomorphic
CB1262,2,,5,CL190,cb_intrinsic,isomorphic
CB1282,2,,5,CB1282,cb_intrinsic,isomorphic
CB1287,5,,2,CB1287,cb_intrinsic,isomorphic
CB1293,3,,4,LHAV4d4,cb_intrinsic,isomorphic
CB1300,3,,4,CB1300,cb_intrinsic,isomorphic
CB1314,2,,5,CB1314,cb_intrinsic,isomorphic
CB1337,1,,6,CB1337,cb_intrinsic,isomorphic
CB1387,1,,6,CB1387,cb_intrinsic,isomorphic
CB1389,1,,6,CB1389,cb_intrinsic,isomorphic
CB1428,4,,3,CB1428,cb_intrinsic,isomorphic
CB1429,3,,4,SLP372,cb_intrinsic,isomorphic
CB1442,5,,2,CB1442,cb_intrinsic,isomorphic
CB1445,3,,4,SMP347,cb_intrinsic,isomorphic
CB1448,3,,4,CB1448,cb_intrinsic,isomorphic
CB1456,2,,5,CB1456,cb_intrinsic,isomorphic
CB1491,2,,5,LHAV1f1,cb_intrinsic,isomorphic
CB1503,2,,5,CB1503,cb_intrinsic,isomorphic
CB1512,3,,4,LHAV3b6_b,cb_intrinsic,isomorphic
CB1524,3,,4,LHAV3e4_a,cb_intrinsic,isomorphic
CB1537,2,,5,CB1537,cb_intrinsic,isomorphic
CB1538,3,,4,CB1538,cb_intrinsic,isomorphic
CB1549,3,,4,CB1549,cb_intrinsic,isomorphic
CB1554,2,,5,CB1554,cb_intrinsic,isomorphic
CB1584,4,,3,VES031,cb_intrinsic,isomorphic
CB1629,1,,6,CB1629,cb_intrinsic,isomorphic
CB1679,1,,6,CB1679,cb_intrinsic,isomorphic
CB1680,2,,5,GNG646,cb_intrinsic,isomorphic
CB1687,2,,5,CB1687,cb_intrinsic,isomorphic
CB1718,2,,5,PRW035,cb_intrinsic,isomorphic
CB1721,3,,4,CRE014,cb_intrinsic,isomorphic
CB1774,4,,3,CB1774,cb_intrinsic,isomorphic
CB1807,1,,6,SMP279_a,cb_intrinsic,isomorphic
CB1816,3,,4,WED206,cb_intrinsic,isomorphic
CB1819,3,,4,PVLP073,cb_intrinsic,isomorphic
CB1839,3,,4,AVLP372,cb_intrinsic,isomorphic
CB1842,3,,4,AVLP529,cb_intrinsic,isomorphic
CB1856,3,,4,CB1856,cb_intrinsic,isomorphic
CB1899,1,,6,CB1899,cb_intrinsic,isomorphic
CB1928,2,,5,SLP179_b,cb_intrinsic,isomorphic
CB1936,3,,4,AVLP463,cb_intrinsic,isomorphic
CB1955,1,,6,CB1955,cb_intrinsic,isomorphic
CB2004,1,,6,CB2004,cb_intrinsic,isomorphic
CB2006,3,,4,CB2006,cb_intrinsic,isomorphic
CB2040,3,,4,CB2040,cb_intrinsic,isomorphic
CB2048,3,,4,CB2048,cb_intrinsic,isomorphic
CB2051,1,,6,CB2051,cb_intrinsic,isomorphic
CB2089,1,,6,CB2089,cb_intrinsic,isomorphic
CB2123,2,,5,CB2123,cb_intrinsic,isomorphic
CB2129,2,,5,LHAV2i4,cb_intrinsic,isomorphic
CB2145,4,,3,"SLP283,SLP284",cb_intrinsic,isomorphic
CB2160,2,,5,PS353,cb_intrinsic,isomorphic
CB2175,3,,4,CB2175,cb_intrinsic,isomorphic
CB2185,3,,4,CB2185,cb_intrinsic,isomorphic
CB2218,1,,6,PLVP059,cb_intrinsic,isomorphic
CB2229,3,,4,CB2229,cb_intrinsic,isomorphic
CB2237,3,,4,IB096,cb_intrinsic,isomorphic
CB2250,3,,4,SIP021_a,cb_intrinsic,isomorphic
CB2262,1,,6,CB2262,cb_intrinsic,isomorphic
CB2296,3,,4,LHAV5b2,cb_intrinsic,isomorphic
CB2300,3,,4,CB2300,cb_intrinsic,isomorphic
CB2321,3,,4,CB2321,cb_intrinsic,isomorphic
CB2339,3,,4,CB2339,cb_intrinsic,isomorphic
CB2380,3,,4,CB2380,cb_intrinsic,isomorphic
CB2402,1,,6,AVLP067,cb_intrinsic,isomorphic
CB2413,3,,4,SMP052,cb_intrinsic,isomorphic
CB2462,5,,2,CB2462,cb_intrinsic,isomorphic
CB2469,1,,6,CB2469,cb_intrinsic,isomorphic
CB2471,2,,5,CB2471,cb_intrinsic,isomorphic
CB2485,3,,4,CL147,cb_intrinsic,isomorphic
CB2497,3,,4,CB2497,cb_intrinsic,isomorphic
CB2511,2,,5,AVLP176_c,cb_intrinsic,isomorphic
CB2633,1,,6,CB2633,cb_intrinsic,isomorphic
CB2636,1,,6,CB2636,cb_intrinsic,isomorphic
CB2660,4,,3,AVLP175,cb_intrinsic,isomorphic
CB2674,2,,5,CB2674,cb_intrinsic,isomorphic
CB2688,3,,4,CB2688,cb_intrinsic,isomorphic
CB2697,1,,6,PS074,cb_intrinsic,isomorphic
CB2713,3,,4,CB2713,cb_intrinsic,isomorphic
CB2715,3,,4,LHAV5a6_a,cb_intrinsic,isomorphic
CB2719,3,,4,CB2719,cb_intrinsic,isomorphic
CB2804,2,,5,GNG382,cb_intrinsic,isomorphic
CB2805,1,,6,CB2805,cb_intrinsic,isomorphic
CB2825,1,,6,PS316,cb_intrinsic,isomorphic
CB2858,2,,5,AVLP145,cb_intrinsic,isomorphic
CB2874,1,,6,AVLP145,cb_intrinsic,isomorphic
CB2884,3,,4,CB2884,cb_intrinsic,isomorphic
CB2888,1,,6,SLP268,cb_intrinsic,isomorphic
CB2924,4,,3,WEDPN7A,cb_intrinsic,isomorphic
CB2931,1,,6,CB2931,cb_intrinsic,isomorphic
CB2944,2,,5,CB2944,cb_intrinsic,isomorphic
CB2976,1,,6,CB2976,cb_intrinsic,isomorphic
CB2981,3,,4,CB2981,cb_intrinsic,isomorphic
CB3000,2,,5,AVLP198,cb_intrinsic,isomorphic
CB3001,1,,6,CB3001,cb_intrinsic,isomorphic
CB3010,1,,6,CB3010,cb_intrinsic,isomorphic
CB3013,2,,5,CB3013,cb_intrinsic,isomorphic
CB3056,1,,6,CB3056,cb_intrinsic,isomorphic
CB3064,3,,4,WED056,cb_intrinsic,isomorphic
CB3081,3,,4,CB3081,cb_intrinsic,isomorphic
CB3103,2,,5,CB3103,cb_intrinsic,isomorphic
CB3136,3,,4,SMP414,cb_intrinsic,isomorphic
CB3140,1,,6,CB3140,cb_intrinsic,isomorphic
CB3156,3,,4,PRW022,cb_intrinsic,isomorphic
CB3163,3,,4,SLP311,cb_intrinsic,isomorphic
CB3290,1,,6,LHPV6k1,cb_intrinsic,isomorphic
CB3396,2,,5,SIP037,cb_intrinsic,isomorphic
CB3399,3,,4,CB3399,cb_intrinsic,isomorphic
CB3412,3,,4,GNG361,cb_intrinsic,isomorphic
CB3416,3,,4,PVLP031,cb_intrinsic,isomorphic
CB3435,3,,4,CB3435,cb_intrinsic,isomorphic
CB3518,2,,5,AVLP334,cb_intrinsic,isomorphic
CB3524,3,,4,GNG358,cb_intrinsic,isomorphic
CB3603,3,,4,CB3603,cb_intrinsic,isomorphic
CB3607,4,,3,CB3607,cb_intrinsic,isomorphic
CB3613,4,,3,AVLP403,cb_intrinsic,isomorphic
CB3626,1,,6,SMP218,cb_intrinsic,isomorphic
CB3632,4,,3,GNG356,cb_intrinsic,isomorphic
CB3655,3,,4,WED106,cb_intrinsic,isomorphic
CB3707,3,,4,SAD073,cb_intrinsic,isomorphic
CB3708,3,,4,AVLP352,cb_intrinsic,isomorphic
CB3729,2,,5,CB3729,cb_intrinsic,isomorphic
CB3746,3,,4,CB3746,cb_intrinsic,isomorphic
CB3780,4,,3,LHAD1b2,cb_intrinsic,isomorphic
CL030,3,,4,CL030,cb_intrinsic,isomorphic
CL038,3,,4,CL038,cb_intrinsic,isomorphic
CL077,3,,4,CL077,cb_intrinsic,isomorphic
CL100,3,,4,CL100,cb_intrinsic,isomorphic
CL128b,2,,5,CL128_d,cb_intrinsic,isomorphic
CL215,3,,4,CL215,cb_intrinsic,isomorphic
CL235,1,,6,CL235,cb_intrinsic,isomorphic
CL255,2,,5,CL255,cb_intrinsic,isomorphic
CL283a,1,,6,CL283_a,cb_intrinsic,isomorphic
CL291,4,,3,CL291,cb_intrinsic,isomorphic
CL340,3,,4,CL340,cb_intrinsic,isomorphic
CRE001,2,,5,CRE001,cb_intrinsic,isomorphic
CRE066,3,,4,CRE066,cb_intrinsic,isomorphic
DNES3,3,efferent neuron,4,DNES3,cb_endocrine,isomorphic
DNa13,3,CNS neuron,4,DNa13,descending_neuron,isomorphic
DNg12_c,2,CNS neuron,5,DNg12_c,descending_neuron,isomorphic
DNge001,4,CNS neuron,3,DNge001,descending_neuron,isomorphic
DNge110,3,CNS neuron,4,DNge110,descending_neuron,isomorphic
DNpe003,3,CNS neuron,4,DNpe003,descending_neuron,isomorphic
DNpe011,3,CNS neuron,4,DNpe011,descending_neuron,isomorphic
ER3w_a,6,,1,ER3w_a,cb_intrinsic,isomorphic
FB2F_c,3,,4,FB2F_c,cb_intrinsic,isomorphic
FB6T,3,,4,FB6T,cb_intrinsic,isomorphic
FB6U,3,,4,FB6U,cb_intrinsic,isomorphic
FB7C,2,,5,FB7C,cb_intrinsic,isomorphic
FB7J,3,,4,FB7J,cb_intrinsic,isomorphic
FB8E,2,,5,FB8E,cb_intrinsic,isomorphic
IB022,3,,4,IB022,cb_intrinsic,isomorphic
IB049,3,,4,IB049,cb_intrinsic,isomorphic
LAL006,1,,6,LAL006,cb_intrinsic,isomorphic
LAL019,3,,4,LAL019,cb_intrinsic,isomorphic
LAL035,3,,4,LAL035,cb_intrinsic,isomorphic
LAL185,3,,4,LAL185,cb_intrinsic,isomorphic
LAL203,3,,4,LAL203,cb_intrinsic,isomorphic
LHAD1a1,1,sensory neuron,6,LHAD1a1,cb_intrinsic,isomorphic
LHAD1f4b,1,,6,LHAD1f4,cb_intrinsic,isomorphic
LHAV2a3c,1,,6,LHAV2a3,cb_intrinsic,isomorphic
LHAV3e2,3,,4,LHAV3e2,cb_intrinsic,isomorphic
LHAV3o1,1,,6,LHAV3o1,cb_intrinsic,isomorphic
LHAV4c1,1,,6,LHAV4c1,cb_intrinsic,isomorphic
LHCENT8,3,sensory neuron,4,LHCENT8,cb_intrinsic,isomorphic
LHPV4b1,1,,6,LHPV4b1,cb_intrinsic,isomorphic
LHPV4d3,1,,6,LHPV4d3,cb_intrinsic,isomorphic
LPT23,1,,6,LPT23,visual_projection,isomorphic
LPT51,3,,4,LPT51,visual_projection,isomorphic
LT63,3,,4,LT63,visual_projection,isomorphic
LT68,3,,4,LT68,visual_projection,isomorphic
LT80,3,,4,LT80,visual_projection,isomorphic
LTe11,4,,3,LoVP78,visual_projection,isomorphic
LTe47,3,,4,LoVP61,visual_projection,isomorphic
MBON09,3,,4,MBON09,cb_intrinsic,isomorphic
MBON19,3,,4,MBON19,cb_intrinsic,isomorphic
MTe15,3,,4,MeVP34,visual_projection,isomorphic
M_lPNm11A,1,,6,M_lPNm11A,cb_intrinsic,isomorphic
M_lvPNm35,2,,5,M_lvPNm35,cb_intrinsic,isomorphic
M_vPNml60,2,,5,M_vPNml60,cb_intrinsic,isomorphic
M_vPNml65,1,,6,M_vPNml65,cb_intrinsic,isomorphic
Nod1,3,,4,Nod1,visual_projection,isomorphic
OCC02a,1,,6,OCC02a,visual_centrifugal,isomorphic
PLP013,3,,4,PLP013,cb_intrinsic,isomorphic
PLP073,3,,4,PLP073,cb_intrinsic,isomorphic
PLP103,1,,6,PLP103,cb_intrinsic,isomorphic
PLP149,3,,4,PLP149,cb_intrinsic,isomorphic
PLP155,1,,6,PLP155,cb_intrinsic,isomorphic
PLP159,3,,4,PLP159,cb_intrinsic,isomorphic
PLP161,3,,4,PLP161,cb_intrinsic,isomorphic
PLP190,1,,6,PLP190,cb_intrinsic,isomorphic
PLP218,3,,4,PLP218,cb_intrinsic,isomorphic
PPM1202,3,,4,PPM1202,cb_intrinsic,isomorphic
PS023,2,,5,PS023,cb_intrinsic,isomorphic
PS037,1,,6,PS037,cb_intrinsic,isomorphic
PS052,3,,4,PS052,cb_intrinsic,isomorphic
PS107,3,,4,PS107,cb_intrinsic,isomorphic
PS220,3,,4,PS220,cb_intrinsic,isomorphic
PS241a,5,,2,PS241,cb_intrinsic,isomorphic
PVLP080a,3,,4,PVLP080_a,cb_intrinsic,isomorphic
PVLP080b,1,,6,PVLP080_b,cb_intrinsic,isomorphic
PVLP108,3,,4,PVLP108,cb_intrinsic,isomorphic
PVLP128,2,sensory neuron,5,PVLP128,cb_intrinsic,isomorphic
PVLP148,3,,4,PVLP148,cb_intrinsic,isomorphic
SAD003,1,,6,SAD003,cb_intrinsic,isomorphic
SAD012,3,,4,SAD012,cb_intrinsic,isomorphic
SAD044,3,,4,SAD044,cb_intrinsic,isomorphic
SAD064,1,,6,SAD064,cb_intrinsic,isomorphic
SIP053a,3,,4,SIP053,cb_intrinsic,isomorphic
SIP066,3,,4,SIP066,cb_intrinsic,isomorphic
SLP076,3,,4,SLP076,cb_intrinsic,isomorphic
SLP228,3,,4,SLP228,cb_intrinsic,isomorphic
SLP242,1,,6,SLP242,cb_intrinsic,isomorphic
SLP344,3,,4,SLP344,cb_intrinsic,isomorphic
SLP396,3,,4,SLP396,cb_intrinsic,isomorphic
SLP403,3,,4,SLP403,cb_intrinsic,isomorphic
SLP457,3,,4,SLP457,cb_intrinsic,isomorphic
SMP012,3,,4,SMP012,cb_intrinsic,isomorphic
SMP021,1,,6,SMP021,cb_intrinsic,isomorphic
SMP039,3,,4,SMP039,cb_intrinsic,isomorphic
SMP089,3,,4,SMP089,cb_intrinsic,isomorphic
SMP092,3,,4,SMP092,cb_intrinsic,isomorphic
SMP096,3,,4,SMP096,cb_intrinsic,isomorphic
SMP279_c,3,,4,SMP279_c,cb_intrinsic,isomorphic
SMP280,2,,5,SMP280,cb_intrinsic,isomorphic
SMP320b,1,,6,SMP320,cb_intrinsic,isomorphic
SMP360,5,,2,SMP360,cb_intrinsic,isomorphic
SMP408_b,1,,6,SMP408_b,cb_intrinsic,isomorphic
SMP408_c,1,,6,SMP408_c,cb_intrinsic,isomorphic
SMP447,3,,4,SMP447,cb_intrinsic,isomorphic
SMP566b,3,,4,SMP566,cb_intrinsic,isomorphic
VA5_lPN,1,,6,VA5_lPN,cb_intrinsic,isomorphic
VC4_adPN,1,,6,VC4_adPN,cb_intrinsic,isomorphic
VES019,1,,6,VES019,cb_intrinsic,isomorphic
VES021,2,,5,VES021,cb_intrinsic,isomorphic
VL2a_vPN,1,,6,VL2a_vPN,cb_intrinsic,isomorphic
VP3+_l2PN,1,,6,VP3+_l2PN,cb_intrinsic,isomorphic
WED010,3,,4,WED010,cb_intrinsic,isomorphic
WED014,3,,4,WED014,cb_intrinsic,isomorphic
WED024,3,,4,WED024,cb_intrinsic,isomorphic
WED029,3,,4,WED029,cb_intrinsic,isomorphic
WED038a,2,,5,WED038,cb_intrinsic,isomorphic
WED061,3,,4,WED061,cb_intrinsic,isomorphic
WED096b,3,,4,WED096,cb_intrinsic,isomorphic
WED153,1,,6,WED153,cb_intrinsic,isomorphic
aMe1,3,,4,aMe1,visual_projection,isomorphic
aMe17c,3,,4,aMe17c,visual_centrifugal,isomorphic
aMe9,3,,4,aMe9,visual_projection,isomorphic
cL16,3,,4,LoVC18,visual_centrifugal,isomorphic
cLLPM01,1,,6,OLVC7,visual_centrifugal,isomorphic
cM08a,1,,6,MeVC21,visual_centrifugal,isomorphic
cM09,2,,5,aMe30,visual_centrifugal,isomorphic
lLN2F_b,3,,4,lLN2F_b,cb_intrinsic,isomorphic
lLN2X04,3,,4,lLN2X04,cb_intrinsic,isomorphic
mALB3,3,,4,mALB3,cb_intrinsic,isomorphic
vpoEN,3,,4,vpoEN,cb_intrinsic,isomorphic
AN_AMMC_SAD_1,2,,4,AN17B013,ascending_neuron,isomorphic
AN_AVLP_50,4,,2,AN08B028,ascending_neuron,isomorphic
AN_AVLP_GNG_22,2,,4,ANXXX027,ascending_neuron,isomorphic
AN_AVLP_GNG_7,4,,2,AN05B078,ascending_neuron,isomorphic
AN_FLA_VES_1,4,,2,ANXXX380,ascending_neuron,isomorphic
AN_GNG_156,4,,2,AN23B004,ascending_neuron,isomorphic
AN_GNG_158,4,,2,AN07B017,ascending_neuron,isomorphic
AN_GNG_171,4,,2,AN19B022,ascending_neuron,isomorphic
AN_GNG_191,4,,2,AN17A013,ascending_neuron,isomorphic
AN_GNG_199,4,,2,AN03A002,ascending_neuron,isomorphic
AN_GNG_40,4,,2,AN09B014,ascending_neuron,isomorphic
AN_GNG_64,2,,4,ANXXX041,ascending_neuron,isomorphic
AN_GNG_75,3,,3,AN05B058,ascending_neuron,isomorphic
AN_GNG_98,4,,2,AN17A003,ascending_neuron,isomorphic
AN_GNG_SAD_20,4,,2,AN05B096,ascending_neuron,isomorphic
AN_GNG_SAD_30,2,,4,ANXXX170,ascending_neuron,isomorphic
AN_GNG_SAD_6,5,sensory neuron,1,AN05B024,ascending_neuron,isomorphic
AN_GNG_VES_9,1,,5,AN08B100,ascending_neuron,isomorphic
AN_WED_GNG_1,4,,2,AN09B036,ascending_neuron,isomorphic
AN_multi_23,4,,2,ANXXX074,ascending_neuron,isomorphic
AN_multi_53,4,,2,AN08B049,ascending_neuron,isomorphic
AN_multi_87,4,,2,AN05B006,ascending_neuron,isomorphic
AOTU063,2,,4,AOTU063_a,cb_intrinsic,isomorphic
AOTUv1A_T01,2,,4,SMP148,cb_intrinsic,isomorphic
ATL012,2,,4,ATL012,cb_intrinsic,isomorphic
AVLP024c,4,,2,AVLP024_c,cb_intrinsic,isomorphic
AVLP042,2,,4,AVLP042,cb_intrinsic,isomorphic
AVLP043,2,,4,AVLP043,cb_intrinsic,isomorphic
AVLP059,2,,4,AVLP059,cb_intrinsic,isomorphic
AVLP147,1,,5,AVLP147,cb_intrinsic,isomorphic
AVLP220,2,,4,AVLP220,cb_intrinsic,isomorphic
AVLP290b,2,,4,AVLP290_b,cb_intrinsic,isomorphic
AVLP292,1,,5,AVLP292,cb_intrinsic,isomorphic
AVLP299_c,2,,4,AVLP299_d,cb_intrinsic,isomorphic
AVLP303,1,,5,AVLP303,cb_intrinsic,isomorphic
AVLP306,2,,4,AVLP306,cb_intrinsic,isomorphic
AVLP310a,1,,5,AVLP310,cb_intrinsic,isomorphic
AVLP373,4,,2,AVLP373,cb_intrinsic,isomorphic
AVLP409,2,,4,AVLP409,cb_intrinsic,isomorphic
AVLP550a,2,,4,AVLP550_a,cb_intrinsic,isomorphic
AVLP577,2,,4,AVLP577,cb_intrinsic,isomorphic
CB0207,4,,2,GNG552,cb_intrinsic,isomorphic
CB0340,2,,4,AVLP250,cb_intrinsic,isomorphic
CB0381,2,,4,CB0381,cb_intrinsic,isomorphic
CB0575,2,,4,SMP743,cb_intrinsic,isomorphic
CB0695,4,,2,CB0695,cb_intrinsic,isomorphic
CB0770,2,,4,GNG471,cb_intrinsic,isomorphic
CB0785,3,,3,CB0785,cb_intrinsic,isomorphic
CB0811,2,,4,GNG467,cb_intrinsic,isomorphic
CB0845,2,,4,MN4a,cb_motor,isomorphic
CB0918,3,efferent neuron,3,GNG647,cb_motor,isomorphic
CB0924,2,,4,AVLP177_a,cb_intrinsic,isomorphic
CB0963,1,,5,GNG453,cb_intrinsic,isomorphic
CB0972,1,,5,CB0972,cb_intrinsic,isomorphic
CB0976,2,,4,CB0976,cb_intrinsic,isomorphic
CB0998,2,,4,CB0998,cb_intrinsic,isomorphic
CB1014,2,,4,PS033_a,cb_intrinsic,isomorphic
CB1028,2,,4,PS032,cb_intrinsic,isomorphic
CB1047,2,,4,CB1047,cb_intrinsic,isomorphic
CB1067,1,,5,LHPV2b1,cb_intrinsic,isomorphic
CB1081,2,,4,CB1081,cb_intrinsic,isomorphic
CB1085,1,,5,CB1085,cb_intrinsic,isomorphic
CB1089,1,,5,CB1089,cb_intrinsic,isomorphic
CB1106,2,,4,LHAV2k9,cb_intrinsic,isomorphic
CB1126,2,,4,SIP042_b,cb_intrinsic,isomorphic
CB1128,2,,4,CB1128,cb_intrinsic,isomorphic
CB1176,1,,5,WED040_a,cb_intrinsic,isomorphic
CB1189,1,,5,CB1189,cb_intrinsic,isomorphic
CB1191,2,,4,SLP088_b,cb_intrinsic,isomorphic
CB1217,2,,4,LHAV4g7_a,cb_intrinsic,isomorphic
CB1245,2,,4,LHAD1b2,cb_intrinsic,isomorphic
CB1269,1,,5,CB1269,cb_intrinsic,isomorphic
CB1316,1,,5,CB1316,cb_intrinsic,isomorphic
CB1326,3,,3,CB1326,cb_intrinsic,isomorphic
CB1353,1,,5,CB1353,cb_intrinsic,isomorphic
CB1374,3,,3,CB1374,cb_intrinsic,isomorphic
CB1385,1,,5,vpoIN,cb_intrinsic,isomorphic
CB1392,1,,5,CB1392,cb_intrinsic,isomorphic
CB1393,3,,3,SIP037,cb_intrinsic,isomorphic
CB1433,2,,4,WED167,cb_intrinsic,isomorphic
CB1467,2,,4,CB1467,cb_intrinsic,isomorphic
CB1471,2,,4,ATL020,cb_intrinsic,isomorphic
CB1472,2,,4,AVLP463,cb_intrinsic,isomorphic
CB1478,4,,2,CB1478,cb_intrinsic,isomorphic
CB1483,3,,3,CB1483,cb_intrinsic,isomorphic
CB1497,2,,4,SMP416,cb_intrinsic,isomorphic
CB1557,3,,3,CB1557,cb_intrinsic,isomorphic
CB1609,2,,4,GNG615,cb_intrinsic,isomorphic
CB1626,2,,4,CB1626,cb_intrinsic,isomorphic
CB1644,3,,3,ATL019,cb_intrinsic,isomorphic
CB1657,1,,5,AVLP064,cb_intrinsic,isomorphic
CB1667,1,,5,LHAV1a4,cb_intrinsic,isomorphic
CB1675,2,,4,WED093,cb_intrinsic,isomorphic
CB1751,4,,2,WED167,cb_intrinsic,isomorphic
CB1795,2,,4,CB1795,cb_intrinsic,isomorphic
CB1803,2,,4,CB1803,cb_intrinsic,isomorphic
CB1914,2,,4,CB1914,cb_intrinsic,isomorphic
CB1924,2,,4,CB1924,cb_intrinsic,isomorphic
CB1942,2,,4,CB1942,cb_intrinsic,isomorphic
CB1943,2,,4,LHAV4g12,cb_intrinsic,isomorphic
CB1944,2,,4,WED074,cb_intrinsic,isomorphic
CB1980,2,,4,CB1980,cb_intrinsic,isomorphic
CB1988,1,,5,M_lvPNm33,cb_intrinsic,isomorphic
CB2001,4,,2,AVLP262,cb_intrinsic,isomorphic
CB2054,5,,1,GNG319,cb_intrinsic,isomorphic
CB2070,1,,5,AOTU002_a,cb_intrinsic,isomorphic
CB2078,1,,5,SLP089,cb_intrinsic,isomorphic
CB2088,3,,3,CB2088,cb_intrinsic,isomorphic
CB2107,2,,4,CB2107,cb_intrinsic,isomorphic
CB2108,3,,3,CB2108,cb_intrinsic,isomorphic
CB2115,2,,4,GNG611,cb_intrinsic,isomorphic
CB2117,1,,5,CB2117,cb_intrinsic,isomorphic
CB2126,2,,4,PS356,cb_intrinsic,isomorphic
CB2136,1,,5,CB2136,cb_intrinsic,isomorphic
CB2153,2,,4,CB2153,cb_intrinsic,isomorphic
CB2162,2,,4,GNG636,cb_intrinsic,isomorphic
CB2167,2,,4,AVLP407,cb_intrinsic,isomorphic
CB2178,2,,4,CB2178,cb_intrinsic,isomorphic
CB2179,2,,4,SLP078,cb_intrinsic,isomorphic
CB2183,3,,3,PLP111,cb_intrinsic,isomorphic
CB2191,4,,2,GNG403,cb_intrinsic,isomorphic
CB2211,1,,5,LHPV4i3,cb_intrinsic,isomorphic
CB2217,1,,5,SMP007,cb_intrinsic,isomorphic
CB2235,2,,4,CB2235,cb_intrinsic,isomorphic
CB2243,1,,5,LHPV4a5,cb_intrinsic,isomorphic
CB2256,2,,4,AVLP104,cb_intrinsic,isomorphic
CB2312,1,,5,CL049,cb_intrinsic,isomorphic
CB2322,2,,4,AMMC032,cb_intrinsic,isomorphic
CB2335,2,,4,SLP015_b,cb_intrinsic,isomorphic
CB2348,3,,3,CB2348,cb_intrinsic,isomorphic
CB2350,2,,4,AVLP365,cb_intrinsic,isomorphic
CB2361,2,,4,CB2361,cb_intrinsic,isomorphic
CB2412,2,,4,CB2412,cb_intrinsic,isomorphic
CB2426,4,,2,AVLP203_a,cb_intrinsic,isomorphic
CB2430,4,,2,CB2430,cb_intrinsic,isomorphic
CB2436,2,,4,LHAV3e1,cb_intrinsic,isomorphic
CB2453,2,,4,CB2453,cb_intrinsic,isomorphic
CB2481,2,,4,CB2481,cb_intrinsic,isomorphic
CB2498,1,,5,CB2498,cb_intrinsic,isomorphic
CB2514,1,,5,CB2514,cb_intrinsic,isomorphic
CB2516,3,,3,GNG393,cb_intrinsic,isomorphic
CB2518,3,,3,CB2518,cb_intrinsic,isomorphic
CB2524,2,,4,LHPV5a2,cb_intrinsic,isomorphic
CB2550,1,,5,CB2550,cb_intrinsic,isomorphic
CB2553,3,,3,GNG406,cb_intrinsic,isomorphic
CB2572,4,,2,CB2572,cb_intrinsic,isomorphic
CB2611,2,,4,CL046,cb_intrinsic,isomorphic
CB2624,2,,4,CB2624,cb_intrinsic,isomorphic
CB2628,2,,4,SMP088,cb_intrinsic,isomorphic
CB2644,4,,2,GNG388,cb_intrinsic,isomorphic
CB2645,2,,4,AVLP063,cb_intrinsic,isomorphic
CB2655,2,,4,CB2655,cb_intrinsic,isomorphic
CB2672,3,,3,AVLP176_b,cb_intrinsic,isomorphic
CB2695,2,,4,GNG663,cb_intrinsic,isomorphic
CB2711,2,,4,CB2711,cb_intrinsic,isomorphic
CB2735,4,,2,AVLP117,cb_intrinsic,isomorphic
CB2748,2,efferent neuron,4,GNG656,cb_efferent,isomorphic
CB2769,1,,5,CB2769,cb_intrinsic,isomorphic
CB2773,2,,4,CB2038,cb_intrinsic,isomorphic
CB2826,4,,2,WED157,cb_intrinsic,isomorphic
CB2829,1,,5,AVLP549,cb_intrinsic,isomorphic
CB2863,1,,5,CB2863,cb_intrinsic,isomorphic
CB2887,2,,4,LHAV3b2_b,cb_intrinsic,isomorphic
CB2936,4,,2,CB2936,cb_intrinsic,isomorphic
CB2952,2,,4,CB2952,cb_intrinsic,isomorphic
CB2967,1,,5,CB2967,cb_intrinsic,isomorphic
CB2972,2,,4,CB2972,cb_intrinsic,isomorphic
CB2978,1,,5,AVLP004_b,cb_intrinsic,isomorphic
CB2979,2,,4,CB2979,cb_intrinsic,isomorphic
CB2985,4,,2,CB2985,cb_intrinsic,isomorphic
CB2988,2,,4,CB2988,cb_intrinsic,isomorphic
CB2991,2,,4,SLP113,cb_intrinsic,isomorphic
CB3007,2,,4,CB3007,cb_intrinsic,isomorphic
CB3012,2,,4,CB3012,cb_intrinsic,isomorphic
CB3018,3,,3,CL185,cb_intrinsic,isomorphic
CB3030,4,,2,CB3030,cb_intrinsic,isomorphic
CB3060,4,,2,CB3060,cb_intrinsic,isomorphic
CB3067,4,,2,CB3067,cb_intrinsic,isomorphic
CB3080,2,,4,CB3080,cb_intrinsic,isomorphic
CB3113,2,,4,CB3113,cb_intrinsic,isomorphic
CB3148,3,,3,LHPV5h2_b,cb_intrinsic,isomorphic
CB3173,2,,4,CB3173,cb_intrinsic,isomorphic
CB3185,2,,4,CB3185,cb_intrinsic,isomorphic
CB3201,2,,4,CB3201,cb_intrinsic,isomorphic
CB3215,2,,4,CRE090,cb_intrinsic,isomorphic
CB3242,5,sensory neuron,1,GNG366,cb_intrinsic,isomorphic
CB3255,2,,4,CB3255,cb_intrinsic,isomorphic
CB3305,2,,4,CB3305,cb_intrinsic,isomorphic
CB3324,2,,4,AVLP104,cb_intrinsic,isomorphic
CB3325,1,,5,GNG364,cb_intrinsic,isomorphic
CB3391,1,,5,CB3391,cb_intrinsic,isomorphic
CB3441,2,,4,CB3441,cb_intrinsic,isomorphic
CB3447,1,,5,CB3447,cb_intrinsic,isomorphic
CB3457,1,,5,M_vPNml68,cb_intrinsic,isomorphic
CB3458,2,,4,LHPD2c2,cb_intrinsic,isomorphic
CB3459,4,,2,CB3459,cb_intrinsic,isomorphic
CB3484,2,,4,AVLP110_a,cb_intrinsic,isomorphic
CB3509,2,,4,SMP245,cb_intrinsic,isomorphic
CB3513,2,,4,CB3513,cb_intrinsic,isomorphic
CB3514,2,,4,AVLP600,cb_intrinsic,isomorphic
CB3537,2,,4,WED132,cb_intrinsic,isomorphic
CB3541,2,,4,CB3541,cb_intrinsic,isomorphic
CB3562,2,,4,GNG357,cb_intrinsic,isomorphic
CB3570,4,,2,CB3570,cb_intrinsic,isomorphic
CB3646,2,,4,CB3646,cb_intrinsic,isomorphic
CB3658,4,,2,PRW013,cb_intrinsic,isomorphic
CB3659,5,,1,GNG354,cb_intrinsic,isomorphic
CB3663,2,,4,AVLP112,cb_intrinsic,isomorphic
CB3666,2,,4,CB3666,cb_intrinsic,isomorphic
CB3685,2,,4,AVLP204,cb_intrinsic,isomorphic
CB3696,2,,4,PRW012,cb_intrinsic,isomorphic
CB3720,3,,3,GNG350,cb_intrinsic,isomorphic
CB3728,4,,2,CB3728,cb_intrinsic,isomorphic
CB3740,2,,4,CB3740,cb_intrinsic,isomorphic
CB3745,2,,4,CB3745,cb_intrinsic,isomorphic
CB3777,1,,5,SLP330,cb_intrinsic,isomorphic
CB3790,2,,4,LoVP81,cb_intrinsic,isomorphic
CB3805,2,,4,AMMC017,cb_intrinsic,isomorphic
CB3872,4,,2,CL090_d,cb_intrinsic,isomorphic
CL018a,2,,4,CL018,cb_intrinsic,isomorphic
CL081,3,,3,CL081,cb_intrinsic,isomorphic
CL089_c,1,,5,CL089_c,cb_intrinsic,isomorphic
CL090_a,2,,4,CL090_a,cb_intrinsic,isomorphic
CL113,2,,4,CL113,cb_intrinsic,isomorphic
CL120b,2,,4,CL120,cb_intrinsic,isomorphic
CL165,2,,4,CL165,cb_intrinsic,isomorphic
CL196a,2,,4,CL196,cb_intrinsic,isomorphic
CL208,2,,4,CL208,cb_intrinsic,isomorphic
CL234,2,,4,CL234,cb_intrinsic,isomorphic
CL239,1,,5,CL239,cb_intrinsic,isomorphic
CL261b,4,,2,CL261,cb_intrinsic,isomorphic
CL271,2,,4,CL271,cb_intrinsic,isomorphic
CL356,2,,4,CL356,cb_intrinsic,isomorphic
CRE017,2,,4,CRE017,cb_intrinsic,isomorphic
CRE020,2,,4,CRE020,cb_intrinsic,isomorphic
CRE059,2,,4,CRE059,cb_intrinsic,isomorphic
CRE079,4,,2,CRE079,cb_intrinsic,isomorphic
DC2_adPN,2,,4,DC2_adPN,cb_intrinsic,isomorphic
DN1a,2,glia,4,DN1a,cb_intrinsic,isomorphic
DNb08,2,CNS neuron,4,DNb08,descending_neuron,isomorphic
DNde003,2,CNS neuron,4,DNde003,descending_neuron,isomorphic
DNg02_b,1,CNS neuron,5,DNg02_b,descending_neuron,isomorphic
DNg12_d,2,CNS neuron,4,DNg12_d,descending_neuron,isomorphic
DNg36_a,2,CNS neuron,4,DNg36_a,descending_neuron,isomorphic
DNg85,4,CNS neuron,2,DNg85,descending_neuron,isomorphic
DNge012,4,CNS neuron,2,DNge012,descending_neuron,isomorphic
DNge015,1,CNS neuron,5,DNge015,descending_neuron,isomorphic
DNge145,2,CNS neuron,4,DNge145,descending_neuron,isomorphic
DNge172,2,CNS neuron,4,DNge172,descending_neuron,isomorphic
DNp67,4,CNS neuron,2,DNp67,descending_neuron,isomorphic
DNx01,4,sensory neuron,2,DNx01,sensory_descending,isomorphic
FB2G_a,4,,2,FB2G_a,cb_intrinsic,isomorphic
FB5N,2,,4,FB5N,cb_intrinsic,isomorphic
IB031,2,,4,IB031,cb_intrinsic,isomorphic
IB051,2,,4,IB051,cb_intrinsic,isomorphic
IB115,2,,4,IB115,cb_intrinsic,isomorphic
LAL020,2,,4,LAL020,cb_intrinsic,isomorphic
LAL030b,2,,4,LAL030_a,cb_intrinsic,isomorphic
LAL042,4,,2,LAL042,cb_intrinsic,isomorphic
LAL043c,2,,4,LAL043_c,cb_intrinsic,isomorphic
LAL047,4,,2,LAL047,cb_intrinsic,isomorphic
LAL088,3,,3,LAL088,cb_intrinsic,isomorphic
LAL112,2,,4,LAL112,cb_intrinsic,isomorphic
LAL145,2,,4,LAL145,cb_intrinsic,isomorphic
LAL150b,2,,4,LAL150,cb_intrinsic,isomorphic
LAL175,2,,4,LAL175,cb_intrinsic,isomorphic
LAL179a,2,,4,LAL179,cb_intrinsic,isomorphic
LC10f,2,,4,LoVP76,visual_projection,isomorphic
LHAD1a4b,2,,4,LHAD1a4_b,cb_intrinsic,isomorphic
LHAD1d2,2,,4,LHAD1d2,cb_intrinsic,isomorphic
LHAD3a8,2,,4,LHAD3a8,cb_intrinsic,isomorphic
LHAV2b2b,4,,2,LHAV2b2_c,cb_intrinsic,isomorphic
LHAV2b7_a,2,,4,LHAV2b7_a,cb_intrinsic,isomorphic
LHAV3g2,2,,4,LHAV3g2,cb_intrinsic,isomorphic
LHAV4g1b,4,,2,LHAV4g1,cb_intrinsic,isomorphic
LHAV4i1,2,,4,LHAV4i1,cb_intrinsic,isomorphic
LHAV7a1b,3,,3,LHAV7a1_b,cb_intrinsic,isomorphic
LHAV7a1c,1,,5,LHAV7a1,cb_intrinsic,isomorphic
LHPV1c1,3,,3,LHPV1c1,cb_intrinsic,isomorphic
LHPV2g1,2,,4,LHPV2g1,cb_intrinsic,isomorphic
LHPV3a2,1,,5,LHPV3a2,cb_intrinsic,isomorphic
LHPV7a2,2,,4,LHPV7a2,cb_intrinsic,isomorphic
LNd_b,2,,4,LNd_b,cb_intrinsic,isomorphic
LT43,2,,4,LT43,visual_projection,isomorphic
LT73,3,,3,LT73,visual_projection,isomorphic
LTe02,2,,4,LoVP71,visual_projection,isomorphic
LTe33,2,,4,LoVP62,visual_projection,isomorphic
MDN,2,CNS neuron,4,MDN,descending_neuron,isomorphic
MTe34,4,,2,MeVP50,visual_projection,isomorphic
MTe35,4,,2,MeVP52,visual_projection,isomorphic
M_l2PNm16,2,,4,M_l2PNm16,cb_intrinsic,isomorphic
M_lvPNm25,2,,4,M_lvPNm25,cb_intrinsic,isomorphic
MeMe_e11,2,,4,MeVPMe12,ol_intrinsic,isomorphic
OCG01c,4,sensory neuron,2,OCG01c,visual_projection,isomorphic
PLP015,2,,4,PLP015,cb_intrinsic,isomorphic
PLP017,2,,4,PLP017,cb_intrinsic,isomorphic
PLP021,2,,4,PLP021,cb_intrinsic,isomorphic
PLP023,2,,4,PLP023,cb_intrinsic,isomorphic
PLP025a,2,,4,PLP025,cb_intrinsic,isomorphic
PLP071,2,,4,PLP071,cb_intrinsic,isomorphic
PLP081,2,,4,PLP081,cb_intrinsic,isomorphic
PLP113,2,,4,PLP113,cb_intrinsic,isomorphic
PLP142,2,,4,PLP142,cb_intrinsic,isomorphic
PLP156,2,,4,PLP156,cb_intrinsic,isomorphic
PLP173,3,,3,PLP173,cb_intrinsic,isomorphic
PS019,2,,4,PS019,cb_intrinsic,isomorphic
PS021,2,,4,PS021,cb_intrinsic,isomorphic
PS092,4,,2,PS092,cb_intrinsic,isomorphic
PS237,2,,4,PS237,cb_intrinsic,isomorphic
PS263,2,,4,PS263,cb_intrinsic,isomorphic
PS279,2,,4,PS279,cb_intrinsic,isomorphic
PVLP021,2,,4,PVLP021,cb_intrinsic,isomorphic
PVLP070,2,,4,PVLP070,cb_intrinsic,isomorphic
PVLP101c,1,,5,PVLP101,cb_intrinsic,isomorphic
PVLP102,4,,2,PVLP102,cb_intrinsic,isomorphic
PVLP118,2,,4,PVLP118,cb_intrinsic,isomorphic
PVLP149,2,,4,PVLP149,cb_intrinsic,isomorphic
SAD040,2,,4,SAD040,cb_intrinsic,isomorphic
SAD080,3,,3,SAD080,cb_intrinsic,isomorphic
SIP034,2,,4,SIP034,cb_intrinsic,isomorphic
SLP025b,4,,2,SLP025,cb_intrinsic,isomorphic
SLP028c,2,CNS neuron,4,SLP028,cb_intrinsic,isomorphic
SLP062,2,,4,SLP062,cb_intrinsic,isomorphic
SLP101,2,,4,SLP101,cb_intrinsic,isomorphic
SLP137,2,,4,SLP137,cb_intrinsic,isomorphic
SLP157,2,,4,SLP157,cb_intrinsic,isomorphic
SLP244,2,,4,SLP244,cb_intrinsic,isomorphic
SLP321,2,,4,SLP321,cb_intrinsic,isomorphic
SLP359,2,,4,SLP359,cb_intrinsic,isomorphic
SMP020,2,,4,SMP020,cb_intrinsic,isomorphic
SMP087,2,,4,SMP087,cb_intrinsic,isomorphic
SMP095,2,,4,SMP095,cb_intrinsic,isomorphic
SMP102,1,,5,SMP102,cb_intrinsic,isomorphic
SMP107,2,,4,SMP107,cb_intrinsic,isomorphic
SMP155,2,,4,SMP155,cb_intrinsic,isomorphic
SMP160,2,,4,SMP160,cb_intrinsic,isomorphic
SMP170,2,,4,SMP170,cb_intrinsic,isomorphic
SMP207,2,,4,SMP207,cb_intrinsic,isomorphic
SMP208,1,,5,SMP208,cb_intrinsic,isomorphic
SMP271,2,,4,SMP271,cb_intrinsic,isomorphic
SMP342,3,,3,SMP342,cb_intrinsic,isomorphic
SMP399a,2,,4,SMP399_a,cb_intrinsic,isomorphic
SMP399b,2,,4,SMP399_b,cb_intrinsic,isomorphic
SMP408_a,2,,4,SMP408_a,cb_intrinsic,isomorphic
SMP451b,4,,2,SMP451,cb_intrinsic,isomorphic
SMP570b,3,,3,SMP570,cb_intrinsic,isomorphic
Sm38,2,,4,Cm30,ol_intrinsic,isomorphic
Sm40,2,,4,Cm31a,ol_intrinsic,isomorphic
VA1v_vPN,2,,4,VA1v_vPN,cb_intrinsic,isomorphic
VA3_adPN,2,,4,VA3_adPN,cb_intrinsic,isomorphic
VL2p_vPN,2,,4,VL2p_vPN,cb_intrinsic,isomorphic
VP1m+_lvPN,2,,4,VP1m+_lvPN,cb_intrinsic,isomorphic
WED060,2,,4,WED060,cb_intrinsic,isomorphic
WED082,2,,4,WED082,cb_intrinsic,isomorphic
WED097,2,,4,WED097,cb_intrinsic,isomorphic
WED155a,2,,4,WED155,cb_intrinsic,isomorphic
aMe8,2,,4,aMe8,visual_projection,isomorphic
aSP8,2,,4,AVLP009,cb_intrinsic,isomorphic
l2LN20,1,,5,l2LN20,cb_intrinsic,isomorphic
l2LN23,2,,4,l2LN23,cb_intrinsic,isomorphic
lLN2F_a,2,,4,lLN2F_a,cb_intrinsic,isomorphic
lLN2T_d,2,,4,lLN2T_d,cb_intrinsic,isomorphic
lLN2T_e,2,,4,lLN2T_e,cb_intrinsic,isomorphic
lLN2X03,1,,5,lLN2T_a,cb_intrinsic,isomorphic
mALC6,2,,4,LoVC23,cb_intrinsic,isomorphic
v2LN39a,2,,4,v2LN39a,cb_intrinsic,isomorphic
vCal1,4,,2,vCal1,visual_projection,isomorphic
5-HTPMPV01,3,glia,2,5-HTPMPV01,cb_intrinsic,isomorphic
AC neuron,1,,4,aDT4,cb_intrinsic,isomorphic
ALIN3,1,,4,ALIN3,cb_intrinsic,isomorphic
AN_AVLP_14,3,,2,AN08B018,ascending_neuron,isomorphic
AN_AVLP_24,3,,2,ANXXX098,ascending_neuron,isomorphic
AN_AVLP_25,3,,2,ANXXX098,ascending_neuron,isomorphic
AN_AVLP_26,1,,4,AN01A033,ascending_neuron,isomorphic
AN_AVLP_31,3,,2,AN08B024,ascending_neuron,isomorphic
AN_AVLP_41,3,,2,AN09B015,ascending_neuron,isomorphic
AN_AVLP_44,3,CNS neuron,2,ANXXX120,ascending_neuron,isomorphic
AN_AVLP_46,3,,2,AN10B033,ascending_neuron,isomorphic
AN_AVLP_GNG_18,3,,2,ANXXX027,ascending_neuron,isomorphic
AN_AVLP_GNG_4,3,,2,ANXXX027,ascending_neuron,isomorphic
AN_AVLP_GNG_8,2,,3,AN05B099,ascending_neuron,isomorphic
AN_AVLP_PVLP_1,3,,2,ANXXX027,ascending_neuron,isomorphic
AN_AVLP_PVLP_8,3,,2,AN09B012,ascending_neuron,isomorphic
AN_FLA_SMP_2,1,,4,ANXXX150,ascending_neuron,isomorphic
AN_GNG_195,3,,2,AN09B018,ascending_neuron,isomorphic
AN_GNG_28,3,,2,AN09B006,ascending_neuron,isomorphic
AN_GNG_38,3,,2,ANXXX200,ascending_neuron,isomorphic
AN_GNG_56,3,,2,AN02A016,ascending_neuron,isomorphic
AN_GNG_73,3,,2,ANXXX404,ascending_neuron,isomorphic
AN_GNG_96,3,,2,AN05B106,ascending_neuron,isomorphic
AN_GNG_IPS_7,3,,2,AN07B021,ascending_neuron,isomorphic
AN_GNG_IPS_9,3,,2,AN03B039,ascending_neuron,isomorphic
AN_GNG_SAD_2,3,,2,AN09B009,ascending_neuron,isomorphic
AN_GNG_SAD_27,3,CNS neuron,2,AN10B015,ascending_neuron,isomorphic
AN_GNG_SAD_34,1,,4,AN08B023,ascending_neuron,isomorphic
AN_GNG_SAD_9,3,,2,AN17A012,ascending_neuron,isomorphic
AN_GNG_VES_5,3,,2,AN04B001,ascending_neuron,isomorphic
AN_GNG_VES_8,3,CNS neuron,2,AN04B001,ascending_neuron,isomorphic
AN_IPS_GNG_2,3,,2,AN02A022,ascending_neuron,isomorphic
AN_SPS_IPS_1,3,,2,AN07B078_b,ascending_neuron,isomorphic
AN_VES_WED_2,3,,2,AN10B024,ascending_neuron,isomorphic
AN_multi_110,3,,2,ANXXX165,ascending_neuron,isomorphic
AN_multi_114,3,,2,AN17A062,ascending_neuron,isomorphic
AN_multi_15,3,,2,AN12B019,ascending_neuron,isomorphic
AN_multi_21,3,,2,AN09B060,ascending_neuron,isomorphic
AN_multi_32,3,,2,ANXXX139,ascending_neuron,isomorphic
AN_multi_45,3,,2,AN08B022,ascending_neuron,isomorphic
AN_multi_52,3,,2,AN08B026,ascending_neuron,isomorphic
AN_multi_98,1,,4,AN08B048,ascending_neuron,isomorphic
AOTU011,1,,4,AOTU011,cb_intrinsic,isomorphic
AOTU021,3,,2,AOTU021,cb_intrinsic,isomorphic
AOTU050a,1,,4,AOTU050,cb_intrinsic,isomorphic
ATL013,1,,4,ATL013,cb_intrinsic,isomorphic
ATL025,3,,2,ATL025,cb_intrinsic,isomorphic
AVLP164,1,,4,AVLP164,cb_intrinsic,isomorphic
AVLP165,1,,4,AVLP165,cb_intrinsic,isomorphic
AVLP182,2,,3,AVLP182,cb_intrinsic,isomorphic
AVLP203,3,,2,AVLP203_c,cb_intrinsic,isomorphic
AVLP205a,2,,3,AVLP205,cb_intrinsic,isomorphic
AVLP218b,1,,4,AVLP218_b,cb_intrinsic,isomorphic
AVLP219a,1,,4,AVLP219_a,cb_intrinsic,isomorphic
AVLP222,3,,2,AVLP222,cb_intrinsic,isomorphic
AVLP259,1,,4,AVLP259,cb_intrinsic,isomorphic
AVLP282,1,,4,AVLP282,cb_intrinsic,isomorphic
AVLP284,2,,3,AVLP284,cb_intrinsic,isomorphic
AVLP312a,1,,4,AVLP312,cb_intrinsic,isomorphic
AVLP344,3,,2,AVLP344,cb_intrinsic,isomorphic
AVLP420_b,1,,4,AVLP420_b,cb_intrinsic,isomorphic
AVLP436,1,,4,AVLP436,cb_intrinsic,isomorphic
AVLP457,3,,2,AVLP457,cb_intrinsic,isomorphic
AVLP496a,2,,3,AVLP496,cb_intrinsic,isomorphic
AVLP497,3,,2,AVLP497,cb_intrinsic,isomorphic
AVLP519a,3,,2,AVLP519,cb_intrinsic,isomorphic
AVLP519b,1,,4,AVLP519,cb_intrinsic,isomorphic
AVLP555,2,,3,AVLP555,cb_intrinsic,isomorphic
AVLP567,1,,4,AVLP567,cb_intrinsic,isomorphic
CB.FB1H0,1,,4,FB1C,cb_intrinsic,isomorphic
CB.FB2H0,1,,4,FB2A,cb_intrinsic,isomorphic
CB.FB2I0,1,,4,FB2L,cb_intrinsic,isomorphic
CB.FB5E1,1,,4,FB5Y_a,cb_intrinsic,isomorphic
CB.FB5F1,1,,4,FB5A,cb_intrinsic,isomorphic
CB.FB8B0,1,,4,FB8B,cb_intrinsic,isomorphic
CB.FB8B1,1,,4,FB8C,cb_intrinsic,isomorphic
CB0096,1,,4,AVLP599,cb_intrinsic,isomorphic
CB0098,2,,3,GNG575,cb_intrinsic,isomorphic
CB0100,3,,2,LAL204,cb_intrinsic,isomorphic
CB0124,2,,3,GNG572,cb_intrinsic,isomorphic
CB0148,3,,2,AVLP598,cb_intrinsic,isomorphic
CB0195,2,,3,GNG556,cb_intrinsic,isomorphic
CB0269,3,,2,SMP508,cb_intrinsic,isomorphic
CB0327,2,,3,WED192,cb_intrinsic,isomorphic
CB0345,1,,4,WED166_a,cb_intrinsic,isomorphic
CB0350,3,sensory neuron,2,PRW063,cb_intrinsic,isomorphic
CB0379,2,,3,LHAV2g6,cb_intrinsic,isomorphic
CB0391,2,,3,CB0391,cb_intrinsic,isomorphic
CB0419,3,,2,GNG524,cb_intrinsic,isomorphic
CB0421,3,,2,GNG247,cb_intrinsic,isomorphic
CB0433,2,,3,GNG523,cb_intrinsic,isomorphic
CB0450,3,,2,AVLP400,cb_intrinsic,isomorphic
CB0455,3,,2,GNG063,cb_intrinsic,isomorphic
CB0479,3,,2,GNG076,cb_intrinsic,isomorphic
CB0591,1,,4,CB0591,cb_intrinsic,isomorphic
CB0601,2,,3,GNG496,cb_intrinsic,isomorphic
CB0650,1,,4,CB0650,cb_intrinsic,isomorphic
CB0668,3,,2,PLP261,cb_intrinsic,isomorphic
CB0722,1,,4,GNG627,cb_intrinsic,isomorphic
CB0755,1,,4,PS315,cb_intrinsic,isomorphic
CB0757,1,,4,LAL083,cb_intrinsic,isomorphic
CB0788,3,,2,GNG164,cb_intrinsic,isomorphic
CB0798,3,,2,GNG469,cb_intrinsic,isomorphic
CB0824,3,,2,GNG169,cb_intrinsic,isomorphic
CB0829,1,,4,CB0829,cb_intrinsic,isomorphic
CB0859,3,,2,GNG178,cb_intrinsic,isomorphic
CB0917,2,,3,GNG456,cb_intrinsic,isomorphic
CB0931,2,,3,SIP021_b,cb_intrinsic,isomorphic
CB0942,1,,4,CRE099,cb_intrinsic,isomorphic
CB1016,1,,4,LHPD5e1,cb_intrinsic,isomorphic
CB1057,1,,4,CB1057,cb_intrinsic,isomorphic
CB1060,1,,4,CB1060,cb_intrinsic,isomorphic
CB1074,1,,4,CB1074,cb_intrinsic,isomorphic
CB1113,3,,2,LHAV2k12_b,cb_intrinsic,isomorphic
CB1120,3,,2,GNG445,cb_intrinsic,isomorphic
CB1150,2,CNS neuron,3,CB1150,cb_intrinsic,isomorphic
CB1179,1,,4,CB1179,cb_intrinsic,isomorphic
CB1190,1,,4,CB1190,cb_intrinsic,isomorphic
CB1215,1,,4,LPN_a,cb_intrinsic,isomorphic
CB1226,1,,4,SMP086,cb_intrinsic,isomorphic
CB1233,2,,3,CB1233,cb_intrinsic,isomorphic
CB1241,1,,4,CB1241,cb_intrinsic,isomorphic
CB1263,2,,3,CB1263,cb_intrinsic,isomorphic
CB1270,1,,4,PS042,cb_intrinsic,isomorphic
CB1283,1,,4,WED143_b,cb_intrinsic,isomorphic
CB1301,3,,2,CB1301,cb_intrinsic,isomorphic
CB1304,3,,2,GNG441,cb_intrinsic,isomorphic
CB1308,1,,4,CB1308,cb_intrinsic,isomorphic
CB1365,1,,4,CB1365,cb_intrinsic,isomorphic
CB1376,1,,4,GNG439,cb_intrinsic,isomorphic
CB1413,3,,2,CB1413,cb_intrinsic,isomorphic
CB1414,1,,4,VES031,cb_intrinsic,isomorphic
CB1462,3,,2,SLP043,cb_intrinsic,isomorphic
CB1477,2,,3,CB1477,cb_intrinsic,isomorphic
CB1489,1,,4,SIP030,cb_intrinsic,isomorphic
CB1500,1,,4,CB1500,cb_intrinsic,isomorphic
CB1502,1,,4,CB1502,cb_intrinsic,isomorphic
CB1517,2,,3,GNG425,cb_intrinsic,isomorphic
CB1532,1,,4,CB1532,cb_intrinsic,isomorphic
CB1541,1,,4,CB1541,cb_intrinsic,isomorphic
CB1545,2,glia,3,CB1545,cb_intrinsic,isomorphic
CB1547,2,,3,CB1547,cb_intrinsic,isomorphic
CB1559,2,,3,SLP138,cb_intrinsic,isomorphic
CB1564,1,,4,CB1564,cb_intrinsic,isomorphic
CB1573,1,,4,AVLP225_b3,cb_intrinsic,isomorphic
CB1607,4,,1,CB1607,cb_intrinsic,isomorphic
CB1627,2,,3,CB1627,cb_intrinsic,isomorphic
CB1661,1,,4,LHPV4d10,cb_intrinsic,isomorphic
CB1678,3,,2,CB1678,cb_intrinsic,isomorphic
CB1682,1,,4,AVLP424,cb_intrinsic,isomorphic
CB1695,1,,4,CB1695,cb_intrinsic,isomorphic
CB1697,1,,4,CB1697,cb_intrinsic,isomorphic
CB1722,1,sensory neuron,4,LHAV4d1,cb_intrinsic,isomorphic
CB1729,3,,2,CB1729,cb_intrinsic,isomorphic
CB1733,1,,4,CB1733,cb_intrinsic,isomorphic
CB1744,2,,3,CB1744,cb_intrinsic,isomorphic
CB1771,1,,4,CB1771,cb_intrinsic,isomorphic
CB1792,1,,4,CB1792,cb_intrinsic,isomorphic
CB1841,1,,4,CB1841,cb_intrinsic,isomorphic
CB1849,1,,4,CB1849,cb_intrinsic,isomorphic
CB1938,2,,3,CB1938,cb_intrinsic,isomorphic
CB1959,3,,2,CB1959,cb_intrinsic,isomorphic
CB1976,1,,4,CB1976,cb_intrinsic,isomorphic
CB1987,1,,4,CB1987,cb_intrinsic,isomorphic
CB1999,2,,3,PLVP059,cb_intrinsic,isomorphic
CB2065,1,,4,GNG165,cb_intrinsic,isomorphic
CB2090,1,sensory neuron,4,CB2090,cb_intrinsic,isomorphic
CB2092,3,,2,CB2092,cb_intrinsic,isomorphic
CB2097,1,,4,LHAV6a4,cb_intrinsic,isomorphic
CB2118,1,,4,SMP382,cb_intrinsic,isomorphic
CB2132,3,,2,CB2132,cb_intrinsic,isomorphic
CB2141,3,,2,LHPV2a2,cb_intrinsic,isomorphic
CB2144,1,,4,CB2144,cb_intrinsic,isomorphic
CB2226,1,,4,CB2226,cb_intrinsic,isomorphic
CB2230,2,,3,CB2230,cb_intrinsic,isomorphic
CB2247,2,,3,LHAV6b3,cb_intrinsic,isomorphic
CB2270,1,,4,CB2270,cb_intrinsic,isomorphic
CB2279,1,,4,LHAD3e1_a,cb_intrinsic,isomorphic
CB2310,1,,4,CB2310,cb_intrinsic,isomorphic
CB2329,1,,4,SMP133,cb_intrinsic,isomorphic
CB2330,1,,4,AVLP170,cb_intrinsic,isomorphic
CB2337,1,,4,CB2337,cb_intrinsic,isomorphic
CB2355,2,,3,GNG397,cb_intrinsic,isomorphic
CB2365,1,,4,CB2365,cb_intrinsic,isomorphic
CB2371,3,,2,CB2371,cb_intrinsic,isomorphic
CB2373,3,,2,CB2373,cb_intrinsic,isomorphic
CB2377,1,,4,CB2377,cb_intrinsic,isomorphic
CB2397,1,,4,WED159,cb_intrinsic,isomorphic
CB2401,1,,4,CB2401,cb_intrinsic,isomorphic
CB2438,1,,4,SMP220,cb_intrinsic,isomorphic
CB2475,3,,2,CB2475,cb_intrinsic,isomorphic
CB2525,1,,4,SMP324,cb_intrinsic,isomorphic
CB2538,1,,4,CB2538,cb_intrinsic,isomorphic
CB2559,1,,4,CB2559,cb_intrinsic,isomorphic
CB2577,2,,3,SMP024,cb_intrinsic,isomorphic
CB2584,1,,4,CB2584,cb_intrinsic,isomorphic
CB2596,1,,4,CB2596,cb_intrinsic,isomorphic
CB2612,1,,4,AVLP003,cb_intrinsic,isomorphic
CB2627,3,,2,CB2627,cb_intrinsic,isomorphic
CB2647,1,,4,GNG387,cb_intrinsic,isomorphic
CB2664,1,,4,CB2664,cb_intrinsic,isomorphic
CB2677,1,,4,LHPD3a2_c,cb_intrinsic,isomorphic
CB2702,1,,4,CB2702,cb_intrinsic,isomorphic
CB2737,2,,3,CB2737,cb_intrinsic,isomorphic
CB2754,1,,4,CB2754,cb_intrinsic,isomorphic
CB2759,1,,4,LHAV3b2_a,cb_intrinsic,isomorphic
CB2789,1,,4,CB2789,cb_intrinsic,isomorphic
CB2796,4,,1,LHPV3a3_b,cb_intrinsic,isomorphic
CB2866,3,,2,AVLP274_b,cb_intrinsic,isomorphic
CB2877,3,,2,CB2877,cb_intrinsic,isomorphic
CB2904,1,,4,CB2904,cb_intrinsic,isomorphic
CB2908,1,,4,CB2908,cb_intrinsic,isomorphic
CB2913,3,,2,CB2913,cb_intrinsic,isomorphic
CB2927,2,,3,CB2927,cb_intrinsic,isomorphic
CB2943,1,,4,CRE034,cb_intrinsic,isomorphic
CB2945,2,,3,LHPD2a6,cb_intrinsic,isomorphic
CB2998,2,,3,LHPV2c5,cb_intrinsic,isomorphic
CB3042,1,,4,CB3042,cb_intrinsic,isomorphic
CB3052,3,,2,CB3052,cb_intrinsic,isomorphic
CB3073,1,,4,LHPV4d4,cb_intrinsic,isomorphic
CB3085,1,,4,LHAV6b3,cb_intrinsic,isomorphic
CB3099,1,,4,AVLP115,cb_intrinsic,isomorphic
CB3135,2,,3,CB3135,cb_intrinsic,isomorphic
CB3151,2,,3,GNG373,cb_intrinsic,isomorphic
CB3208,1,,4,CB3208,cb_intrinsic,isomorphic
CB3228,2,,3,CB3228,cb_intrinsic,isomorphic
CB3236,1,,4,CB3236,cb_intrinsic,isomorphic
CB3254,1,,4,GNG367_a,cb_intrinsic,isomorphic
CB3263,1,,4,CL275,cb_intrinsic,isomorphic
CB3267,2,,3,PRW021,cb_intrinsic,isomorphic
CB3294,1,,4,LHPV2c4,cb_intrinsic,isomorphic
CB3302,1,,4,CB3302,cb_intrinsic,isomorphic
CB3318,1,,4,CB3318,cb_intrinsic,isomorphic
CB3331,1,,4,LHPD2a4_b,cb_intrinsic,isomorphic
CB3340,1,,4,CB3340,cb_intrinsic,isomorphic
CB3372,1,,4,PS333,cb_intrinsic,isomorphic
CB3376,1,,4,CB3376,cb_intrinsic,isomorphic
CB3390,1,,4,AVLP511,cb_intrinsic,isomorphic
CB3404,2,,3,CB3404,cb_intrinsic,isomorphic
CB3433,3,,2,CB3433,cb_intrinsic,isomorphic
CB3450,1,,4,CB3450,cb_intrinsic,isomorphic
CB3453,3,,2,CB3453,cb_intrinsic,isomorphic
CB3466,1,,4,CB3466,cb_intrinsic,isomorphic
CB3483,1,,4,PVLP047,cb_intrinsic,isomorphic
CB3499,2,,3,CB3499,cb_intrinsic,isomorphic
CB3528,2,,3,CB3528,cb_intrinsic,isomorphic
CB3530,1,,4,CB3530,cb_intrinsic,isomorphic
CB3544,3,,2,CB3544,cb_intrinsic,isomorphic
CB3547,1,,4,VES097,cb_intrinsic,isomorphic
CB3548,2,,3,CB3548,cb_intrinsic,isomorphic
CB3555,1,,4,LHPV4c1_c,cb_intrinsic,isomorphic
CB3569,1,,4,CB3569,cb_intrinsic,isomorphic
CB3578,1,,4,CB3578,cb_intrinsic,isomorphic
CB3595,3,,2,CB3595,cb_intrinsic,isomorphic
CB3598,2,,3,CB3598,cb_intrinsic,isomorphic
CB3614,1,,4,CB3614,cb_intrinsic,isomorphic
CB3649,2,,3,CB3649,cb_intrinsic,isomorphic
CB3668,3,,2,AVLP163,cb_intrinsic,isomorphic
CB3694,1,,4,VES107,cb_intrinsic,isomorphic
CB3733,1,,4,CB3733,cb_intrinsic,isomorphic
CB3775,2,,3,SLP328,cb_intrinsic,isomorphic
CB3784,1,,4,CB3784,cb_intrinsic,isomorphic
CB3798,2,,3,CB3798,cb_intrinsic,isomorphic
CB3863,3,,2,CB3863,cb_intrinsic,isomorphic
CB3871,1,,4,CL090_d,cb_intrinsic,isomorphic
CL016,2,,3,CL016,cb_intrinsic,isomorphic
CL028,3,,2,CL028,cb_intrinsic,isomorphic
CL074,1,,4,CL074,cb_intrinsic,isomorphic
CL089_a,1,,4,CL089_a1,cb_intrinsic,isomorphic
CL092,3,,2,CL092,cb_intrinsic,isomorphic
CL127,1,,4,CL127,cb_intrinsic,isomorphic
CL149,3,,2,CL149,cb_intrinsic,isomorphic
CL186,2,,3,CL186,cb_intrinsic,isomorphic
CL196b,3,,2,CL196,cb_intrinsic,isomorphic
CL258,1,,4,CL258,cb_intrinsic,isomorphic
CL270a,1,,4,CL270,cb_intrinsic,isomorphic
CL282,1,,4,CL282,cb_intrinsic,isomorphic
CL292a,1,,4,CL292,cb_intrinsic,isomorphic
CL323b,3,,2,CL323,cb_intrinsic,isomorphic
CL344,1,,4,CL344_a,cb_intrinsic,isomorphic
CL348,1,,4,CL348,cb_intrinsic,isomorphic
CRE013,3,,2,CRE013,cb_intrinsic,isomorphic
CRE023,3,,2,CRE023,cb_intrinsic,isomorphic
CRE049,3,,2,CRE049,cb_intrinsic,isomorphic
CRE070,3,,2,CRE070,cb_intrinsic,isomorphic
CRE072,1,,4,CRE072,cb_intrinsic,isomorphic
CRE078,1,,4,CRE078,cb_intrinsic,isomorphic
CRE087,3,,2,CRE088,cb_intrinsic,isomorphic
CRE103a,1,,4,CRE103,cb_intrinsic,isomorphic
DL1_adPN,1,,4,DL1_adPN,cb_intrinsic,isomorphic
DL2d_vPN,1,,4,DL2d_vPN,cb_intrinsic,isomorphic
DM4_adPN,3,,2,DM4_adPN,cb_intrinsic,isomorphic
DN1pB,1,,4,DN1pB,cb_intrinsic,isomorphic
DNa03,3,CNS neuron,2,DNa03,descending_neuron,isomorphic
DNb02,1,CNS neuron,4,DNb02,descending_neuron,isomorphic
DNbe007,3,CNS neuron,2,DNbe007,descending_neuron,isomorphic
DNg28,1,glia,4,DNg28,efferent_descending,isomorphic
DNg51,1,CNS neuron,4,DNg51,descending_neuron,isomorphic
DNg64,3,CNS neuron,2,DNg64,descending_neuron,isomorphic
DNg72,1,CNS neuron,4,DNg72,descending_neuron,isomorphic
DNg88,3,CNS neuron,2,DNg88,descending_neuron,isomorphic
DNge006,3,CNS neuron,2,DNge006,descending_neuron,isomorphic
DNge009,1,CNS neuron,4,DNge009,descending_neuron,isomorphic
DNge046,1,,4,DNge046,descending_neuron,isomorphic
DNge060,3,CNS neuron,2,DNge060,descending_neuron,isomorphic
DNge073,3,CNS neuron,2,DNge073,descending_neuron,isomorphic
DNge078,3,CNS neuron,2,DNge078,descending_neuron,isomorphic
DNge087,1,CNS neuron,4,DNge087,descending_neuron,isomorphic
DNge090,1,CNS neuron,4,DNge090,descending_neuron,isomorphic
DNge092,1,CNS neuron,4,DNge092,descending_neuron,isomorphic
DNge093,1,CNS neuron,4,DNge093,descending_neuron,isomorphic
DNge095,2,CNS neuron,3,DNge095,descending_neuron,isomorphic
DNge117,1,,4,DNge117,descending_neuron,isomorphic
DNge153,3,CNS neuron,2,DNge153,descending_neuron,isomorphic
DNp22,3,CNS neuron,2,DNp22,descending_neuron,isomorphic
DNp24,3,CNS neuron,2,DNp24,descending_neuron,isomorphic
DNp53,3,CNS neuron,2,DNp53,descending_neuron,isomorphic
DNp59,3,CNS neuron,2,DNp59,descending_neuron,isomorphic
DNp71,3,CNS neuron,2,DNp71,descending_neuron,isomorphic
DNpe031,1,CNS neuron,4,DNpe031,descending_neuron,isomorphic
ExR2,1,,4,ExR2,cb_intrinsic,isomorphic
FB1B,1,,4,FB1B,cb_intrinsic,isomorphic
FB4J,3,,2,FB4J,cb_intrinsic,isomorphic
FB4P_a,1,,4,FB4P_a,cb_intrinsic,isomorphic
FB5O,3,,2,FB5O,cb_intrinsic,isomorphic
FB6I,3,,2,FB6I,cb_intrinsic,isomorphic
FB6R,1,,4,FB6R,cb_intrinsic,isomorphic
FB6V,3,,2,FB6V,cb_intrinsic,isomorphic
FB7F,1,,4,FB7F,cb_intrinsic,isomorphic
IB045,1,,4,IB045,cb_intrinsic,isomorphic
IB076,1,,4,IB076,cb_intrinsic,isomorphic
ISN,1,sensory neuron,4,ISN,cb_intrinsic,isomorphic
LAL004,4,,1,LAL004,cb_intrinsic,isomorphic
LAL120,1,,4,LAL120_a,cb_intrinsic,isomorphic
LAL126,1,,4,LAL126,cb_intrinsic,isomorphic
LAL127,1,,4,LAL127,cb_intrinsic,isomorphic
LAL133b,1,,4,LAL133_c,cb_intrinsic,isomorphic
LAL149,1,,4,LAL149,cb_intrinsic,isomorphic
LAL151,3,,2,LAL151,cb_intrinsic,isomorphic
LAL187,3,,2,LAL187,cb_intrinsic,isomorphic
LHAD1b3,1,,4,LHAD1b3,cb_intrinsic,isomorphic
LHAD1c2a,2,,3,LHAD1c2,cb_intrinsic,isomorphic
LHAD2c1,2,,3,LHAD2c1,cb_intrinsic,isomorphic
LHAD2c2,1,,4,LHAD2c2,cb_intrinsic,isomorphic
LHAD3g1,1,,4,LHAD3g1,cb_intrinsic,isomorphic
LHAV1b1,1,,4,LHAV1b1,cb_intrinsic,isomorphic
LHAV2b11,1,,4,LHAV2b11,cb_intrinsic,isomorphic
LHAV2f2_b,1,,4,LHAV2f2_b,cb_intrinsic,isomorphic
LHAV2g5,1,,4,LHAV2g5,cb_intrinsic,isomorphic
LHAV2m1,1,,4,LHAV2m1,cb_intrinsic,isomorphic
LHAV3g1,1,,4,LHAV3g1,cb_intrinsic,isomorphic
LHAV4g1a,1,,4,LHAV4g1,cb_intrinsic,isomorphic
LHAV6a1,1,,4,LHAV6a1,cb_intrinsic,isomorphic
LHAV7a1a,1,,4,LHAV7a1_a,cb_intrinsic,isomorphic
LHAV9a1_a,1,,4,LHAV9a1_a,cb_intrinsic,isomorphic
LHCENT12b,1,,4,LHCENT12_b,cb_intrinsic,isomorphic
LHCENT4,3,,2,LHCENT4,cb_intrinsic,isomorphic
LHPD2c7,1,,4,LHPD2c7,cb_intrinsic,isomorphic
LHPD2d2,3,,2,LHPD2d2,cb_intrinsic,isomorphic
LHPV11a1,1,,4,LHPV11a1,cb_intrinsic,isomorphic
LHPV4b2,3,,2,LHPV4b2,cb_intrinsic,isomorphic
LHPV6k2,1,,4,LHPV6k2,cb_intrinsic,isomorphic
LHPV6l2,3,,2,LHPV6l2,cb_intrinsic,isomorphic
LMTe01,1,,4,CL125,visual_projection,isomorphic
LNO1,1,,4,LNO1,cb_intrinsic,isomorphic
LPi14,1,CNS neuron,4,LPi12,ol_intrinsic,isomorphic
LT40,3,,2,LT40,visual_centrifugal,isomorphic
LT69,3,,2,LT69,visual_projection,isomorphic
LTe21,3,,2,LoVP101,visual_projection,isomorphic
LTe35,3,,2,LoVP58,visual_projection,isomorphic
LTe50,1,,4,LoVP38,visual_projection,isomorphic
LTe55,3,,2,LoVP43,visual_projection,isomorphic
LTe56,3,,2,LoVP60,visual_projection,isomorphic
LTe67,1,CNS neuron,4,LoVP82,visual_projection,isomorphic
MBON07,1,,4,MBON07,cb_intrinsic,isomorphic
MBON12,1,,4,MBON12,cb_intrinsic,isomorphic
MBON14,1,,4,MBON14,cb_intrinsic,isomorphic
MBON15,1,,4,MBON15,cb_intrinsic,isomorphic
MBON15-like,1,,4,MBON15-like,cb_intrinsic,isomorphic
MTe30,3,,2,MeVP41,visual_projection,isomorphic
MTe33,3,,2,MeVP47,visual_projection,isomorphic
MTe38,3,,2,MeVP25,visual_projection,isomorphic
MTe44,3,,2,MeVP24,visual_projection,isomorphic
M_l2PN3t18,1,,4,M_l2PN3t18,cb_intrinsic,isomorphic
M_lvPNm24,1,,4,M_lvPNm24,cb_intrinsic,isomorphic
M_vPNml50,1,,4,M_vPNml50,cb_intrinsic,isomorphic
M_vPNml67,1,,4,M_vPNml67,cb_intrinsic,isomorphic
M_vPNml69,1,,4,M_vPNml69,cb_intrinsic,isomorphic
M_vPNml72,1,,4,M_vPNml72,cb_intrinsic,isomorphic
MeMe_e06,2,,3,MeVPMe4,visual_projection,isomorphic
MeMe_e10,1,,4,MeVPMe10,ol_intrinsic,isomorphic
OA-ASM3,3,,2,OA-ASM3,cb_intrinsic,isomorphic
OCG02c,1,,4,OCG02c,visual_projection,isomorphic
P6-8P9,1,,4,P6-8P9,cb_intrinsic,isomorphic
PLP018,1,,4,PLP018,cb_intrinsic,isomorphic
PLP037a,2,,3,WED038,cb_intrinsic,isomorphic
PLP038,1,,4,PLP038,cb_intrinsic,isomorphic
PLP042a,2,,3,PLP042a,cb_intrinsic,isomorphic
PLP046c,1,,4,PLP046,cb_intrinsic,isomorphic
PLP067b,1,,4,PLP067,cb_intrinsic,isomorphic
PLP246,3,,2,PLP246,cb_intrinsic,isomorphic
PS007,1,,4,PS007,cb_intrinsic,isomorphic
PS022,1,,4,PS022,cb_intrinsic,isomorphic
PS025,3,,2,PS025,cb_intrinsic,isomorphic
PS026,1,,4,PS026,cb_intrinsic,isomorphic
PS027,3,sensory neuron,2,PS027,cb_intrinsic,isomorphic
PS059,1,,4,PS059,cb_intrinsic,isomorphic
PS109,1,,4,PS109,cb_intrinsic,isomorphic
PS115,3,,2,PS115,cb_intrinsic,isomorphic
PS234,3,,2,PS234,cb_intrinsic,isomorphic
PS292,1,,4,PS292,cb_intrinsic,isomorphic
PVLP025,1,,4,PVLP025,cb_intrinsic,isomorphic
PVLP081,1,,4,PVLP081,cb_intrinsic,isomorphic
PVLP100,2,,3,PVLP100,cb_intrinsic,isomorphic
PVLP122b,1,,4,PVLP122,cb_intrinsic,isomorphic
PVLP123a,1,,4,PVLP123,cb_intrinsic,isomorphic
PVLP123b,1,,4,PVLP123,cb_intrinsic,isomorphic
PVLP124,3,,2,PVLP124,cb_intrinsic,isomorphic
PVLP134,1,,4,PVLP134,cb_intrinsic,isomorphic
PVLP135,1,,4,PVLP135,cb_intrinsic,isomorphic
SIP005,1,,4,SIP005,cb_intrinsic,isomorphic
SIP081,1,,4,SIP081,cb_intrinsic,isomorphic
SLP027,1,,4,SLP027,cb_intrinsic,isomorphic
SLP151,3,,2,SLP151,cb_intrinsic,isomorphic
SLP274,2,,3,SLP274,cb_intrinsic,isomorphic
SLP364,1,,4,SLP364,cb_intrinsic,isomorphic
SLP375,1,,4,SLP375,cb_intrinsic,isomorphic
SLP376,3,,2,SLP376,cb_intrinsic,isomorphic
SLP438,1,,4,SLP438,cb_intrinsic,isomorphic
SLP443,3,,2,SLP443,cb_intrinsic,isomorphic
SLP456,3,,2,SLP456,cb_intrinsic,isomorphic
SLP467a,1,,4,SLP467,cb_intrinsic,isomorphic
SMP022b,1,,4,SMP022,cb_intrinsic,isomorphic
SMP034,1,,4,SMP034,cb_intrinsic,isomorphic
SMP055,1,,4,SMP055,cb_intrinsic,isomorphic
SMP079,1,,4,SMP079,cb_intrinsic,isomorphic
SMP081,1,,4,SMP081,cb_intrinsic,isomorphic
SMP083,1,,4,SMP083,cb_intrinsic,isomorphic
SMP090,1,,4,SMP090,cb_intrinsic,isomorphic
SMP093,1,,4,SMP093,cb_intrinsic,isomorphic
SMP112,1,,4,SMP112,cb_intrinsic,isomorphic
SMP124,1,,4,SMP124,cb_intrinsic,isomorphic
SMP162a,1,,4,SMP162,cb_intrinsic,isomorphic
SMP178,3,,2,SMP178,cb_intrinsic,isomorphic
SMP194,1,,4,SMP194,cb_intrinsic,isomorphic
SMP245,1,,4,SMP245,cb_intrinsic,isomorphic
SMP312,1,,4,SMP312,cb_intrinsic,isomorphic
SMP317b,1,,4,SMP317,cb_intrinsic,isomorphic
SMP320a,1,,4,SMP320,cb_intrinsic,isomorphic
SMP329,1,,4,SMP329,cb_intrinsic,isomorphic
SMP331a,1,,4,SMP331,cb_intrinsic,isomorphic
SMP332b,2,,3,SMP332,cb_intrinsic,isomorphic
SMP339,3,,2,SMP339,cb_intrinsic,isomorphic
SMP361a,1,,4,SMP361,cb_intrinsic,isomorphic
SMP370,3,,2,SMP370,cb_intrinsic,isomorphic
SMP398,1,,4,SMP398_a,cb_intrinsic,isomorphic
SMP413,1,,4,SMP413,cb_intrinsic,isomorphic
SMP428,1,,4,SMP428_a,cb_intrinsic,isomorphic
SMP476,1,,4,SMP476,cb_intrinsic,isomorphic
SMP482,1,,4,SMP482,cb_intrinsic,isomorphic
SMP532b,3,,2,SMP532_b,cb_intrinsic,isomorphic
SMP533,2,,3,SMP533,cb_intrinsic,isomorphic
SMP535,1,,4,SMP535,cb_intrinsic,isomorphic
SMP539,1,,4,SMP539,cb_intrinsic,isomorphic
SMP540,1,,4,SMP540,cb_intrinsic,isomorphic
SMP562,3,,2,SMP562,cb_intrinsic,isomorphic
SMP588,1,,4,SMP588,cb_intrinsic,isomorphic
VM2_adPN,2,,3,VM2_adPN,cb_intrinsic,isomorphic
VM3_adPN,1,,4,VM3_adPN,cb_intrinsic,isomorphic
WED007,3,,2,WED007,cb_intrinsic,isomorphic
WED017,3,,2,WED017,cb_intrinsic,isomorphic
WED098,2,,3,WED098,cb_intrinsic,isomorphic
WED099,2,,3,WED099,cb_intrinsic,isomorphic
WED125,2,,3,WED125,cb_intrinsic,isomorphic
WEDPN1B,3,,2,WEDPN1B,cb_intrinsic,isomorphic
aMe3,3,,2,aMe3,visual_projection,isomorphic
cL21,1,,4,LoVC16,visual_centrifugal,isomorphic
cM16,3,,2,MeVC4b,visual_centrifugal,isomorphic
lLN2T_c,1,,4,lLN2T_c,cb_intrinsic,isomorphic
v2LN33,1,,4,v2LN33,cb_intrinsic,isomorphic
v2LN49,1,glia,4,v2LN49,cb_intrinsic,isomorphic
5-HTPMPD01,2,,2,5-HTPMPD01,cb_intrinsic,isomorphic
5-HTPMPV03,2,,2,5-HTPMPV03,visual_centrifugal,isomorphic
AL-AST1,1,,3,AL-AST1,cb_intrinsic,isomorphic
AL-MBDL1,2,,2,AL-MBDL1,cb_intrinsic,isomorphic
AN_AVLP_1,2,,2,AN07B018,ascending_neuron,isomorphic
AN_AVLP_16,2,,2,AN09B027,ascending_neuron,isomorphic
AN_AVLP_19,2,,2,AN08B034,ascending_neuron,isomorphic
AN_AVLP_2,2,,2,ANXXX174,ascending_neuron,isomorphic
AN_AVLP_20,2,,2,AN05B102a,ascending_neuron,isomorphic
AN_AVLP_3,2,,2,AN19B036,ascending_neuron,isomorphic
AN_AVLP_32,2,,2,AN08B025,ascending_neuron,isomorphic
AN_AVLP_33,2,,2,AN08B024,ascending_neuron,isomorphic
AN_AVLP_36,2,,2,AN08B018,ascending_neuron,isomorphic
AN_AVLP_52,2,,2,AN17B009,ascending_neuron,isomorphic
AN_AVLP_7,2,,2,ANXXX120,ascending_neuron,isomorphic
AN_AVLP_8,2,,2,AN17B016,ascending_neuron,isomorphic
AN_AVLP_9,2,,2,AN17B012,ascending_neuron,isomorphic
AN_AVLP_GNG_1,2,CNS neuron,2,AN19B036,ascending_neuron,isomorphic
AN_AVLP_GNG_16,2,,2,ANXXX144,ascending_neuron,isomorphic
AN_AVLP_GNG_2,2,,2,AN01B014,ascending_neuron,isomorphic
AN_AVLP_GNG_3,2,,2,AN17B007,ascending_neuron,isomorphic
AN_AVLP_PVLP_10,2,,2,AN09B004,ascending_neuron,isomorphic
AN_AVLP_PVLP_3,2,,2,ANXXX250,ascending_neuron,isomorphic
AN_AVLP_PVLP_4,2,,2,ANXXX102,ascending_neuron,isomorphic
AN_AVLP_PVLP_6,2,,2,AN09B004,ascending_neuron,isomorphic
AN_AVLP_SAD_1,2,,2,AN08B034,ascending_neuron,isomorphic
AN_FLA_GNG_2,2,,2,ANXXX254,ascending_neuron,isomorphic
AN_GNG_106,2,,2,AN06B039,ascending_neuron,isomorphic
AN_GNG_108,2,,2,AN23B010,ascending_neuron,isomorphic
AN_GNG_111,2,,2,AN05B004,ascending_neuron,isomorphic
AN_GNG_151,2,,2,AN12B011,ascending_neuron,isomorphic
AN_GNG_155,2,CNS neuron,2,AN12B008,ascending_neuron,isomorphic
AN_GNG_157,2,,2,AN14B012,ascending_neuron,isomorphic
AN_GNG_160,2,,2,AN09B009,ascending_neuron,isomorphic
AN_GNG_18,2,,2,AN19B010,ascending_neuron,isomorphic
AN_GNG_21,2,CNS neuron,2,ANXXX462b,ascending_neuron,isomorphic
AN_GNG_23,2,CNS neuron,2,ANXXX026,ascending_neuron,isomorphic
AN_GNG_25,2,,2,ANXXX006,ascending_neuron,isomorphic
AN_GNG_27,2,,2,ANXXX092,ascending_neuron,isomorphic
AN_GNG_33,2,,2,AN09B020,ascending_neuron,isomorphic
AN_GNG_4,2,,2,AN19B025,ascending_neuron,isomorphic
AN_GNG_42,2,,2,AN07B046_c,ascending_neuron,isomorphic
AN_GNG_47,2,,2,AN07B040,ascending_neuron,isomorphic
AN_GNG_5,2,,2,AN01B002,ascending_neuron,isomorphic
AN_GNG_65,2,sensory neuron,2,AN05B009,ascending_neuron,isomorphic
AN_GNG_71,2,,2,AN09B018,ascending_neuron,isomorphic
AN_GNG_72,2,,2,AN09B032,ascending_neuron,isomorphic
AN_GNG_80,2,,2,AN06B025,ascending_neuron,isomorphic
AN_GNG_81,2,CNS neuron,2,AN23B003,ascending_neuron,isomorphic
AN_GNG_82,2,,2,AN02A046,ascending_neuron,isomorphic
AN_GNG_89,2,,2,AN17A076,ascending_neuron,isomorphic
AN_GNG_AMMC_1,2,,2,AN17B002,ascending_neuron,isomorphic
AN_GNG_AMMC_2,2,,2,AN17B008,ascending_neuron,isomorphic
AN_GNG_AMMC_3,2,,2,AN17B008,ascending_neuron,isomorphic
AN_GNG_FLA_3,2,,2,AN05B098,ascending_neuron,isomorphic
AN_GNG_IPS_12,2,,2,AN06B044,ascending_neuron,isomorphic
AN_GNG_IPS_2,2,,2,AN18B023,ascending_neuron,isomorphic
AN_GNG_IPS_5,2,,2,AN06B088,ascending_neuron,isomorphic
AN_GNG_IPS_6,2,,2,ANXXX131,ascending_neuron,isomorphic
AN_GNG_IPS_8,2,,2,AN02A009,ascending_neuron,isomorphic
AN_GNG_PRW_1,2,,2,AN27X022,ascending_neuron,isomorphic
AN_GNG_PRW_2,2,,2,AN27X021,ascending_neuron,isomorphic
AN_GNG_PRW_3,2,,2,AN27X020,ascending_neuron,isomorphic
AN_GNG_PRW_4,2,,2,AN05B076,ascending_neuron,isomorphic
AN_GNG_SAD_16,2,,2,AN18B001,ascending_neuron,isomorphic
AN_GNG_SAD_23,2,,2,dMS9,ascending_neuron,isomorphic
AN_GNG_SAD_28,2,,2,AN05B105,ascending_neuron,isomorphic
AN_GNG_SAD_5,2,,2,AN05B097,ascending_neuron,isomorphic
AN_GNG_SAD_8,2,,2,AN08B009,ascending_neuron,isomorphic
AN_GNG_VES_12,2,,2,AN08B100,ascending_neuron,isomorphic
AN_GNG_VES_2,2,,2,AN12B017,ascending_neuron,isomorphic
AN_GNG_VES_3,2,,2,AN06B039,ascending_neuron,isomorphic
AN_GNG_VES_6,2,,2,AN12B017,ascending_neuron,isomorphic
AN_GNG_WED_1,2,,2,ANXXX218,ascending_neuron,isomorphic
AN_IPS_GNG_3,2,,2,AN07B035,ascending_neuron,isomorphic
AN_IPS_WED_1,2,,2,AN07B035,ascending_neuron,isomorphic
AN_LAL_1,2,,2,AN06B075,ascending_neuron,isomorphic
AN_SAD_GNG_2,2,,2,AN17A073,ascending_neuron,isomorphic
AN_SLP_LH_1,2,,2,ANXXX434,ascending_neuron,isomorphic
AN_SPS_IPS_5,2,,2,AN04B023,ascending_neuron,isomorphic
AN_VES_GNG_2,2,,2,AN12B019,ascending_neuron,isomorphic
AN_VES_GNG_3,2,,2,AN07B106,ascending_neuron,isomorphic
AN_VES_GNG_5,2,,2,AN17A050,ascending_neuron,isomorphic
AN_VES_GNG_7,2,CNS neuron,2,AN08B022,ascending_neuron,isomorphic
AN_VES_WED_1,2,,2,AN09B060,ascending_neuron,isomorphic
AN_WED_GNG_2,2,,2,AN09B023,ascending_neuron,isomorphic
AN_multi_1,2,,2,AN06A027,ascending_neuron,isomorphic
AN_multi_10,2,CNS neuron,2,AN06B011,ascending_neuron,isomorphic
AN_multi_105,2,CNS neuron,2,AN19B019,ascending_neuron,isomorphic
AN_multi_11,2,,2,AN06B009,ascending_neuron,isomorphic
AN_multi_112,2,CNS neuron,2,AN09B019,ascending_neuron,isomorphic
AN_multi_118,2,,2,AN17A062,ascending_neuron,isomorphic
AN_multi_122,2,,2,ANXXX296,ascending_neuron,isomorphic
AN_multi_127,2,,2,AN09B024,ascending_neuron,isomorphic
AN_multi_14,2,CNS neuron,2,AN19B017,ascending_neuron,isomorphic
AN_multi_16,2,,2,AN09B029,ascending_neuron,isomorphic
AN_multi_17,2,,2,AN10B005,ascending_neuron,isomorphic
AN_multi_20,2,,2,AN09B011,ascending_neuron,isomorphic
AN_multi_24,2,CNS neuron,2,AN08B014,ascending_neuron,isomorphic
AN_multi_27,2,,2,AN09B003,ascending_neuron,isomorphic
AN_multi_29,2,,2,ANXXX057,ascending_neuron,isomorphic
AN_multi_3,2,,2,AN27X024,ascending_neuron,isomorphic
AN_multi_30,2,,2,AN17B005,ascending_neuron,isomorphic
AN_multi_33,2,,2,AN08B007,ascending_neuron,isomorphic
AN_multi_37,2,CNS neuron,2,AN07B024,ascending_neuron,isomorphic
AN_multi_39,2,,2,AN06A015,ascending_neuron,isomorphic
AN_multi_4,2,CNS neuron,2,AN27X011,ascending_neuron,isomorphic
AN_multi_42,2,,2,AN08B026,ascending_neuron,isomorphic
AN_multi_46,2,,2,AN04B051,ascending_neuron,isomorphic
AN_multi_47,2,,2,ANXXX094,ascending_neuron,isomorphic
AN_multi_48,2,,2,AN02A025,ascending_neuron,isomorphic
AN_multi_50,2,,2,AN06B034,ascending_neuron,isomorphic
AN_multi_51,2,,2,ANXXX030,ascending_neuron,isomorphic
AN_multi_55,2,,2,AN08B032,ascending_neuron,isomorphic
AN_multi_59,2,CNS neuron,2,AN08B027,ascending_neuron,isomorphic
AN_multi_60,2,,2,AN08B012,ascending_neuron,isomorphic
AN_multi_61,2,,2,AN08B010,ascending_neuron,isomorphic
AN_multi_62,2,,2,AN08B012,ascending_neuron,isomorphic
AN_multi_63,2,,2,AN17A026,ascending_neuron,isomorphic
AN_multi_64,2,,2,AN08B010,ascending_neuron,isomorphic
AN_multi_66,2,,2,AN05B102b,ascending_neuron,isomorphic
AN_multi_67,2,,2,AN09B023,ascending_neuron,isomorphic
AN_multi_69,2,,2,AN05B102d,ascending_neuron,isomorphic
AN_multi_7,2,,2,AN19B028,ascending_neuron,isomorphic
AN_multi_70,2,,2,AN09B033,ascending_neuron,isomorphic
AN_multi_72,2,,2,AN09B028,ascending_neuron,isomorphic
AN_multi_73,2,,2,AN27X015,ascending_neuron,isomorphic
AN_multi_75,2,,2,AN27X016,ascending_neuron,isomorphic
AN_multi_76,2,,2,AN05B097,ascending_neuron,isomorphic
AN_multi_77,2,,2,AN27X017,ascending_neuron,isomorphic
AN_multi_79,2,glia,2,ANXXX127,ascending_neuron,isomorphic
AN_multi_8,2,,2,AN02A001,ascending_neuron,isomorphic
AN_multi_80,2,,2,ANXXX308,ascending_neuron,isomorphic
AN_multi_81,2,,2,AN27X009,ascending_neuron,isomorphic
AN_multi_82,2,,2,AN05B103,ascending_neuron,isomorphic
AN_multi_83,2,,2,ANXXX116,ascending_neuron,isomorphic
AN_multi_85,2,,2,AN05B107,ascending_neuron,isomorphic
AN_multi_86,2,,2,AN05B097,ascending_neuron,isomorphic
AOTU014,2,,2,AOTU014,cb_intrinsic,isomorphic
AOTU023,2,,2,AOTU023,cb_intrinsic,isomorphic
AOTU028,2,,2,AOTU028,cb_intrinsic,isomorphic
AOTU030,2,,2,AOTU030,cb_intrinsic,isomorphic
AOTU047,2,,2,AOTU047,cb_intrinsic,isomorphic
AOTU065,2,,2,AOTU065,cb_intrinsic,isomorphic
AOTUv3B_P02,2,,2,AOTU005,cb_intrinsic,isomorphic
APL,2,,2,APL,cb_intrinsic,isomorphic
ATL016,2,,2,ATL016,cb_intrinsic,isomorphic
ATL029,2,,2,ATL029,cb_intrinsic,isomorphic
ATL030,2,,2,ATL030,cb_intrinsic,isomorphic
ATL037,2,,2,ATL037,cb_intrinsic,isomorphic
ATL042,2,,2,ATL042,cb_intrinsic,isomorphic
ATL044,2,,2,ATL044,cb_intrinsic,isomorphic
AVLP018,2,,2,AVLP018,cb_intrinsic,isomorphic
AVLP019,2,,2,AVLP019,cb_intrinsic,isomorphic
AVLP022,1,,3,AVLP022,cb_intrinsic,isomorphic
AVLP033,2,,2,AVLP033,cb_intrinsic,isomorphic
AVLP034,2,,2,AVLP034,cb_intrinsic,isomorphic
AVLP035,2,,2,AVLP035,cb_intrinsic,isomorphic
AVLP044b,1,,3,AVLP044_b,cb_intrinsic,isomorphic
AVLP053,2,,2,AVLP053,cb_intrinsic,isomorphic
AVLP075,2,,2,AVLP075,cb_intrinsic,isomorphic
AVLP076,2,,2,AVLP076,cb_intrinsic,isomorphic
AVLP081,2,,2,AVLP081,cb_intrinsic,isomorphic
AVLP093,2,,2,AVLP093,cb_intrinsic,isomorphic
AVLP094,2,,2,AVLP094,cb_intrinsic,isomorphic
AVLP097,2,,2,AVLP097,cb_intrinsic,isomorphic
AVLP102,2,,2,AVLP102,cb_intrinsic,isomorphic
AVLP108,2,,2,AVLP108,cb_intrinsic,isomorphic
AVLP151,2,,2,LPT60,cb_intrinsic,isomorphic
AVLP154,2,,2,AVLP154,cb_intrinsic,isomorphic
AVLP156,2,,2,AVLP156,cb_intrinsic,isomorphic
AVLP158,2,,2,AVLP158,cb_intrinsic,isomorphic
AVLP160,2,,2,AVLP160,cb_intrinsic,isomorphic
AVLP162,2,,2,AVLP162,cb_intrinsic,isomorphic
AVLP202,2,,2,AVLP202,cb_intrinsic,isomorphic
AVLP255,2,,2,AVLP255,cb_intrinsic,isomorphic
AVLP281,2,,2,AVLP281,cb_intrinsic,isomorphic
AVLP314,2,,2,AVLP314,cb_intrinsic,isomorphic
AVLP339,2,,2,AVLP339,cb_intrinsic,isomorphic
AVLP342,2,,2,AVLP342,cb_intrinsic,isomorphic
AVLP363,1,,3,AVLP363,cb_intrinsic,isomorphic
AVLP381,2,,2,AVLP381,cb_intrinsic,isomorphic
AVLP398,2,,2,AVLP398,cb_intrinsic,isomorphic
AVLP402,2,,2,AVLP402,cb_intrinsic,isomorphic
AVLP430,2,,2,AVLP430,cb_intrinsic,isomorphic
AVLP432,2,,2,AVLP432,cb_intrinsic,isomorphic
AVLP433_a,2,,2,AVLP433_a,cb_intrinsic,isomorphic
AVLP434_a,2,,2,AVLP434_a,cb_intrinsic,isomorphic
AVLP437,2,,2,AVLP437,cb_intrinsic,isomorphic
AVLP448,2,,2,AVLP448,cb_intrinsic,isomorphic
AVLP455,1,,3,AVLP455,cb_intrinsic,isomorphic
AVLP459,2,,2,AVLP459,cb_intrinsic,isomorphic
AVLP470b,2,,2,AVLP470_b,cb_intrinsic,isomorphic
AVLP475a,2,,2,AVLP475_a,cb_intrinsic,isomorphic
AVLP475b,2,,2,AVLP475_b,cb_intrinsic,isomorphic
AVLP476,2,,2,AVLP476,cb_intrinsic,isomorphic
AVLP477,2,,2,AVLP477,cb_intrinsic,isomorphic
AVLP498,2,,2,AVLP498,cb_intrinsic,isomorphic
AVLP500,2,,2,AVLP500,cb_intrinsic,isomorphic
AVLP501,2,,2,AVLP501,cb_intrinsic,isomorphic
AVLP504,2,,2,AVLP504,cb_intrinsic,isomorphic
AVLP505,2,,2,AVLP505,cb_intrinsic,isomorphic
AVLP508,2,,2,AVLP508,cb_intrinsic,isomorphic
AVLP522,2,,2,AVLP522,cb_intrinsic,isomorphic
AVLP532,2,,2,AVLP532,cb_intrinsic,isomorphic
AVLP533,2,CNS neuron,2,AVLP533,cb_intrinsic,isomorphic
AVLP536,2,,2,AVLP536,cb_intrinsic,isomorphic
AVLP541b,2,,2,AVLP541,cb_intrinsic,isomorphic
AVLP546,2,,2,AVLP546,cb_intrinsic,isomorphic
AVLP547b,2,,2,AVLP547,cb_intrinsic,isomorphic
AVLP548_b,2,,2,AVLP548_b,cb_intrinsic,isomorphic
AVLP562,2,,2,AVLP562,cb_intrinsic,isomorphic
AVLP563,2,,2,AVLP563,cb_intrinsic,isomorphic
AVLP565,2,,2,AVLP565,cb_intrinsic,isomorphic
AVLP573,2,,2,AVLP573,cb_intrinsic,isomorphic
AVLP579,2,,2,AVLP579,cb_intrinsic,isomorphic
AVLP591,2,,2,AVLP591,cb_intrinsic,isomorphic
AVLP593,2,,2,AVLP593,cb_intrinsic,isomorphic
AVLP594,2,,2,AVLP594,cb_intrinsic,isomorphic
AVLP595,2,,2,AVLP595,cb_intrinsic,isomorphic
CB0004,2,efferent neuron,2,GNG314,cb_motor,isomorphic
CB0010,2,,2,GNG300,cb_intrinsic,isomorphic
CB0011,2,,2,GNG141,cb_intrinsic,isomorphic
CB0016,1,,3,GNG592,cb_intrinsic,isomorphic
CB0018,2,,2,FLA019,cb_intrinsic,isomorphic
CB0020,2,,2,GNG154,cb_intrinsic,isomorphic
CB0023,2,,2,SLP470,cb_intrinsic,isomorphic
CB0025,2,,2,GNG312,cb_intrinsic,isomorphic
CB0029,2,,2,CB0029,cb_intrinsic,isomorphic
CB0031,2,,2,GNG079,cb_intrinsic,isomorphic
CB0033,2,,2,WED208,cb_intrinsic,isomorphic
CB0040,2,,2,GNG105,cb_intrinsic,isomorphic
CB0045,2,,2,GNG307,cb_intrinsic,isomorphic
CB0047,2,,2,GNG586,cb_intrinsic,isomorphic
CB0049,2,,2,GNG315,cb_intrinsic,isomorphic
CB0051,1,,3,GNG585,cb_intrinsic,isomorphic
CB0057,2,,2,GNG584,cb_intrinsic,isomorphic
CB0058,2,,2,GNG282,cb_intrinsic,isomorphic
CB0059,2,,2,GNG121,cb_intrinsic,isomorphic
CB0065,2,,2,GNG583,cb_intrinsic,isomorphic
CB0067,2,,2,GNG582,cb_intrinsic,isomorphic
CB0069,2,,2,GNG160,cb_intrinsic,isomorphic
CB0070,2,,2,GNG254,cb_intrinsic,isomorphic
CB0073,2,,2,WED210,cb_intrinsic,isomorphic
CB0082,2,,2,GNG579,cb_intrinsic,isomorphic
CB0097,2,,2,GNG576,cb_intrinsic,isomorphic
CB0101,2,,2,AVLP613,cb_intrinsic,isomorphic
CB0102,2,,2,SMP378,cb_intrinsic,isomorphic
CB0106,2,,2,GNG046,cb_intrinsic,isomorphic
CB0114,2,,2,GNG291,cb_intrinsic,isomorphic
CB0118,2,,2,GNG042,cb_intrinsic,isomorphic
CB0121,2,,2,CB0121,cb_intrinsic,isomorphic
CB0122,2,,2,CB0122,cb_intrinsic,isomorphic
CB0125,2,,2,AVLP608,cb_intrinsic,isomorphic
CB0128,2,,2,CB0128,cb_intrinsic,isomorphic
CB0135,2,,2,GNG321,cb_intrinsic,isomorphic
CB0136,2,,2,SMP053,cb_intrinsic,isomorphic
CB0141,2,,2,CB0141,cb_intrinsic,isomorphic
CB0144,2,,2,GNG311,cb_intrinsic,isomorphic
CB0150,2,,2,GNG290,cb_intrinsic,isomorphic
CB0152,2,,2,GNG568,cb_intrinsic,isomorphic
CB0153,2,,2,PRW068,cb_intrinsic,isomorphic
CB0164,2,,2,CB0164,cb_intrinsic,isomorphic
CB0175,2,,2,GNG560,cb_intrinsic,isomorphic
CB0176,2,,2,GNG253,cb_intrinsic,isomorphic
CB0177,2,,2,GNG143,cb_intrinsic,isomorphic
CB0180,2,,2,GNG288,cb_intrinsic,isomorphic
CB0184,2,,2,GNG558,cb_intrinsic,isomorphic
CB0186,2,,2,GNG557,cb_intrinsic,isomorphic
CB0192,2,,2,GNG215,cb_intrinsic,isomorphic
CB0194,2,,2,CB0194,cb_intrinsic,isomorphic
CB0200,1,,3,GNG554,cb_intrinsic,isomorphic
CB0211,2,,2,GNG551,cb_intrinsic,isomorphic
CB0213,2,,2,GNG549,cb_intrinsic,isomorphic
CB0215,2,,2,PS311,cb_intrinsic,isomorphic
CB0216,2,,2,GNG117,cb_intrinsic,isomorphic
CB0218,2,,2,CB0218,cb_intrinsic,isomorphic
CB0223,2,,2,PRW067,cb_intrinsic,isomorphic
CB0224,2,,2,CB0224,cb_intrinsic,isomorphic
CB0225,2,,2,GNG201,cb_intrinsic,isomorphic
CB0228,2,CNS neuron,2,CB0228,cb_intrinsic,isomorphic
CB0231,2,,2,GNG547,cb_intrinsic,isomorphic
CB0235,2,,2,GNG546,cb_intrinsic,isomorphic
CB0239,2,,2,GNG543,cb_intrinsic,isomorphic
CB0248,2,,2,GNG038,cb_intrinsic,isomorphic
CB0249,2,CNS neuron,2,GNG638,cb_intrinsic,isomorphic
CB0250,1,,3,GNG198,cb_intrinsic,isomorphic
CB0258,2,,2,VES105,cb_intrinsic,isomorphic
CB0259,2,,2,CB0259,cb_intrinsic,isomorphic
CB0262,2,,2,GNG540,cb_intrinsic,isomorphic
CB0265,2,,2,GNG113,cb_intrinsic,isomorphic
CB0272,2,,2,SMP744,cb_intrinsic,isomorphic
CB0277,2,,2,GNG208,cb_intrinsic,isomorphic
CB0278,2,,2,GNG538,cb_intrinsic,isomorphic
CB0280,2,,2,CB0280,cb_intrinsic,isomorphic
CB0287,2,,2,GNG537,cb_intrinsic,isomorphic
CB0303,2,,2,GNG260,cb_intrinsic,isomorphic
CB0312,2,,2,CB0312,cb_intrinsic,isomorphic
CB0317,2,,2,GNG630,cb_intrinsic,isomorphic
CB0318,2,,2,GNG536,cb_intrinsic,isomorphic
CB0325,2,,2,CB0325,cb_intrinsic,isomorphic
CB0331,2,,2,GNG158,cb_intrinsic,isomorphic
CB0333,2,,2,AMMC009,cb_intrinsic,isomorphic
CB0343,2,,2,PS206,cb_intrinsic,isomorphic
CB0358,2,,2,GNG124,cb_intrinsic,isomorphic
CB0360,2,,2,GNG086,cb_intrinsic,isomorphic
CB0367,2,,2,CB0367,cb_intrinsic,isomorphic
CB0378,2,,2,GNG205,cb_intrinsic,isomorphic
CB0382,2,,2,CB0382,cb_intrinsic,isomorphic
CB0390,2,,2,CB0390,cb_intrinsic,isomorphic
CB0392,2,,2,GNG530,cb_intrinsic,isomorphic
CB0396,2,,2,CB0396,cb_intrinsic,isomorphic
CB0408,2,,2,GNG527,cb_intrinsic,isomorphic
CB0409,2,,2,GNG104,cb_intrinsic,isomorphic
CB0413,2,,2,GNG235,cb_intrinsic,isomorphic
CB0416,2,,2,GNG199,cb_intrinsic,isomorphic
CB0426,2,,2,GNG249,cb_intrinsic,isomorphic
CB0430,2,,2,GNG112,cb_intrinsic,isomorphic
CB0432,2,,2,CB0432,cb_intrinsic,isomorphic
CB0434,2,,2,GNG159,cb_intrinsic,isomorphic
CB0435,2,,2,GNG308,cb_intrinsic,isomorphic
CB0438,2,,2,GNG054,cb_intrinsic,isomorphic
CB0442,2,,2,GNG302,cb_intrinsic,isomorphic
CB0448,2,,2,LAL208,cb_intrinsic,isomorphic
CB0452,2,,2,PLP260,cb_intrinsic,isomorphic
CB0454,2,,2,GNG031,cb_intrinsic,isomorphic
CB0456,2,,2,GNG166,cb_intrinsic,isomorphic
CB0457,2,,2,GNG156,cb_intrinsic,isomorphic
CB0459,2,,2,GNG189,cb_intrinsic,isomorphic
CB0469,2,,2,SAD105,cb_intrinsic,isomorphic
CB0473,2,,2,GNG029,cb_intrinsic,isomorphic
CB0477,2,,2,CB0477,cb_intrinsic,isomorphic
CB0483,2,,2,SLP472,cb_intrinsic,isomorphic
CB0485,2,,2,GNG517,cb_intrinsic,isomorphic
CB0486,2,,2,GNG306,cb_intrinsic,isomorphic
CB0488,2,,2,PS327,cb_intrinsic,isomorphic
CB0496,2,,2,GNG516,cb_intrinsic,isomorphic
CB0497,2,,2,GNG515,cb_intrinsic,isomorphic
CB0500,2,,2,PS352,cb_intrinsic,isomorphic
CB0503,2,,2,GNG091,cb_intrinsic,isomorphic
CB0504,2,,2,GNG514,cb_intrinsic,isomorphic
CB0508,2,,2,GNG512,cb_intrinsic,isomorphic
CB0510,2,,2,CB0510,cb_intrinsic,isomorphic
CB0515,2,,2,GNG167,cb_intrinsic,isomorphic
CB0517,2,,2,CB0517,cb_intrinsic,isomorphic
CB0519,2,,2,GNG661,cb_intrinsic,isomorphic
CB0523,2,,2,GNG286,cb_intrinsic,isomorphic
CB0526,2,,2,GNG508,cb_intrinsic,isomorphic
CB0528,2,,2,GNG507,cb_intrinsic,isomorphic
CB0530,2,,2,CB0530,cb_intrinsic,isomorphic
CB0531,2,,2,GNG304,cb_intrinsic,isomorphic
CB0532,2,,2,PRW058,cb_intrinsic,isomorphic
CB0533,2,,2,CB0533,cb_intrinsic,isomorphic
CB0534,2,,2,GNG506,cb_intrinsic,isomorphic
CB0538,2,,2,GNG505,cb_intrinsic,isomorphic
CB0542,2,,2,GNG183,cb_intrinsic,isomorphic
CB0544,2,,2,FLA017,cb_intrinsic,isomorphic
CB0552,2,,2,GNG170,cb_intrinsic,isomorphic
CB0561,2,,2,GNG501,cb_intrinsic,isomorphic
CB0564,2,,2,PS322,cb_intrinsic,isomorphic
CB0565,2,,2,GNG119,cb_intrinsic,isomorphic
CB0567,2,,2,PS307,cb_intrinsic,isomorphic
CB0576,2,,2,GNG196,cb_intrinsic,isomorphic
CB0581,2,,2,GNG285,cb_intrinsic,isomorphic
CB0582,2,,2,CB0582,cb_intrinsic,isomorphic
CB0585,2,,2,GNG500,cb_intrinsic,isomorphic
CB0595,2,,2,GNG499,cb_intrinsic,isomorphic
CB0596,2,CNS neuron,2,GNG233,cb_intrinsic,isomorphic
CB0599,2,,2,GNG497,cb_intrinsic,isomorphic
CB0600,2,,2,GNG181,cb_intrinsic,isomorphic
CB0602,2,,2,GNG495,cb_intrinsic,isomorphic
CB0603,2,,2,GNG494,cb_intrinsic,isomorphic
CB0607,2,,2,CB0607,cb_intrinsic,isomorphic
CB0608,2,,2,GNG114,cb_intrinsic,isomorphic
CB0610,2,,2,GNG493,cb_intrinsic,isomorphic
CB0612,2,,2,GNG492,cb_intrinsic,isomorphic
CB0615,2,,2,GNG293,cb_intrinsic,isomorphic
CB0616,2,,2,GNG232,cb_intrinsic,isomorphic
CB0617,2,,2,GNG491,cb_intrinsic,isomorphic
CB0618,2,,2,GNG213,cb_intrinsic,isomorphic
CB0619,2,,2,GNG490,cb_intrinsic,isomorphic
CB0620,2,,2,GNG241,cb_intrinsic,isomorphic
CB0627,2,,2,GNG640,cb_intrinsic,isomorphic
CB0631,2,,2,SLP471,cb_intrinsic,isomorphic
CB0633,2,,2,CB0633,cb_intrinsic,isomorphic
CB0638,2,,2,GNG489,cb_intrinsic,isomorphic
CB0647,2,,2,CB0647,cb_intrinsic,isomorphic
CB0654,2,,2,PLP262,cb_intrinsic,isomorphic
CB0655,2,,2,GNG667,cb_intrinsic,isomorphic
CB0656,2,,2,CB0656,cb_intrinsic,isomorphic
CB0657,2,,2,CB0657,cb_intrinsic,isomorphic
CB0661,2,,2,GNG487,cb_intrinsic,isomorphic
CB0671,2,,2,CB0671,cb_intrinsic,isomorphic
CB0679,2,,2,PS308,cb_intrinsic,isomorphic
CB0681,2,,2,PS320,cb_intrinsic,isomorphic
CB0682,2,,2,CB0682,cb_intrinsic,isomorphic
CB0684,2,,2,GNG484,cb_intrinsic,isomorphic
CB0690,2,,2,WED184,cb_intrinsic,isomorphic
CB0713,2,,2,GNG207,cb_intrinsic,isomorphic
CB0723,2,efferent neuron,2,GNG652,cb_motor,isomorphic
CB0733,2,,2,GNG473,cb_intrinsic,isomorphic
CB0749,2,,2,AMMC011,cb_intrinsic,isomorphic
CB0750,2,efferent neuron,2,GNG668,cb_motor,isomorphic
CB0752,2,,2,GNG248,cb_intrinsic,isomorphic
CB0765,2,,2,GNG472,cb_intrinsic,isomorphic
CB0768,2,,2,GNG188,cb_intrinsic,isomorphic
CB0774,2,,2,GNG111,cb_intrinsic,isomorphic
CB0775,2,,2,GNG218,cb_intrinsic,isomorphic
CB0779,2,,2,GNG073,cb_intrinsic,isomorphic
CB0787,2,,2,GNG246,cb_intrinsic,isomorphic
CB0797,2,,2,GNG259,cb_intrinsic,isomorphic
CB0799,2,,2,GNG468,cb_intrinsic,isomorphic
CB0802,2,,2,aMe_TBD1,cb_intrinsic,isomorphic
CB0803,2,,2,GNG077,cb_intrinsic,isomorphic
CB0809,2,,2,GNG244,cb_intrinsic,isomorphic
CB0828,2,,2,IB101,cb_intrinsic,isomorphic
CB0832,2,,2,GNG225,cb_intrinsic,isomorphic
CB0834,2,,2,GNG220,cb_intrinsic,isomorphic
CB0839,2,,2,GNG173,cb_intrinsic,isomorphic
CB0844,2,,2,GNG059,cb_intrinsic,isomorphic
CB0855,2,,2,GNG226,cb_intrinsic,isomorphic
CB0857,2,,2,GNG182,cb_intrinsic,isomorphic
CB0860,2,,2,GNG053,cb_intrinsic,isomorphic
CB0874,2,,2,PRW049,cb_intrinsic,isomorphic
CB0879,2,,2,GNG243,cb_intrinsic,isomorphic
CB0880,2,,2,GNG459,cb_intrinsic,isomorphic
CB0900,2,,2,GNG224,cb_intrinsic,isomorphic
CB0906,2,,2,GNG068,cb_intrinsic,isomorphic
CB0908,2,,2,GNG030,cb_intrinsic,isomorphic
CB0920,2,,2,GNG171,cb_intrinsic,isomorphic
CB0921,2,sensory neuron,2,GNG081,cb_intrinsic,isomorphic
CB0922,2,,2,GNG455,cb_intrinsic,isomorphic
CB0932,2,,2,SMP131,cb_intrinsic,isomorphic
CB0969,1,,3,SLP042,cb_intrinsic,isomorphic
CB1002,2,,2,AVLP003,cb_intrinsic,isomorphic
CB1035,2,,2,CB1035,cb_intrinsic,isomorphic
CB1077,2,,2,CB1077,cb_intrinsic,isomorphic
CB1103,1,,3,CB1103,cb_intrinsic,isomorphic
CB1104,2,,2,CB1104,cb_intrinsic,isomorphic
CB1108,2,,2,CB1108,cb_intrinsic,isomorphic
CB1195,1,,3,LHPV2a3,cb_intrinsic,isomorphic
CB1200,1,,3,CB1200,cb_intrinsic,isomorphic
CB1208,1,,3,CB1208,cb_intrinsic,isomorphic
CB1210,1,,3,LHPV4g2,cb_intrinsic,isomorphic
CB1218,2,,2,LHPV4c1_a,cb_intrinsic,isomorphic
CB1249,1,,3,CB1249,cb_intrinsic,isomorphic
CB1274,3,,1,CB1274,cb_intrinsic,isomorphic
CB1275,1,,3,CB1275,cb_intrinsic,isomorphic
CB1323,2,,2,GNG274,cb_intrinsic,isomorphic
CB1325,1,,3,CL185,cb_intrinsic,isomorphic
CB1381,2,,2,LHAV4g12,cb_intrinsic,isomorphic
CB1403,2,,2,CB1403,cb_intrinsic,isomorphic
CB1518,2,,2,LHPV4j2,cb_intrinsic,isomorphic
CB1534,1,,3,CB1534,cb_intrinsic,isomorphic
CB1577,1,,3,CB1577,cb_intrinsic,isomorphic
CB1594,2,,2,SLP094_c,cb_intrinsic,isomorphic
CB1599,1,,3,CB1599,cb_intrinsic,isomorphic
CB1636,2,,2,CB1636,cb_intrinsic,isomorphic
CB1649,2,,2,CB1649,cb_intrinsic,isomorphic
CB1659,1,,3,GNG406,cb_intrinsic,isomorphic
CB1731,2,,2,CB1731,cb_intrinsic,isomorphic
CB1741,1,,3,GNG415,cb_intrinsic,isomorphic
CB1748,2,,2,CB1748,cb_intrinsic,isomorphic
CB1758,2,,2,AVLP155_b,cb_intrinsic,isomorphic
CB1778,1,,3,GNG414,cb_intrinsic,isomorphic
CB1808,2,,2,CB1808,cb_intrinsic,isomorphic
CB1821,1,,3,CB1821,cb_intrinsic,isomorphic
CB1864,2,,2,LHAD3d5,cb_intrinsic,isomorphic
CB1883,1,,3,CB1883,cb_intrinsic,isomorphic
CB1910,2,,2,CB1910,cb_intrinsic,isomorphic
CB1934,2,,2,CB1934,cb_intrinsic,isomorphic
CB1935,1,,3,CB1935,cb_intrinsic,isomorphic
CB1941,2,,2,VES098,cb_intrinsic,isomorphic
CB1973,2,,2,CB1973,cb_intrinsic,isomorphic
CB1990,1,,3,SLP044_a,cb_intrinsic,isomorphic
CB2096,1,,3,LHAV5a4_a,cb_intrinsic,isomorphic
CB2147,2,,2,CRE003_b,cb_intrinsic,isomorphic
CB2170,2,,2,AVLP374,cb_intrinsic,isomorphic
CB2172,2,,2,CB2172,cb_intrinsic,isomorphic
CB2177,2,,2,GNG404,cb_intrinsic,isomorphic
CB2206,2,,2,CB2206,cb_intrinsic,isomorphic
CB2215,2,,2,LHAV2k12_a,cb_intrinsic,isomorphic
CB2227,1,,3,CB2227,cb_intrinsic,isomorphic
CB2273,1,,3,SLP018,cb_intrinsic,isomorphic
CB2286,1,,3,CB2286,cb_intrinsic,isomorphic
CB2295,1,,3,CB2295,cb_intrinsic,isomorphic
CB2311,2,,2,CB2311,cb_intrinsic,isomorphic
CB2319,3,,1,CB2319,cb_intrinsic,isomorphic
CB2320,1,,3,PLP063,cb_intrinsic,isomorphic
CB2323,2,,2,CB2323,cb_intrinsic,isomorphic
CB2328,2,,2,SMP139,cb_intrinsic,isomorphic
CB2351,2,,2,CB2351,cb_intrinsic,isomorphic
CB2372,1,,3,M_vPNml76,cb_intrinsic,isomorphic
CB2374,2,,2,CB2374,cb_intrinsic,isomorphic
CB2386,1,,3,AVLP176_b,cb_intrinsic,isomorphic
CB2407,1,,3,AVLP357,cb_intrinsic,isomorphic
CB2425,1,,3,CB2425,cb_intrinsic,isomorphic
CB2444,2,,2,SMP196_b,cb_intrinsic,isomorphic
CB2495,2,,2,CB2495,cb_intrinsic,isomorphic
CB2500,2,,2,CB2500,cb_intrinsic,isomorphic
CB2515,2,,2,SMP317,cb_intrinsic,isomorphic
CB2528,1,,3,WED111,cb_intrinsic,isomorphic
CB2555,2,,2,CB2555,cb_intrinsic,isomorphic
CB2606,2,,2,GNG200,cb_intrinsic,isomorphic
CB2653,2,,2,CB2653,cb_intrinsic,isomorphic
CB2656,2,,2,SLP466,cb_intrinsic,isomorphic
CB2657,2,,2,CL134,cb_intrinsic,isomorphic
CB2675,2,,2,LAL063,cb_intrinsic,isomorphic
CB2680,2,,2,CRE083,cb_intrinsic,isomorphic
CB2733,1,,3,CB2733,cb_intrinsic,isomorphic
CB2761,1,,3,M_vPNml76,cb_intrinsic,isomorphic
CB2764,1,,3,CB2764,cb_intrinsic,isomorphic
CB2798,2,,2,LHAV4a1_a,cb_intrinsic,isomorphic
CB2819,1,,3,LHPD2a6,cb_intrinsic,isomorphic
CB2870,2,,2,CB2870,cb_intrinsic,isomorphic
CB2878,2,,2,CL353,cb_intrinsic,isomorphic
CB2933,2,,2,WED157,cb_intrinsic,isomorphic
CB2938,2,,2,CB2938,cb_intrinsic,isomorphic
CB2941,2,,2,GNG278,cb_intrinsic,isomorphic
CB2956,2,,2,CB2956,cb_intrinsic,isomorphic
CB2963,2,,2,CB2963,cb_intrinsic,isomorphic
CB2971,2,,2,AVLP331a,cb_intrinsic,isomorphic
CB3014,1,,3,CB3014,cb_intrinsic,isomorphic
CB3031,2,,2,AVLP115,cb_intrinsic,isomorphic
CB3045,1,,3,CB3045,cb_intrinsic,isomorphic
CB3074,1,,3,CB3074,cb_intrinsic,isomorphic
CB3124,2,,2,CB3124,cb_intrinsic,isomorphic
CB3133,2,,2,CB3133,cb_intrinsic,isomorphic
CB3158,1,,3,PS350,cb_intrinsic,isomorphic
CB3164,2,,2,PLP225,cb_intrinsic,isomorphic
CB3190,2,,2,LHPV4b4,cb_intrinsic,isomorphic
CB3204,2,,2,CB3204,cb_intrinsic,isomorphic
CB3220,2,,2,CB3220,cb_intrinsic,isomorphic
CB3241,2,,2,SMP110,cb_intrinsic,isomorphic
CB3249,2,,2,CB3249,cb_intrinsic,isomorphic
CB3277,2,,2,CB3277,cb_intrinsic,isomorphic
CB3306,2,,2,AVLP115,cb_intrinsic,isomorphic
CB3343,2,,2,CB3343,cb_intrinsic,isomorphic
CB3345,2,,2,LHAD3f1_a,cb_intrinsic,isomorphic
CB3361,2,,2,CB3361,cb_intrinsic,isomorphic
CB3381,2,,2,CB3381,cb_intrinsic,isomorphic
CB3384,2,,2,CB3384,cb_intrinsic,isomorphic
CB3400,2,,2,CB3400,cb_intrinsic,isomorphic
CB3409,1,,3,CB3409,cb_intrinsic,isomorphic
CB3437,2,,2,CB3437,cb_intrinsic,isomorphic
CB3438,3,,1,GNG388,cb_intrinsic,isomorphic
CB3469,1,,3,CB3469,cb_intrinsic,isomorphic
CB3498,2,,2,CB3498,cb_intrinsic,isomorphic
CB3519,1,,3,CB3519,cb_intrinsic,isomorphic
CB3525,2,,2,AVLP320_a,cb_intrinsic,isomorphic
CB3564,2,,2,SMP449,cb_intrinsic,isomorphic
CB3566,2,,2,CB3566,cb_intrinsic,isomorphic
CB3590,1,,3,SLP186,cb_intrinsic,isomorphic
CB3593,2,,2,GNG075,cb_intrinsic,isomorphic
CB3610,2,,2,CRE083,cb_intrinsic,isomorphic
CB3615,2,,2,GNG192,cb_intrinsic,isomorphic
CB3619,2,,2,CB3619,cb_intrinsic,isomorphic
CB3625,2,,2,AVLP163,cb_intrinsic,isomorphic
CB3630,2,,2,CB3630,cb_intrinsic,isomorphic
CB3642,2,,2,GNG355,cb_intrinsic,isomorphic
CB3656,2,,2,PRW014,cb_intrinsic,isomorphic
CB3661,2,,2,CB3661,cb_intrinsic,isomorphic
CB3664,2,,2,CB3664,cb_intrinsic,isomorphic
CB3682,2,,2,CB3682,cb_intrinsic,isomorphic
CB3686,2,,2,SLP252_c,cb_intrinsic,isomorphic
CB3726,1,,3,LHAV4e7_b,cb_intrinsic,isomorphic
CB3727,2,,2,CB3727,cb_intrinsic,isomorphic
CB3741,2,,2,CB3741,cb_intrinsic,isomorphic
CB3754,1,,3,CB3754,cb_intrinsic,isomorphic
CB3771,2,,2,SMP347,cb_intrinsic,isomorphic
CB3778,2,,2,LHPD2c2,cb_intrinsic,isomorphic
CB3797,2,,2,GNG341,cb_intrinsic,isomorphic
CB3813,2,,2,GNG071,cb_intrinsic,isomorphic
CB3866,2,,2,CB3866,cb_intrinsic,isomorphic
CB3877,2,,2,SAD091,cb_intrinsic,isomorphic
CB3880,2,,2,WED191,cb_intrinsic,isomorphic
CL007,2,,2,CL007,cb_intrinsic,isomorphic
CL031,2,,2,CL031,cb_intrinsic,isomorphic
CL058,2,,2,CL058,cb_intrinsic,isomorphic
CL070a,2,,2,CL070_a,cb_intrinsic,isomorphic
CL071a,2,,2,CL071_a,cb_intrinsic,isomorphic
CL093,2,,2,CL093,cb_intrinsic,isomorphic
CL094,2,,2,CL094,cb_intrinsic,isomorphic
CL098,2,glia,2,CL098,cb_intrinsic,isomorphic
CL108,2,,2,CL108,cb_intrinsic,isomorphic
CL110,2,,2,CL110,cb_intrinsic,isomorphic
CL115,2,,2,CL115,cb_intrinsic,isomorphic
CL129,2,,2,CL129,cb_intrinsic,isomorphic
CL135,2,,2,CL135,cb_intrinsic,isomorphic
CL150,2,,2,CL150,cb_intrinsic,isomorphic
CL161a,2,,2,CL161_a,cb_intrinsic,isomorphic
CL179,2,,2,CL179,cb_intrinsic,isomorphic
CL183,2,,2,CL183,cb_intrinsic,isomorphic
CL187,2,,2,CL187,cb_intrinsic,isomorphic
CL201,2,,2,CL201,cb_intrinsic,isomorphic
CL212,2,,2,CL212,cb_intrinsic,isomorphic
CL213,2,,2,CL213,cb_intrinsic,isomorphic
CL214,2,,2,CL214,cb_intrinsic,isomorphic
CL256,2,,2,CL256,cb_intrinsic,isomorphic
CL257,2,,2,CL257,cb_intrinsic,isomorphic
CL263,2,,2,CL263,cb_intrinsic,isomorphic
CL264,2,,2,CL264,cb_intrinsic,isomorphic
CL286,2,,2,CL286,cb_intrinsic,isomorphic
CL288,2,,2,CL288,cb_intrinsic,isomorphic
CL303,2,,2,CL303,cb_intrinsic,isomorphic
CL308,2,,2,CL308,cb_intrinsic,isomorphic
CL310,2,,2,CL310,cb_intrinsic,isomorphic
CL311,2,,2,CL311,cb_intrinsic,isomorphic
CL316,2,,2,CL316,cb_intrinsic,isomorphic
CL318,2,,2,CL318,cb_intrinsic,isomorphic
CL326,2,,2,CL326,cb_intrinsic,isomorphic
CL335,2,,2,CL335,cb_intrinsic,isomorphic
CRE004,2,,2,CRE004,cb_intrinsic,isomorphic
CRE007,2,,2,CRE007,cb_intrinsic,isomorphic
CRE009,2,,2,CRE009,cb_intrinsic,isomorphic
CRE012,2,,2,CRE012,cb_intrinsic,isomorphic
CRE015,2,,2,CRE015,cb_intrinsic,isomorphic
CRE022,2,,2,CRE022,cb_intrinsic,isomorphic
CRE024,2,,2,CRE024,cb_intrinsic,isomorphic
CRE025,2,,2,CRE025,cb_intrinsic,isomorphic
CRE042,2,,2,CRE042,cb_intrinsic,isomorphic
CRE048,2,,2,CRE048,cb_intrinsic,isomorphic
CRE050,2,,2,CRE050,cb_intrinsic,isomorphic
CRE069,2,,2,CRE069,cb_intrinsic,isomorphic
CRE071,2,,2,CRE071,cb_intrinsic,isomorphic
CRE074,2,,2,CRE074,cb_intrinsic,isomorphic
CRE075,2,,2,CRE075,cb_intrinsic,isomorphic
CRE082,2,,2,CRE082,cb_intrinsic,isomorphic
CRE104,1,,3,CRE104,cb_intrinsic,isomorphic
CRE105,2,,2,CRE105,cb_intrinsic,isomorphic
CRE107,2,,2,CRE107,cb_intrinsic,isomorphic
CRE108,2,,2,CRE108,cb_intrinsic,isomorphic
CSD,2,,2,CSD,cb_intrinsic,isomorphic
DA1_vPN,2,,2,DA1_vPN,cb_intrinsic,isomorphic
DC4_adPN,2,,2,DC4_adPN,cb_intrinsic,isomorphic
DCH,2,,2,DCH,visual_centrifugal,isomorphic
DGI,2,,2,DGI,cb_intrinsic,isomorphic
DL4_adPN,2,,2,DL4_adPN,cb_intrinsic,isomorphic
DNES2,2,efferent neuron,2,DNES2,cb_endocrine,isomorphic
DNa01,2,CNS neuron,2,DNa01,descending_neuron,isomorphic
DNa02,2,CNS neuron,2,DNa02,descending_neuron,isomorphic
DNa04,2,CNS neuron,2,DNa04,descending_neuron,isomorphic
DNa05,2,CNS neuron,2,DNa05,descending_neuron,isomorphic
DNa06,2,CNS neuron,2,DNa06,descending_neuron,isomorphic
DNa07,2,CNS neuron,2,DNa07,descending_neuron,isomorphic
DNa08,2,CNS neuron,2,DNa08,descending_neuron,isomorphic
DNa09,2,CNS neuron,2,DNa09,descending_neuron,isomorphic
DNa10,2,CNS neuron,2,DNa10,descending_neuron,isomorphic
DNa14,2,CNS neuron,2,DNa14,descending_neuron,isomorphic
DNa15,2,CNS neuron,2,DNa15,descending_neuron,isomorphic
DNa16,2,CNS neuron,2,DNa16,descending_neuron,isomorphic
DNae001,2,CNS neuron,2,DNae001,descending_neuron,isomorphic
DNae002,2,CNS neuron,2,DNae002,descending_neuron,isomorphic
DNae003,2,CNS neuron,2,DNae003,descending_neuron,isomorphic
DNae004,2,CNS neuron,2,DNae004,descending_neuron,isomorphic
DNae005,2,CNS neuron,2,DNae005,descending_neuron,isomorphic
DNae006,2,CNS neuron,2,DNae006,descending_neuron,isomorphic
DNae007,2,CNS neuron,2,DNae007,descending_neuron,isomorphic
DNae008,2,CNS neuron,2,DNae008,descending_neuron,isomorphic
DNae009,2,CNS neuron,2,DNae009,descending_neuron,isomorphic
DNae010,2,CNS neuron,2,DNae010,descending_neuron,isomorphic
DNb01,2,CNS neuron,2,DNb01,descending_neuron,isomorphic
DNb05,2,CNS neuron,2,DNb05,descending_neuron,isomorphic
DNb06,2,CNS neuron,2,DNb06,descending_neuron,isomorphic
DNb07,2,CNS neuron,2,DNb07,descending_neuron,isomorphic
DNb09,2,CNS neuron,2,DNb09,descending_neuron,isomorphic
DNbe001,2,CNS neuron,2,DNbe001,descending_neuron,isomorphic
DNbe006,2,CNS neuron,2,DNbe006,descending_neuron,isomorphic
DNd03,2,CNS neuron,2,DNd03,descending_neuron,isomorphic
DNde007,2,CNS neuron,2,DNde007,descending_neuron,isomorphic
DNg103,2,CNS neuron,2,DNg103,descending_neuron,isomorphic
DNg104,2,CNS neuron,2,DNg104,descending_neuron,isomorphic
DNg105,2,CNS neuron,2,DNg105,descending_neuron,isomorphic
DNg109,2,CNS neuron,2,DNg109,descending_neuron,isomorphic
DNg111,2,CNS neuron,2,DNg111,descending_neuron,isomorphic
DNg13,2,CNS neuron,2,DNg13,descending_neuron,isomorphic
DNg14,2,CNS neuron,2,DNg14,descending_neuron,isomorphic
DNg15,2,CNS neuron,2,DNg15,descending_neuron,isomorphic
DNg18_a,1,,3,DNg18_a,descending_neuron,isomorphic
DNg22,2,CNS neuron,2,DNg22,descending_neuron,isomorphic
DNg23,2,,2,DNg23,descending_neuron,isomorphic
DNg29,2,CNS neuron,2,DNg29,descending_neuron,isomorphic
DNg30,2,CNS neuron,2,DNg30,descending_neuron,isomorphic
DNg34,2,CNS neuron,2,DNg34,descending_neuron,isomorphic
DNg35,2,CNS neuron,2,DNg35,descending_neuron,isomorphic
DNg40,2,CNS neuron,2,DNg40,descending_neuron,isomorphic
DNg41,2,CNS neuron,2,DNg41,descending_neuron,isomorphic
DNg49,2,CNS neuron,2,DNg49,descending_neuron,isomorphic
DNg50,2,CNS neuron,2,DNg50,descending_neuron,isomorphic
DNg57,2,CNS neuron,2,DNg57,descending_neuron,isomorphic
DNg61,2,CNS neuron,2,DNg61,descending_neuron,isomorphic
DNg62,2,CNS neuron,2,DNg62,descending_neuron,isomorphic
DNg63,2,CNS neuron,2,DNg63,descending_neuron,isomorphic
DNg67,2,CNS neuron,2,DNg67,descending_neuron,isomorphic
DNg70,2,CNS neuron,2,DNg70,descending_neuron,isomorphic
DNg81,2,CNS neuron,2,DNg81,descending_neuron,isomorphic
DNg84,2,CNS neuron,2,DNg84,descending_neuron,isomorphic
DNg86,2,,2,DNg86,descending_neuron,isomorphic
DNg87,2,CNS neuron,2,DNg87,descending_neuron,isomorphic
DNg90,2,CNS neuron,2,DNg90,descending_neuron,isomorphic
DNg91,2,CNS neuron,2,DNg91,descending_neuron,isomorphic
DNg94,2,CNS neuron,2,DNg94,descending_neuron,isomorphic
DNg95,2,CNS neuron,2,DNg95,descending_neuron,isomorphic
DNg97,2,CNS neuron,2,DNg97,descending_neuron,isomorphic
DNg98,2,CNS neuron,2,DNg98,descending_neuron,isomorphic
DNg99,2,CNS neuron,2,DNg99,descending_neuron,isomorphic
DNge003,2,CNS neuron,2,DNge003,descending_neuron,isomorphic
DNge004,2,CNS neuron,2,DNge004,descending_neuron,isomorphic
DNge011,2,CNS neuron,2,DNge011,descending_neuron,isomorphic
DNge023,2,CNS neuron,2,DNge023,descending_neuron,isomorphic
DNge032,2,CNS neuron,2,DNge032,descending_neuron,isomorphic
DNge033,2,CNS neuron,2,DNge033,descending_neuron,isomorphic
DNge039,2,CNS neuron,2,DNge039,descending_neuron,isomorphic
DNge043,2,CNS neuron,2,DNge043,descending_neuron,isomorphic
DNge045,2,CNS neuron,2,DNge045,descending_neuron,isomorphic
DNge051,2,CNS neuron,2,DNge051,descending_neuron,isomorphic
DNge053,2,CNS neuron,2,DNge053,descending_neuron,isomorphic
DNge054,2,CNS neuron,2,DNge054,descending_neuron,isomorphic
DNge055,2,CNS neuron,2,DNge055,descending_neuron,isomorphic
DNge062,2,CNS neuron,2,DNge062,descending_neuron,isomorphic
DNge065,2,CNS neuron,2,DNge065,descending_neuron,isomorphic
DNge069,2,CNS neuron,2,DNge069,descending_neuron,isomorphic
DNge076,2,CNS neuron,2,DNge076,descending_neuron,isomorphic
DNge077,2,CNS neuron,2,DNge077,descending_neuron,isomorphic
DNge081,2,CNS neuron,2,DNge081,descending_neuron,isomorphic
DNge083,2,CNS neuron,2,DNge083,descending_neuron,isomorphic
DNge084,2,CNS neuron,2,DNge084,descending_neuron,isomorphic
DNge086,2,CNS neuron,2,DNge086,descending_neuron,isomorphic
DNge096,2,CNS neuron,2,DNge096,descending_neuron,isomorphic
DNge097,2,CNS neuron,2,DNge097,descending_neuron,isomorphic
DNge099,2,CNS neuron,2,DNge099,descending_neuron,isomorphic
DNge103,2,CNS neuron,2,DNge103,descending_neuron,isomorphic
DNge106,2,CNS neuron,2,DNge106,descending_neuron,isomorphic
DNge107,2,CNS neuron,2,DNge107,descending_neuron,isomorphic
DNge109,2,CNS neuron,2,DNge114,descending_neuron,isomorphic
DNge120,2,CNS neuron,2,DNge120,descending_neuron,isomorphic
DNge123,2,CNS neuron,2,DNge123,descending_neuron,isomorphic
DNge134,2,CNS neuron,2,DNge134,descending_neuron,isomorphic
DNge138,2,CNS neuron,2,DNge138,descending_neuron,isomorphic
DNge140,2,CNS neuron,2,DNge140,descending_neuron,isomorphic
DNge143,2,CNS neuron,2,DNge143,descending_neuron,isomorphic
DNge147,2,CNS neuron,2,DNge147,descending_neuron,isomorphic
DNp02,2,CNS neuron,2,DNp02,descending_neuron,isomorphic
DNp03,2,CNS neuron,2,DNp03,descending_neuron,isomorphic
DNp04,2,CNS neuron,2,DNp04,descending_neuron,isomorphic
DNp05,2,CNS neuron,2,DNp05,descending_neuron,isomorphic
DNp06,2,CNS neuron,2,DNp06,descending_neuron,isomorphic
DNp07,2,CNS neuron,2,DNp07,descending_neuron,isomorphic
DNp08,2,CNS neuron,2,DNp08,descending_neuron,isomorphic
DNp09,2,CNS neuron,2,DNp09,descending_neuron,isomorphic
DNp10,2,CNS neuron,2,DNp10,descending_neuron,isomorphic
DNp102,2,CNS neuron,2,DNp102,descending_neuron,isomorphic
DNp103,2,CNS neuron,2,DNp103,descending_neuron,isomorphic
DNp11,2,CNS neuron,2,DNp11,descending_neuron,isomorphic
DNp13,2,CNS neuron,2,DNp13,descending_neuron,isomorphic
DNp14,2,CNS neuron,2,DNp14,descending_neuron,isomorphic
DNp15,2,CNS neuron,2,DNp15,descending_neuron,isomorphic
DNp18,2,CNS neuron,2,DNp18,descending_neuron,isomorphic
DNp19,2,CNS neuron,2,DNp19,descending_neuron,isomorphic
DNp20,2,CNS neuron,2,DNp20,descending_neuron,isomorphic
DNp23,2,CNS neuron,2,DNp23,descending_neuron,isomorphic
DNp25,2,CNS neuron,2,DNp25,descending_neuron,isomorphic
DNp26,2,CNS neuron,2,DNp26,descending_neuron,isomorphic
DNp28,2,CNS neuron,2,DNp28,descending_neuron,isomorphic
DNp30,2,CNS neuron,2,DNp30,descending_neuron,isomorphic
DNp31,2,CNS neuron,2,DNp31,descending_neuron,isomorphic
DNp32,2,CNS neuron,2,DNp32,descending_neuron,isomorphic
DNp33,2,CNS neuron,2,DNp33,descending_neuron,isomorphic
DNp34,2,CNS neuron,2,DNp34,descending_neuron,isomorphic
DNp35,2,CNS neuron,2,DNp35,descending_neuron,isomorphic
DNp36,2,CNS neuron,2,DNp36,descending_neuron,isomorphic
DNp38,2,CNS neuron,2,DNp38,descending_neuron,isomorphic
DNp43,2,CNS neuron,2,DNp43,descending_neuron,isomorphic
DNp44,2,CNS neuron,2,DNp44,descending_neuron,isomorphic
DNp45,2,CNS neuron,2,DNp45,descending_neuron,isomorphic
DNp47,2,CNS neuron,2,DNp47,descending_neuron,isomorphic
DNp48,2,CNS neuron,2,DNp48,descending_neuron,isomorphic
DNp54,2,CNS neuron,2,DNp54,descending_neuron,isomorphic
DNp56,2,CNS neuron,2,DNp56,descending_neuron,isomorphic
DNp57,2,CNS neuron,2,DNp57,descending_neuron,isomorphic
DNp58,2,CNS neuron,2,DNp58,descending_neuron,isomorphic
DNp62,2,CNS neuron,2,DNp62,descending_neuron,isomorphic
DNp64,2,CNS neuron,2,DNp64,descending_neuron,isomorphic
DNp65,2,CNS neuron,2,DNp65,descending_neuron,isomorphic
DNp68,2,CNS neuron,2,DNp68,descending_neuron,isomorphic
DNp69,2,CNS neuron,2,DNp69,descending_neuron,isomorphic
DNp70,2,CNS neuron,2,DNp70,descending_neuron,isomorphic
DNp73,2,CNS neuron,2,DNp73,descending_neuron,isomorphic
DNpe001,2,CNS neuron,2,DNpe001,descending_neuron,isomorphic
DNpe002,2,CNS neuron,2,DNpe002,descending_neuron,isomorphic
DNpe006,2,CNS neuron,2,DNpe006,descending_neuron,isomorphic
DNpe010,2,CNS neuron,2,DNpe010,descending_neuron,isomorphic
DNpe016,2,CNS neuron,2,DNpe016,descending_neuron,isomorphic
DNpe017,2,CNS neuron,2,DNpe017,descending_neuron,isomorphic
DNpe018,1,,3,DNpe018,descending_neuron,isomorphic
DNpe020,2,CNS neuron,2,DNpe020,descending_neuron,isomorphic
DNpe021,2,CNS neuron,2,DNpe021,descending_neuron,isomorphic
DNpe023,2,CNS neuron,2,DNpe023,descending_neuron,isomorphic
DNpe024,2,CNS neuron,2,DNpe024,descending_neuron,isomorphic
DNpe032,2,CNS neuron,2,DNpe032,descending_neuron,isomorphic
DNpe035,2,CNS neuron,2,DNpe035,descending_neuron,isomorphic
DNpe040,2,CNS neuron,2,DNpe040,descending_neuron,isomorphic
DNpe041,2,CNS neuron,2,DNpe041,descending_neuron,isomorphic
DNpe042,2,CNS neuron,2,DNpe042,descending_neuron,isomorphic
DNpe045,2,CNS neuron,2,DNpe045,descending_neuron,isomorphic
DNpe048,2,,2,DNpe048,descending_neuron,isomorphic
DNpe050,2,CNS neuron,2,DNpe050,descending_neuron,isomorphic
DNpe052,2,CNS neuron,2,DNpe052,descending_neuron,isomorphic
DNpe056,2,CNS neuron,2,DNpe056,descending_neuron,isomorphic
FB1F,2,,2,FB1F,cb_intrinsic,isomorphic
FB2F_b,1,,3,FB2F_b,cb_intrinsic,isomorphic
FB5K,2,,2,FB5K,cb_intrinsic,isomorphic
FB5M,2,,2,FB5M,cb_intrinsic,isomorphic
FB6N,2,,2,FB6N,cb_intrinsic,isomorphic
FB6W,2,,2,FB6W,cb_intrinsic,isomorphic
FB6X,2,,2,FB6X,cb_intrinsic,isomorphic
H01,2,,2,IB014,cb_intrinsic,isomorphic
H2,2,CNS neuron,2,H2,visual_projection,isomorphic
HSE,2,CNS neuron,2,HSE,visual_projection,isomorphic
HSN,2,CNS neuron,2,HSN,visual_projection,isomorphic
HSS,2,CNS neuron,2,HSS,visual_projection,isomorphic
IB015,2,,2,IB015,cb_intrinsic,isomorphic
IB017,2,,2,IB017,cb_intrinsic,isomorphic
IB020,2,,2,IB020,cb_intrinsic,isomorphic
IB024,2,,2,IB024,cb_intrinsic,isomorphic
IB050,2,,2,IB050,cb_intrinsic,isomorphic
IB059b,2,,2,IB059_a,cb_intrinsic,isomorphic
IB060,2,,2,IB060,cb_intrinsic,isomorphic
IB062,2,,2,IB062,cb_intrinsic,isomorphic
IB065,2,,2,IB065,cb_intrinsic,isomorphic
IB110,2,,2,IB110,cb_intrinsic,isomorphic
IB117,2,,2,IB117,cb_intrinsic,isomorphic
KCg-s1,2,,2,KCg-s1,cb_intrinsic,isomorphic
LAL001,2,,2,LAL001,cb_intrinsic,isomorphic
LAL013,2,,2,LAL013,cb_intrinsic,isomorphic
LAL018,2,,2,LAL018,cb_intrinsic,isomorphic
LAL038,2,,2,CRE018,cb_intrinsic,isomorphic
LAL100,2,,2,LAL100,cb_intrinsic,isomorphic
LAL101,2,,2,LAL101,cb_intrinsic,isomorphic
LAL114,2,,2,LAL114,cb_intrinsic,isomorphic
LAL143,2,,2,LAL143,cb_intrinsic,isomorphic
LAL148,2,,2,LAL148,cb_intrinsic,isomorphic
LAL154,2,,2,LAL154,cb_intrinsic,isomorphic
LAL156a,2,,2,LAL156_a,cb_intrinsic,isomorphic
LAL156b,2,,2,LAL156_b,cb_intrinsic,isomorphic
LAL158,2,,2,LAL158,cb_intrinsic,isomorphic
LAL159,2,,2,LAL159,cb_intrinsic,isomorphic
LAL165,2,,2,LAL165,cb_intrinsic,isomorphic
LAL181,2,,2,LAL181,cb_intrinsic,isomorphic
LAL182,2,,2,LAL182,cb_intrinsic,isomorphic
LAL184,2,,2,LAL184,cb_intrinsic,isomorphic
LAL186,2,,2,LAL186,cb_intrinsic,isomorphic
LAL199,2,,2,LAL199,cb_intrinsic,isomorphic
LHAD1c2b,2,,2,LHAD1c2b,cb_intrinsic,isomorphic
LHAD1f3c,1,,3,LHAD1f3_b,cb_intrinsic,isomorphic
LHAD1g1,2,,2,LHAD1g1,cb_intrinsic,isomorphic
LHAD2e3,2,CNS neuron,2,LHAD2e3,cb_intrinsic,isomorphic
LHAD3a10,2,,2,LHAD3a10,cb_intrinsic,isomorphic
LHAV2f2_a,1,,3,LHAV2f2_b,cb_intrinsic,isomorphic
LHAV2o1,2,,2,LHAV2o1,cb_intrinsic,isomorphic
LHAV3a1_c,2,,2,LHAV3a1_c,cb_intrinsic,isomorphic
LHAV3b12,2,,2,LHAV3b12,cb_intrinsic,isomorphic
LHAV3d1,2,,2,LHAV3d1,cb_intrinsic,isomorphic
LHAV3e3b,2,,2,LHAV3e3_b,cb_intrinsic,isomorphic
LHAV3e6,1,,3,LHAV3e6,cb_intrinsic,isomorphic
LHAV3k5,2,,2,LHAV3k5,cb_intrinsic,isomorphic
LHAV3m1,2,,2,LHAV3m1,cb_intrinsic,isomorphic
LHAV5d1,2,,2,LHAV5d1,cb_intrinsic,isomorphic
LHAV5e1,2,,2,LHAV5e1,cb_intrinsic,isomorphic
LHAV6b1,2,,2,LHAV6b1,cb_intrinsic,isomorphic
LHAV7a4b,2,,2,LHAV7a4,cb_intrinsic,isomorphic
LHCENT2,2,,2,LHCENT2,cb_intrinsic,isomorphic
LHCENT5,2,,2,LHCENT5,cb_intrinsic,isomorphic
LHCENT6,2,,2,LHCENT6,cb_intrinsic,isomorphic
LHPD2d1,2,,2,LHPD2d1,cb_intrinsic,isomorphic
LHPD4d1,2,,2,LHPD4d1,cb_intrinsic,isomorphic
LHPD5a1,2,,2,LHPD5a1,cb_intrinsic,isomorphic
LHPV10b1,2,,2,LHPV10b1,cb_intrinsic,isomorphic
LHPV12a1,2,,2,LHPV12a1,cb_intrinsic,isomorphic
LHPV3c1,2,,2,LHPV3c1,cb_intrinsic,isomorphic
LHPV5e2,2,,2,LHPV5e2,cb_intrinsic,isomorphic
LHPV5i1,2,,2,LHPV5i1,cb_intrinsic,isomorphic
LHPV6l1,2,,2,LHPV6l1,cb_intrinsic,isomorphic
LHPV6p1,2,,2,LHPV6p1,cb_intrinsic,isomorphic
LHPV7a1a,2,,2,LHPV7a1,cb_intrinsic,isomorphic
LHPV7b1,2,,2,LHPV7b1,cb_intrinsic,isomorphic
LHPV7c1,2,,2,LHPV7c1,cb_intrinsic,isomorphic
LHPV8a1,2,,2,LHPV8a1,cb_intrinsic,isomorphic
LHPV8c1,2,,2,LHPV8c1,cb_intrinsic,isomorphic
LPT22,2,,2,LPT22,visual_projection,isomorphic
LPT26,2,,2,LPT26,visual_projection,isomorphic
LPT30,2,,2,LPT30,visual_projection,isomorphic
LPT42_Nod4,2,,2,Nod4,visual_projection,isomorphic
LPT49,2,,2,LPT49,visual_projection,isomorphic
LPT50,2,,2,LPT50,visual_projection,isomorphic
LPT52,2,,2,LPT52,visual_projection,isomorphic
LPT53,2,,2,LPT53,visual_centrifugal,isomorphic
LPT54,2,,2,LPT54,visual_projection,isomorphic
LPT57,2,,2,LPT57,visual_centrifugal,isomorphic
LT1d,2,,2,LT1d,visual_projection,isomorphic
LT39,2,,2,LT39,visual_centrifugal,isomorphic
LT42,2,,2,LT42,visual_centrifugal,isomorphic
LT47,2,,2,LT47,visual_projection,isomorphic
LT55,2,,2,LT55,visual_projection,isomorphic
LT60,2,,2,LT60,visual_projection,isomorphic
LT66,2,,2,LT66,visual_projection,isomorphic
LT75,2,,2,LT75,visual_projection,isomorphic
LT84,2,,2,LT84,visual_projection,isomorphic
LTe13,2,,2,LoVP53,visual_projection,isomorphic
LTe15,2,,2,LoVP49,visual_projection,isomorphic
LTe16,2,,2,LoVP107,visual_projection,isomorphic
LTe17,2,,2,LoVP47,visual_projection,isomorphic
LTe19,2,,2,LoVP86,visual_projection,isomorphic
LTe20,2,,2,LoVP54,visual_projection,isomorphic
LTe24,2,,2,LoVP59,visual_projection,isomorphic
LTe25,2,,2,LoVP42,visual_projection,isomorphic
LTe45,2,,2,LoVP56,visual_projection,isomorphic
LTe48,2,,2,LoVP28,visual_projection,isomorphic
LTe51,2,,2,LoVP100,visual_projection,isomorphic
LTe53,2,,2,LoVP36,visual_projection,isomorphic
LTe57,2,,2,LoVP44,visual_projection,isomorphic
LTe59a,2,,2,LoVP95,visual_projection,isomorphic
LTe62,2,,2,LoVP98,visual_projection,isomorphic
LTe69,2,,2,LoVP63,visual_projection,isomorphic
LTe75,2,,2,LoVP79,visual_projection,isomorphic
MBON04,2,,2,MBON04,cb_intrinsic,isomorphic
MBON22,2,,2,MBON22,cb_intrinsic,isomorphic
MBON23,2,,2,MBON23,cb_intrinsic,isomorphic
MBON30,2,,2,MBON30,cb_intrinsic,isomorphic
MTe14,1,,3,MeVP22,visual_projection,isomorphic
MTe18,2,,2,MeVP23,visual_projection,isomorphic
MTe20,2,,2,MeVP39,visual_projection,isomorphic
MTe21,2,,2,MeVP31,visual_projection,isomorphic
MTe23,2,,2,MeVP49,visual_projection,isomorphic
MTe24,2,,2,MeVP35,visual_projection,isomorphic
MTe26,2,,2,MeVP33,visual_projection,isomorphic
MTe27,2,,2,MeVP28,visual_projection,isomorphic
MTe29,2,,2,MeVP56,visual_projection,isomorphic
MTe32,2,,2,MeVP36,visual_projection,isomorphic
MTe37,2,,2,MeVP45,visual_projection,isomorphic
MTe39,2,,2,MeVP60,visual_projection,isomorphic
MTe46,2,,2,MeVPaMe1,visual_projection,isomorphic
M_adPNm7,1,,3,M_adPNm7,cb_intrinsic,isomorphic
M_lvPNm29,2,,2,M_lvPNm29,cb_intrinsic,isomorphic
MeLp1,2,,2,MeVPLp1,visual_projection,isomorphic
MeMe_e03,2,,2,MeVPMe6,visual_projection,isomorphic
MeMe_e05,2,,2,MeVPMe3,visual_projection,isomorphic
MeMe_e13,2,,2,MeVPOL1,ol_intrinsic,isomorphic
Nod2,2,,2,Nod2,visual_projection,isomorphic
Nod5,2,,2,Nod5,visual_projection,isomorphic
OA-AL2b1,2,,2,LoVCLo3,visual_centrifugal,isomorphic
OA-AL2i1,2,,2,OA-AL2i1,visual_centrifugal,isomorphic
OA-AL2i4,2,,2,OA-AL2i4,visual_centrifugal,isomorphic
OA-VPM3,2,,2,OA-VPM3,cb_intrinsic,isomorphic
OA-VPM4,2,,2,OA-VPM4,cb_intrinsic,isomorphic
OA-VUMa1,2,,2,OA-VUMa1,cb_intrinsic,isomorphic
OA-VUMa2,2,,2,OA-VUMa2,cb_intrinsic,isomorphic
OA-VUMa3,2,CNS neuron,2,OA-VUMa3,cb_intrinsic,isomorphic
OA-VUMa4,2,,2,OA-VUMa4,cb_intrinsic,isomorphic
OA-VUMa6,2,,2,OA-VUMa6,cb_intrinsic,isomorphic
PLP005,2,,2,PLP005,cb_intrinsic,isomorphic
PLP022,2,,2,PLP022,cb_intrinsic,isomorphic
PLP032,2,,2,PLP032,cb_intrinsic,isomorphic
PLP051,2,,2,LoVP91,cb_intrinsic,isomorphic
PLP075,2,,2,PLP075,cb_intrinsic,isomorphic
PLP079,2,,2,PLP079,cb_intrinsic,isomorphic
PLP094,2,,2,PLP094,cb_intrinsic,isomorphic
PLP097,2,,2,PLP097,cb_intrinsic,isomorphic
PLP103b,1,,3,PLP103,cb_intrinsic,isomorphic
PLP123,2,,2,PLP123,cb_intrinsic,isomorphic
PLP124,2,,2,PLP124,cb_intrinsic,isomorphic
PLP128,2,,2,PLP128,cb_intrinsic,isomorphic
PLP129,2,,2,PLP129,cb_intrinsic,isomorphic
PLP132,2,,2,PLP132,cb_intrinsic,isomorphic
PLP154,2,sensory neuron,2,PLP154,cb_intrinsic,isomorphic
PLP170,2,,2,PLP170,cb_intrinsic,isomorphic
PLP177,2,,2,PLP177,cb_intrinsic,isomorphic
PLP178,2,,2,PLP178,cb_intrinsic,isomorphic
PLP196,2,,2,PLP196,cb_intrinsic,isomorphic
PLP215,2,,2,LoVP37,cb_intrinsic,isomorphic
PLP216,2,,2,PLP216,cb_intrinsic,isomorphic
PLP217,2,,2,PLP217,cb_intrinsic,isomorphic
PLP232,2,,2,PLP232,cb_intrinsic,isomorphic
PLP247,2,,2,PLP247,cb_intrinsic,isomorphic
PPL101,2,,2,PPL101,cb_intrinsic,isomorphic
PPL103,2,,2,PPL103,cb_intrinsic,isomorphic
PPM1203,2,,2,PPM1203,cb_intrinsic,isomorphic
PS031,2,,2,PS031,cb_intrinsic,isomorphic
PS061,2,,2,PS061,cb_intrinsic,isomorphic
PS063,2,,2,PS063,cb_intrinsic,isomorphic
PS088,2,,2,PS088,cb_intrinsic,isomorphic
PS093,2,,2,PS093,cb_intrinsic,isomorphic
PS114,2,,2,PS114,cb_intrinsic,isomorphic
PS117a,2,,2,PS117_a,cb_intrinsic,isomorphic
PS138,2,sensory neuron,2,PS138,cb_intrinsic,isomorphic
PS161,2,,2,PS161,cb_intrinsic,isomorphic
PS172,2,,2,PS172,cb_intrinsic,isomorphic
PS173,2,,2,PS173,cb_intrinsic,isomorphic
PS174,2,,2,PS174,cb_intrinsic,isomorphic
PS177,2,,2,PS177,cb_intrinsic,isomorphic
PS182,2,,2,PS182,cb_intrinsic,isomorphic
PS186,2,,2,PS186,cb_intrinsic,isomorphic
PS187,2,,2,PS187,cb_intrinsic,isomorphic
PS199,2,,2,PS199,cb_intrinsic,isomorphic
PS214,2,,2,PS214,cb_intrinsic,isomorphic
PS215,2,,2,PS215,cb_intrinsic,isomorphic
PS238,2,,2,PS238,cb_intrinsic,isomorphic
PS242,1,,3,PS242,cb_intrinsic,isomorphic
PS262,2,,2,PS262,cb_intrinsic,isomorphic
PS303,2,,2,PS303,cb_intrinsic,isomorphic
PVLP003,2,,2,PVLP003,cb_intrinsic,isomorphic
PVLP009,1,,3,PVLP009,cb_intrinsic,isomorphic
PVLP022,1,,3,PVLP022,cb_intrinsic,isomorphic
PVLP024,1,,3,PVLP024,cb_intrinsic,isomorphic
PVLP089,2,,2,PVLP089,cb_intrinsic,isomorphic
PVLP094,2,,2,PVLP094,cb_intrinsic,isomorphic
PVLP123c,2,,2,PVLP123,cb_intrinsic,isomorphic
SAD010,2,,2,SAD010,cb_intrinsic,isomorphic
SAD052,1,CNS neuron,3,SAD052,cb_intrinsic,isomorphic
SAD053,2,,2,SAD053,cb_intrinsic,isomorphic
SAD074,2,CNS neuron,2,SAD074,cb_intrinsic,isomorphic
SAD082,2,,2,SAD082,cb_intrinsic,isomorphic
SAD094,2,,2,SAD094,cb_intrinsic,isomorphic
SIP025,2,,2,SIP025,cb_intrinsic,isomorphic
SIP064,2,,2,SIP064,cb_intrinsic,isomorphic
SIP086,2,,2,SIP086,cb_intrinsic,isomorphic
SLP004,2,,2,SLP004,cb_intrinsic,isomorphic
SLP033,2,,2,SLP033,cb_intrinsic,isomorphic
SLP060,2,,2,SLP060,cb_intrinsic,isomorphic
SLP061,2,,2,SLP061,cb_intrinsic,isomorphic
SLP066,2,,2,SLP066,cb_intrinsic,isomorphic
SLP067,2,,2,SLP067,cb_intrinsic,isomorphic
SLP069,2,,2,SLP069,cb_intrinsic,isomorphic
SLP130,2,,2,SLP130,cb_intrinsic,isomorphic
SLP134,2,,2,SLP134,cb_intrinsic,isomorphic
SLP149,2,,2,SLP149,cb_intrinsic,isomorphic
SLP150,2,,2,SLP150,cb_intrinsic,isomorphic
SLP210,2,,2,SLP210,cb_intrinsic,isomorphic
SLP214,2,,2,SLP214,cb_intrinsic,isomorphic
SLP221,2,,2,SLP221,cb_intrinsic,isomorphic
SLP236,2,,2,SLP236,cb_intrinsic,isomorphic
SLP256,2,,2,SLP256,cb_intrinsic,isomorphic
SLP258,2,,2,SLP258,cb_intrinsic,isomorphic
SLP270,2,,2,SLP270,cb_intrinsic,isomorphic
SLP278,2,,2,SLP278,cb_intrinsic,isomorphic
SLP304a,2,,2,SLP304,cb_intrinsic,isomorphic
SLP368,2,,2,SLP368,cb_intrinsic,isomorphic
SLP377,2,,2,SLP377,cb_intrinsic,isomorphic
SLP379,2,,2,SLP379,cb_intrinsic,isomorphic
SLP384,2,,2,SLP384,cb_intrinsic,isomorphic
SLP385,2,,2,SLP385,cb_intrinsic,isomorphic
SLP387,2,,2,SLP387,cb_intrinsic,isomorphic
SLP389,2,,2,SLP389,cb_intrinsic,isomorphic
SLP390,2,,2,SLP390,cb_intrinsic,isomorphic
SLP391,2,,2,SLP391,cb_intrinsic,isomorphic
SLP404,2,,2,SLP404,cb_intrinsic,isomorphic
SLP467b,2,,2,SLP467,cb_intrinsic,isomorphic
SLPpm3_P02,2,,2,SLP442,cb_intrinsic,isomorphic
SLPpm3_P03,2,,2,SLP439,cb_intrinsic,isomorphic
SMP011a,2,,2,SMP011_a,cb_intrinsic,isomorphic
SMP026,2,,2,SMP026,cb_intrinsic,isomorphic
SMP028,2,,2,SMP028,cb_intrinsic,isomorphic
SMP030,2,,2,SMP030,cb_intrinsic,isomorphic
SMP037,2,,2,SMP037,cb_intrinsic,isomorphic
SMP041,2,,2,SMP041,cb_intrinsic,isomorphic
SMP042,2,,2,SMP042,cb_intrinsic,isomorphic
SMP048,2,,2,SMP048,cb_intrinsic,isomorphic
SMP056,2,,2,SMP056,cb_intrinsic,isomorphic
SMP111,2,,2,SMP111,cb_intrinsic,isomorphic
SMP114,2,,2,SMP114,cb_intrinsic,isomorphic
SMP120a,1,,3,SMP120,cb_intrinsic,isomorphic
SMP120b,2,,2,SMP120,cb_intrinsic,isomorphic
SMP122,1,,3,SMP122,cb_intrinsic,isomorphic
SMP128,2,,2,SMP128,cb_intrinsic,isomorphic
SMP152,2,,2,SMP152,cb_intrinsic,isomorphic
SMP156,2,,2,SMP156,cb_intrinsic,isomorphic
SMP157,2,,2,SMP157,cb_intrinsic,isomorphic
SMP159,2,,2,SMP159,cb_intrinsic,isomorphic
SMP162b,2,,2,SMP162,cb_intrinsic,isomorphic
SMP164,2,,2,SMP164,cb_intrinsic,isomorphic
SMP169,2,,2,SMP169,cb_intrinsic,isomorphic
SMP177,2,,2,SMP177,cb_intrinsic,isomorphic
SMP180,2,,2,SMP180,cb_intrinsic,isomorphic
SMP184,2,,2,SMP184,cb_intrinsic,isomorphic
SMP190,2,,2,SMP190,cb_intrinsic,isomorphic
SMP191,2,,2,SMP191,cb_intrinsic,isomorphic
SMP200,2,,2,SMP200,cb_intrinsic,isomorphic
SMP238,2,,2,SMP238,cb_intrinsic,isomorphic
SMP239,2,,2,SMP239,cb_intrinsic,isomorphic
SMP246,2,,2,SMP246,cb_intrinsic,isomorphic
SMP248a,2,,2,SMP248_d,cb_intrinsic,isomorphic
SMP254,2,,2,SMP254,cb_intrinsic,isomorphic
SMP255,2,,2,SMP255,cb_intrinsic,isomorphic
SMP256,2,,2,SMP256,cb_intrinsic,isomorphic
SMP273,2,,2,SMP273,cb_intrinsic,isomorphic
SMP276,2,,2,SMP276,cb_intrinsic,isomorphic
SMP333,2,,2,SMP333,cb_intrinsic,isomorphic
SMP334,2,,2,SMP334,cb_intrinsic,isomorphic
SMP340,2,,2,SMP340,cb_intrinsic,isomorphic
SMP369,2,,2,SMP369,cb_intrinsic,isomorphic
SMP384,2,,2,SMP384,cb_intrinsic,isomorphic
SMP385,2,,2,SMP385,cb_intrinsic,isomorphic
SMP404b,1,,3,SMP404,cb_intrinsic,isomorphic
SMP420,2,,2,SMP420,cb_intrinsic,isomorphic
SMP421,2,,2,SMP421,cb_intrinsic,isomorphic
SMP469c,2,,2,SMP469,cb_intrinsic,isomorphic
SMP471,2,,2,SMP471,cb_intrinsic,isomorphic
SMP494,2,,2,SMP494,cb_intrinsic,isomorphic
SMP496,2,,2,SMP496,cb_intrinsic,isomorphic
SMP512,2,,2,SMP512,cb_intrinsic,isomorphic
SMP520a,2,,2,SMP520,cb_intrinsic,isomorphic
SMP525,2,,2,SMP525,cb_intrinsic,isomorphic
SMP527,2,,2,SMP527,cb_intrinsic,isomorphic
SMP529,2,,2,SMP529,cb_intrinsic,isomorphic
SMP543,2,,2,SMP543,cb_intrinsic,isomorphic
SMP558,1,,3,aIPg9,cb_intrinsic,isomorphic
SMP565,1,,3,SMP565,cb_intrinsic,isomorphic
SMP566a,2,,2,SMP566,cb_intrinsic,isomorphic
SMP580,2,,2,SMP580,cb_intrinsic,isomorphic
SMP582,2,,2,SMP582,cb_intrinsic,isomorphic
SMP586,2,,2,SMP586,cb_intrinsic,isomorphic
SMP589,2,,2,SMP589,cb_intrinsic,isomorphic
SMP594,2,,2,SMP594,cb_intrinsic,isomorphic
SMP600,2,,2,SMP600,cb_intrinsic,isomorphic
Sm37,2,,2,Cm33,ol_intrinsic,isomorphic
TuTuB_a,2,,2,TuTuB_a,cb_intrinsic,isomorphic
VA2_adPN,2,,2,VA2_adPN,cb_intrinsic,isomorphic
VA4_lPN,2,,2,VA4_lPN,cb_intrinsic,isomorphic
VCH,2,CNS neuron,2,VCH,visual_centrifugal,isomorphic
VES003,2,,2,VES003,cb_intrinsic,isomorphic
VES027,2,,2,VES027,cb_intrinsic,isomorphic
VES040,2,,2,VES040,cb_intrinsic,isomorphic
VES043,2,,2,VES043,cb_intrinsic,isomorphic
VES046,2,,2,VES046,cb_intrinsic,isomorphic
VES058,2,,2,VES058,cb_intrinsic,isomorphic
VES065,2,,2,VES065,cb_intrinsic,isomorphic
VES071,2,,2,VES071,cb_intrinsic,isomorphic
VP1m_l2PN,2,,2,VP1m_l2PN,cb_intrinsic,isomorphic
VP2_l2PN,2,,2,VP2_l2PN,cb_intrinsic,isomorphic
V_ilPN,2,,2,V_ilPN,cb_intrinsic,isomorphic
WED006,2,,2,WED006,cb_intrinsic,isomorphic
WED008,2,,2,WED008,cb_intrinsic,isomorphic
WED018,2,,2,WED018,cb_intrinsic,isomorphic
WED081,2,,2,WED081,cb_intrinsic,isomorphic
WED092d,2,,2,WED092,cb_intrinsic,isomorphic
WED096c,2,,2,WED096,cb_intrinsic,isomorphic
WED122,2,,2,WED122,cb_intrinsic,isomorphic
WED127,1,,3,WED127,cb_intrinsic,isomorphic
WED151,2,,2,WED151,cb_intrinsic,isomorphic
WED155b,2,,2,WED154,cb_intrinsic,isomorphic
WED165,2,,2,WED165,cb_intrinsic,isomorphic
WED181,2,,2,WED181,cb_intrinsic,isomorphic
WED182,2,,2,WED182,cb_intrinsic,isomorphic
WEDPN10A,2,,2,WEDPN10A,cb_intrinsic,isomorphic
WEDPN9,2,,2,WEDPN9,cb_intrinsic,isomorphic
aMe17a2,2,,2,aMe17e,visual_centrifugal,isomorphic
aMe19b,2,,2,MeVPMe11,visual_projection,isomorphic
aMe25,2,,2,aMe25,visual_projection,isomorphic
cL08,2,,2,LT35,visual_centrifugal,isomorphic
cL09,2,,2,LoVC13,visual_centrifugal,isomorphic
cL10,2,,2,LoVP96,visual_centrifugal,isomorphic
cL11,2,,2,LoVC2,visual_centrifugal,isomorphic
cL17,2,,2,LoVCLo1,visual_centrifugal,isomorphic
cLLPM02,2,,2,OLVC1,visual_centrifugal,isomorphic
cLM01,2,,2,OLVC4,visual_centrifugal,isomorphic
cLPL01,2,,2,OLVC6,visual_centrifugal,isomorphic
cMLLP02,2,,2,OLVC3,visual_centrifugal,isomorphic
il3LN6,2,,2,il3LN6,cb_intrinsic,isomorphic
mALB4,2,,2,mALB4,cb_intrinsic,isomorphic
mALB5,2,,2,mALB5,cb_intrinsic,isomorphic
mALC4,2,,2,LoVC14,visual_centrifugal,isomorphic
oviIN,2,,2,oviIN,cb_intrinsic,isomorphic
v2LN30,2,,2,v2LN30,cb_intrinsic,isomorphic
v2LN32,2,,2,v2LN32,cb_intrinsic,isomorphic
v2LN36,2,sensory neuron,2,v2LN36,cb_intrinsic,isomorphic
v2LN41b,2,,2,v2LN41,cb_intrinsic,isomorphic
v2LN5,1,,3,v2LN5,cb_intrinsic,isomorphic
ALIN2,1,,2,ALIN2,cb_intrinsic,isomorphic
ALIN7,1,,2,ALIN7,cb_intrinsic,isomorphic
ALIN8,1,,2,ALIN8,cb_intrinsic,isomorphic
ANXXX005,1,CNS neuron,2,ANXXX005,ascending_neuron,isomorphic
AN_AMMC_SAD_2,1,,2,ANXXX109,ascending_neuron,isomorphic
AN_AVLP_11,1,,2,AN08B018,ascending_neuron,isomorphic
AN_AVLP_17,1,,2,AN09B029,ascending_neuron,isomorphic
AN_AVLP_21,1,,2,ANXXX093,ascending_neuron,isomorphic
AN_AVLP_5,1,,2,AN12B004,ascending_neuron,isomorphic
AN_AVLP_GNG_10,1,,2,AN05B023d,ascending_neuron,isomorphic
AN_AVLP_GNG_20,1,,2,ANXXX178,ascending_neuron,isomorphic
AN_AVLP_PVLP_9,1,,2,AN09B012,ascending_neuron,isomorphic
AN_AVLP_SAD_2,1,,2,AN17B008,ascending_neuron,isomorphic
AN_GNG_101,2,,1,AN05B017,ascending_neuron,isomorphic
AN_GNG_107,1,,2,AN17A008,ascending_neuron,isomorphic
AN_GNG_118,1,,2,AN17A031,ascending_neuron,isomorphic
AN_GNG_12,1,,2,AN03B009,ascending_neuron,isomorphic
AN_GNG_14,1,,2,ANXXX214,ascending_neuron,isomorphic
AN_GNG_144,1,,2,AN19B018,ascending_neuron,isomorphic
AN_GNG_145,1,,2,ANXXX132,ascending_neuron,isomorphic
AN_GNG_152,1,,2,AN05B040,ascending_neuron,isomorphic
AN_GNG_170,1,,2,AN19B010,ascending_neuron,isomorphic
AN_GNG_20,1,,2,AN26X004,ascending_neuron,isomorphic
AN_GNG_34,1,CNS neuron,2,ANXXX200,ascending_neuron,isomorphic
AN_GNG_37,1,,2,AN09B020,ascending_neuron,isomorphic
AN_GNG_41,1,,2,AN12B008,ascending_neuron,isomorphic
AN_GNG_45,1,,2,AN07B015,ascending_neuron,isomorphic
AN_GNG_46,2,CNS neuron,1,AN14A003,ascending_neuron,isomorphic
AN_GNG_49,2,,1,AN05B010,ascending_neuron,isomorphic
AN_GNG_54,1,,2,AN19A018,ascending_neuron,isomorphic
AN_GNG_57,1,,2,AN06B005,ascending_neuron,isomorphic
AN_GNG_58,1,,2,AN07B032,ascending_neuron,isomorphic
AN_GNG_68,1,,2,AN13B002,ascending_neuron,isomorphic
AN_GNG_7,1,,2,AN18B002,ascending_neuron,isomorphic
AN_GNG_76,1,,2,AN19A018,ascending_neuron,isomorphic
AN_GNG_79,1,,2,AN12A003,ascending_neuron,isomorphic
AN_GNG_91,1,,2,AN17A003,ascending_neuron,isomorphic
AN_GNG_IPS_1,1,,2,vMS13,ascending_neuron,isomorphic
AN_GNG_IPS_10,1,,2,AN10B008,ascending_neuron,isomorphic
AN_GNG_IPS_11,1,,2,AN19B001,ascending_neuron,isomorphic
AN_GNG_IPS_3,1,,2,AN19B024,ascending_neuron,isomorphic
AN_GNG_SAD_10,1,,2,AN17A018,ascending_neuron,isomorphic
AN_GNG_SAD_11,1,,2,AN08B009,ascending_neuron,isomorphic
AN_GNG_SAD_12,1,,2,AN17A002,ascending_neuron,isomorphic
AN_GNG_SAD_13,1,,2,AN17A009,ascending_neuron,isomorphic
AN_GNG_SAD_24,1,,2,AN19A018,ascending_neuron,isomorphic
AN_GNG_SAD_3,1,,2,AN12B001,ascending_neuron,isomorphic
AN_GNG_SAD_31,2,CNS neuron,1,AN07B097,ascending_neuron,isomorphic
AN_GNG_SAD_4,1,,2,AN08B023,ascending_neuron,isomorphic
AN_GNG_SAD_7,1,,2,AN01A049,ascending_neuron,isomorphic
AN_GNG_VES_1,1,,2,AN12B017,ascending_neuron,isomorphic
AN_IPS_GNG_5,1,,2,AN06B037,ascending_neuron,isomorphic
AN_IPS_WED_2,1,,2,AN07B036,ascending_neuron,isomorphic
AN_SAD_GNG_1,1,,2,AN06B090,ascending_neuron,isomorphic
AN_SPS_GNG_1,1,,2,AN06B057,ascending_neuron,isomorphic
AN_SPS_IPS_3,1,,2,AN04B023,ascending_neuron,isomorphic
AN_SPS_IPS_4,1,,2,AN18B025,ascending_neuron,isomorphic
AN_SPS_IPS_6,1,,2,AN04B023,ascending_neuron,isomorphic
AN_VES_WED_3,1,,2,AN10B024,ascending_neuron,isomorphic
AN_multi_100,1,,2,AN06B007,ascending_neuron,isomorphic
AN_multi_103,1,,2,ANXXX108,ascending_neuron,isomorphic
AN_multi_108,1,,2,AN19B032,ascending_neuron,isomorphic
AN_multi_111,1,,2,AN08B016,ascending_neuron,isomorphic
AN_multi_113,1,,2,ANXXX075,ascending_neuron,isomorphic
AN_multi_12,1,,2,AN02A002,ascending_neuron,isomorphic
AN_multi_22,1,,2,AN09B007,ascending_neuron,isomorphic
AN_multi_28,1,,2,AN07B004,ascending_neuron,isomorphic
AN_multi_31,1,,2,AN09B030,ascending_neuron,isomorphic
AN_multi_36,1,,2,AN18B022,ascending_neuron,isomorphic
AN_multi_38,1,,2,AN03B094,ascending_neuron,isomorphic
AN_multi_40,1,,2,AN06B026,ascending_neuron,isomorphic
AN_multi_49,1,,2,AN10B017,ascending_neuron,isomorphic
AN_multi_56,1,,2,AN08B013,ascending_neuron,isomorphic
AN_multi_58,1,,2,AN10B018,ascending_neuron,isomorphic
AN_multi_6,1,,2,AN06B040,ascending_neuron,isomorphic
AN_multi_68,1,,2,AN09B023,ascending_neuron,isomorphic
AN_multi_88,1,,2,AN05B097,ascending_neuron,isomorphic
AN_multi_89,1,,2,ANXXX033,ascending_neuron,isomorphic
AN_multi_9,1,,2,AN19B049,ascending_neuron,isomorphic
AN_multi_90,1,,2,AN17A012,ascending_neuron,isomorphic
AN_multi_91,1,,2,AN09B013,ascending_neuron,isomorphic
AN_multi_93,1,,2,AN09B004,ascending_neuron,isomorphic
AN_multi_95,1,,2,AN09B004,ascending_neuron,isomorphic
AOTU009,1,,2,AOTU009,cb_intrinsic,isomorphic
AOTU019,1,,2,AOTU019,cb_intrinsic,isomorphic
AOTU022,1,,2,AOTU022,cb_intrinsic,isomorphic
AOTU026,1,,2,AOTU026,cb_intrinsic,isomorphic
AOTU027,1,,2,AOTU027,cb_intrinsic,isomorphic
AOTU033,1,,2,AOTU033,cb_intrinsic,isomorphic
AOTU036,1,,2,AOTU036,cb_intrinsic,isomorphic
AOTUv3B_P01,1,,2,AOTU006,cb_intrinsic,isomorphic
AOTUv4B_P02,1,,2,AOTU029,cb_intrinsic,isomorphic
ATL001,1,,2,ATL001,cb_intrinsic,isomorphic
ATL002,1,,2,ATL002,cb_intrinsic,isomorphic
ATL008,1,,2,ATL008,cb_intrinsic,isomorphic
ATL011,1,,2,ATL011,cb_intrinsic,isomorphic
ATL021,1,,2,ATL021,cb_intrinsic,isomorphic
ATL022,1,,2,ATL022,cb_intrinsic,isomorphic
ATL026,1,,2,ATL026,cb_intrinsic,isomorphic
ATL032,1,,2,ATL032,cb_intrinsic,isomorphic
ATL034,1,,2,ATL034,cb_intrinsic,isomorphic
ATL043,1,,2,ATL043,cb_intrinsic,isomorphic
AVLP015,1,,2,AVLP015,cb_intrinsic,isomorphic
AVLP017,1,,2,AVLP017,cb_intrinsic,isomorphic
AVLP021,1,,2,AVLP021,cb_intrinsic,isomorphic
AVLP032,1,,2,AVLP032,cb_intrinsic,isomorphic
AVLP041,1,,2,AVLP041,cb_intrinsic,isomorphic
AVLP078,1,,2,AVLP078,cb_intrinsic,isomorphic
AVLP080,1,,2,AVLP080,cb_intrinsic,isomorphic
AVLP084,1,,2,AVLP084,cb_intrinsic,isomorphic
AVLP087,1,,2,AVLP087,cb_intrinsic,isomorphic
AVLP088,1,,2,AVLP088,cb_intrinsic,isomorphic
AVLP091,1,,2,AVLP091,cb_intrinsic,isomorphic
AVLP098,1,,2,AVLP098,cb_intrinsic,isomorphic
AVLP101,1,,2,AVLP101,cb_intrinsic,isomorphic
AVLP129,1,,2,AVLP129,cb_intrinsic,isomorphic
AVLP152,1,,2,AVLP152,cb_intrinsic,isomorphic
AVLP153,1,,2,AVLP153,cb_intrinsic,isomorphic
AVLP157,1,,2,AVLP157,cb_intrinsic,isomorphic
AVLP159,1,,2,AVLP159,cb_intrinsic,isomorphic
AVLP169,1,,2,AVLP169,cb_intrinsic,isomorphic
AVLP180,1,,2,AVLP180,cb_intrinsic,isomorphic
AVLP184,1,,2,AVLP184,cb_intrinsic,isomorphic
AVLP193,1,,2,AVLP193,cb_intrinsic,isomorphic
AVLP209,1,,2,AVLP209,cb_intrinsic,isomorphic
AVLP211,1,,2,AVLP211,cb_intrinsic,isomorphic
AVLP215,1,,2,AVLP215,cb_intrinsic,isomorphic
AVLP216,1,,2,AVLP216,cb_intrinsic,isomorphic
AVLP217,1,,2,AVLP217,cb_intrinsic,isomorphic
AVLP218a,1,,2,AVLP218_a,cb_intrinsic,isomorphic
AVLP252,1,,2,AVLP252,cb_intrinsic,isomorphic
AVLP257,1,,2,AVLP257,cb_intrinsic,isomorphic
AVLP263,1,,2,AVLP263,cb_intrinsic,isomorphic
AVLP266,1,,2,AVLP266,cb_intrinsic,isomorphic
AVLP267,1,,2,AVLP267,cb_intrinsic,isomorphic
AVLP268,1,,2,AVLP268,cb_intrinsic,isomorphic
AVLP280,1,,2,AVLP280,cb_intrinsic,isomorphic
AVLP289,1,,2,AVLP289,cb_intrinsic,isomorphic
AVLP304,1,,2,AVLP304,cb_intrinsic,isomorphic
AVLP315,1,,2,AVLP315,cb_intrinsic,isomorphic
AVLP317,1,,2,AVLP317,cb_intrinsic,isomorphic
AVLP322,1,,2,AVLP322,cb_intrinsic,isomorphic
AVLP340,1,,2,AVLP340,cb_intrinsic,isomorphic
AVLP369,1,,2,AVLP369,cb_intrinsic,isomorphic
AVLP371,1,,2,AVLP371,cb_intrinsic,isomorphic
AVLP397,1,,2,AVLP397,cb_intrinsic,isomorphic
AVLP433_b,1,,2,AVLP433_b,cb_intrinsic,isomorphic
AVLP434_b,1,,2,AVLP434_b,cb_intrinsic,isomorphic
AVLP435a,1,,2,AVLP435_a,cb_intrinsic,isomorphic
AVLP435b,1,,2,AVLP435_b,cb_intrinsic,isomorphic
AVLP443,1,,2,AVLP443,cb_intrinsic,isomorphic
AVLP447,1,,2,AVLP447,cb_intrinsic,isomorphic
AVLP451a,1,,2,AVLP451,cb_intrinsic,isomorphic
AVLP474,1,,2,AVLP474,cb_intrinsic,isomorphic
AVLP491,1,,2,AVLP491,cb_intrinsic,isomorphic
AVLP502,1,,2,AVLP502,cb_intrinsic,isomorphic
AVLP503,1,,2,AVLP503,cb_intrinsic,isomorphic
AVLP506,1,,2,AVLP506,cb_intrinsic,isomorphic
AVLP521,1,,2,AVLP521,cb_intrinsic,isomorphic
AVLP531,1,,2,AVLP531,cb_intrinsic,isomorphic
AVLP534,1,,2,AVLP534,cb_intrinsic,isomorphic
AVLP535,1,,2,AVLP535,cb_intrinsic,isomorphic
AVLP542,1,,2,AVLP542,cb_intrinsic,isomorphic
AVLP544,1,,2,AVLP544,cb_intrinsic,isomorphic
AVLP571,1,,2,AVLP571,cb_intrinsic,isomorphic
AVLP576,1,,2,AVLP576,cb_intrinsic,isomorphic
AVLP578,1,,2,AVLP578,cb_intrinsic,isomorphic
AVLP586,1,,2,AVLP586,cb_intrinsic,isomorphic
AVLP592,1,,2,AVLP592,cb_intrinsic,isomorphic
AVLP596,1,,2,AVLP596,cb_intrinsic,isomorphic
Am1,1,,2,Am1,ol_intrinsic,isomorphic
CAPA,1,efferent neuron,2,CAPA,cb_endocrine,isomorphic
CB.FB5E0,1,,2,FB5I,cb_intrinsic,isomorphic
CB0005,1,,2,GNG594,cb_intrinsic,isomorphic
CB0009,1,,2,GNG011,cb_intrinsic,isomorphic
CB0014,1,,2,GNG593,cb_intrinsic,isomorphic
CB0017,1,,2,GNG067,cb_intrinsic,isomorphic
CB0021,1,,2,PS304,cb_intrinsic,isomorphic
CB0035,1,,2,GNG185,cb_intrinsic,isomorphic
CB0036,1,,2,GNG589,cb_intrinsic,isomorphic
CB0038,1,,2,GNG588,cb_intrinsic,isomorphic
CB0039,2,,1,GNG587,cb_intrinsic,isomorphic
CB0041,1,,2,GNG032,cb_intrinsic,isomorphic
CB0046,1,,2,CB0046,cb_intrinsic,isomorphic
CB0048,1,,2,GNG026,cb_intrinsic,isomorphic
CB0053,1,,2,PLP259,cb_intrinsic,isomorphic
CB0055,1,,2,GNG116,cb_intrinsic,isomorphic
CB0061,1,,2,CB0061,cb_intrinsic,isomorphic
CB0066,1,,2,SMP745,cb_intrinsic,isomorphic
CB0072,1,,2,GNG013,cb_intrinsic,isomorphic
CB0075,1,,2,FLA018,cb_intrinsic,isomorphic
CB0076,1,,2,GNG581,cb_intrinsic,isomorphic
CB0079,1,,2,CB0079,cb_intrinsic,isomorphic
CB0080,1,,2,GNG580,cb_intrinsic,isomorphic
CB0087,1,,2,GNG578,cb_intrinsic,isomorphic
CB0088,1,,2,GNG665,cb_intrinsic,isomorphic
CB0089,1,,2,AVLP615,cb_intrinsic,isomorphic
CB0107,1,,2,SMP327,cb_intrinsic,isomorphic
CB0108,1,,2,GNG574,cb_intrinsic,isomorphic
CB0109,1,,2,GNG102,cb_intrinsic,isomorphic
CB0110,1,,2,GNG157,cb_intrinsic,isomorphic
CB0113,1,,2,GNG324,cb_intrinsic,isomorphic
CB0117,1,,2,GNG573,cb_intrinsic,isomorphic
CB0130,1,,2,GNG664,cb_intrinsic,isomorphic
CB0131,1,,2,AMMC010,cb_intrinsic,isomorphic
CB0132,1,,2,GNG569,cb_intrinsic,isomorphic
CB0143,1,,2,PLP256,cb_intrinsic,isomorphic
CB0157,1,,2,GNG149,cb_intrinsic,isomorphic
CB0161,1,,2,GNG566,cb_intrinsic,isomorphic
CB0163,1,,2,GNG565,cb_intrinsic,isomorphic
CB0170,1,,2,GNG563,cb_intrinsic,isomorphic
CB0187,1,,2,GNG177,cb_intrinsic,isomorphic
CB0188,1,,2,VES090,cb_intrinsic,isomorphic
CB0190,1,,2,GNG148,cb_intrinsic,isomorphic
CB0196,1,,2,PLP257,cb_intrinsic,isomorphic
CB0198,1,,2,GNG555,cb_intrinsic,isomorphic
CB0202,1,,2,GNG553,cb_intrinsic,isomorphic
CB0212,1,,2,GNG550,cb_intrinsic,isomorphic
CB0222,1,,2,AVLP325_b,cb_intrinsic,isomorphic
CB0226,1,,2,GNG548,cb_intrinsic,isomorphic
CB0227,1,,2,CB0227,cb_intrinsic,isomorphic
CB0230,1,,2,PS359,cb_intrinsic,isomorphic
CB0232,1,,2,PRW002,cb_intrinsic,isomorphic
CB0233,1,,2,GNG289,cb_intrinsic,isomorphic
CB0237,2,,1,GNG545,cb_intrinsic,isomorphic
CB0240,1,,2,GNG187,cb_intrinsic,isomorphic
CB0246,1,,2,GNG033,cb_intrinsic,isomorphic
CB0247,1,,2,GNG542,cb_intrinsic,isomorphic
CB0251,1,,2,GNG134,cb_intrinsic,isomorphic
CB0254,1,,2,GNG057,cb_intrinsic,isomorphic
CB0255,1,,2,AVLP609,cb_intrinsic,isomorphic
CB0256,1,,2,GNG541,cb_intrinsic,isomorphic
CB0257,1,,2,CL249,cb_intrinsic,isomorphic
CB0261,1,,2,SAD106,cb_intrinsic,isomorphic
CB0264,1,,2,WED193,cb_intrinsic,isomorphic
CB0267,1,,2,GNG287,cb_intrinsic,isomorphic
CB0276,2,,1,GNG539,cb_intrinsic,isomorphic
CB0282,1,,2,CB0282,cb_intrinsic,isomorphic
CB0284,1,,2,AVLP612,cb_intrinsic,isomorphic
CB0285,1,,2,CB0285,cb_intrinsic,isomorphic
CB0288,1,,2,PRW066,cb_intrinsic,isomorphic
CB0289,1,,2,GNG194,cb_intrinsic,isomorphic
CB0292,1,,2,GNG122,cb_intrinsic,isomorphic
CB0294,1,,2,SIP026,cb_intrinsic,isomorphic
CB0297,1,,2,CB0297,cb_intrinsic,isomorphic
CB0298,1,,2,GNG049,cb_intrinsic,isomorphic
CB0302,1,,2,GNG084,cb_intrinsic,isomorphic
CB0305,1,,2,GNG666,cb_intrinsic,isomorphic
CB0307,1,,2,CB0307,cb_intrinsic,isomorphic
CB0310,1,,2,PRW065,cb_intrinsic,isomorphic
CB0313,1,,2,SMP125,cb_intrinsic,isomorphic
CB0319,1,,2,GNG535,cb_intrinsic,isomorphic
CB0320,1,,2,CB0320,cb_intrinsic,isomorphic
CB0328,1,,2,GNG240,cb_intrinsic,isomorphic
CB0354,1,,2,PRW062,cb_intrinsic,isomorphic
CB0356,1,,2,CB0356,cb_intrinsic,isomorphic
CB0357,1,,2,GNG085,cb_intrinsic,isomorphic
CB0369,1,,2,GNG531,cb_intrinsic,isomorphic
CB0370,1,,2,GNG223,cb_intrinsic,isomorphic
CB0374,1,,2,CB0374,cb_intrinsic,isomorphic
CB0376,1,,2,CL015_b,cb_intrinsic,isomorphic
CB0377,1,,2,GNG250,cb_intrinsic,isomorphic
CB0380,1,,2,CB0380,cb_intrinsic,isomorphic
CB0387,1,,2,PRW061,cb_intrinsic,isomorphic
CB0393,1,,2,GNG089,cb_intrinsic,isomorphic
CB0397,1,,2,CB0397,cb_intrinsic,isomorphic
CB0399,1,,2,GNG637,cb_intrinsic,isomorphic
CB0400,1,,2,GNG209,cb_intrinsic,isomorphic
CB0404,1,,2,AMMC012,cb_intrinsic,isomorphic
CB0418,1,,2,GNG525,cb_intrinsic,isomorphic
CB0420,1,,2,CB0420,cb_intrinsic,isomorphic
CB0423,1,,2,GNG660,cb_intrinsic,isomorphic
CB0441,1,,2,GNG521,cb_intrinsic,isomorphic
CB0445,1,,2,GNG230,cb_intrinsic,isomorphic
CB0446,1,,2,GNG520,cb_intrinsic,isomorphic
CB0453,1,,2,PRW060,cb_intrinsic,isomorphic
CB0460,1,,2,GNG262,cb_intrinsic,isomorphic
CB0461,1,,2,GNG137,cb_intrinsic,isomorphic
CB0462,1,,2,GNG245,cb_intrinsic,isomorphic
CB0463,1,,2,GNG317,cb_intrinsic,isomorphic
CB0465,1,,2,GNG130,cb_intrinsic,isomorphic
CB0466,1,,2,CB0466,cb_intrinsic,isomorphic
CB0467,1,,2,GNG518,cb_intrinsic,isomorphic
CB0468,1,,2,GNG034,cb_intrinsic,isomorphic
CB0475,1,,2,AVLP321,cb_intrinsic,isomorphic
CB0480,1,,2,GNG115,cb_intrinsic,isomorphic
CB0481,1,,2,GNG162,cb_intrinsic,isomorphic
CB0484,1,,2,GNG041,cb_intrinsic,isomorphic
CB0487,1,,2,GNG092,cb_intrinsic,isomorphic
CB0489,1,,2,GNG268,cb_intrinsic,isomorphic
CB0491,1,sensory neuron,2,GNG035,cb_intrinsic,isomorphic
CB0493,1,,2,GNG120,cb_intrinsic,isomorphic
CB0494,1,,2,GNG190,cb_intrinsic,isomorphic
CB0498,1,,2,GNG055,cb_intrinsic,isomorphic
CB0502,1,,2,GNG252,cb_intrinsic,isomorphic
CB0509,1,,2,PS334,cb_intrinsic,isomorphic
CB0514,1,,2,PRW059,cb_intrinsic,isomorphic
CB0516,1,,2,GNG511,cb_intrinsic,isomorphic
CB0518,1,,2,GNG172,cb_intrinsic,isomorphic
CB0521,1,,2,GNG510,cb_intrinsic,isomorphic
CB0522,1,,2,GNG509,cb_intrinsic,isomorphic
CB0524,1,,2,VES085_b,cb_intrinsic,isomorphic
CB0525,1,,2,GNG191,cb_intrinsic,isomorphic
CB0527,1,CNS neuron,2,PS306,cb_intrinsic,isomorphic
CB0539,1,,2,GNG504,cb_intrinsic,isomorphic
CB0540,1,,2,CB0540,cb_intrinsic,isomorphic
CB0545,1,,2,GNG294,cb_intrinsic,isomorphic
CB0546,1,,2,GNG322,cb_intrinsic,isomorphic
CB0547,1,,2,WED209,cb_intrinsic,isomorphic
CB0549,1,,2,GNG503,cb_intrinsic,isomorphic
CB0557,1,,2,GNG118,cb_intrinsic,isomorphic
CB0558,1,,2,GNG212,cb_intrinsic,isomorphic
CB0560,1,,2,GNG211,cb_intrinsic,isomorphic
CB0572,1,,2,GNG153,cb_intrinsic,isomorphic
CB0597,1,,2,GNG498,cb_intrinsic,isomorphic
CB0598,1,,2,CB0598,cb_intrinsic,isomorphic
CB0605,1,,2,GNG150,cb_intrinsic,isomorphic
CB0606,1,,2,GNG146,cb_intrinsic,isomorphic
CB0609,1,,2,CB0609,cb_intrinsic,isomorphic
CB0625,1,,2,CB0625,cb_intrinsic,isomorphic
CB0626,1,,2,GNG103,cb_intrinsic,isomorphic
CB0628,1,CNS neuron,2,GNG305,cb_intrinsic,isomorphic
CB0632,1,,2,VES099,cb_intrinsic,isomorphic
CB0635,1,,2,IB121,cb_intrinsic,isomorphic
CB0640,1,,2,CB0640,cb_intrinsic,isomorphic
CB0641,1,,2,ATL041,cb_intrinsic,isomorphic
CB0646,1,,2,VES091,cb_intrinsic,isomorphic
CB0649,1,,2,GNG670,cb_intrinsic,isomorphic
CB0652,1,,2,CB0652,cb_intrinsic,isomorphic
CB0660,1,,2,IB120,cb_intrinsic,isomorphic
CB0666,1,,2,SIP091,cb_intrinsic,isomorphic
CB0667,1,,2,VES094,cb_intrinsic,isomorphic
CB0669,1,,2,PS317,cb_intrinsic,isomorphic
CB0675,1,,2,CB0675,cb_intrinsic,isomorphic
CB0676,1,,2,PS309,cb_intrinsic,isomorphic
CB0685,1,,2,WED194,cb_intrinsic,isomorphic
CB0689,1,,2,LAL207,cb_intrinsic,isomorphic
CB0707,1,,2,GNG065,cb_intrinsic,isomorphic
CB0709,1,,2,GNG142,cb_intrinsic,isomorphic
CB0721,1,,2,GNG025,cb_intrinsic,isomorphic
CB0740,1,,2,GNG131,cb_intrinsic,isomorphic
CB0753,1,,2,GNG125,cb_intrinsic,isomorphic
CB0754,1,,2,GNG024,cb_intrinsic,isomorphic
CB0761,1,,2,PRW052,cb_intrinsic,isomorphic
CB0772,1,,2,PRW051,cb_intrinsic,isomorphic
CB0773,1,,2,GNG080,cb_intrinsic,isomorphic
CB0786,1,,2,GNG047,cb_intrinsic,isomorphic
CB0791,1,,2,GNG236,cb_intrinsic,isomorphic
CB0795,1,,2,GNG123,cb_intrinsic,isomorphic
CB0801,1,,2,GNG099,cb_intrinsic,isomorphic
CB0804,1,efferent neuron,2,PS349,cb_motor,isomorphic
CB0807,1,,2,GNG186,cb_intrinsic,isomorphic
CB0810,1,efferent neuron,2,GNG651,cb_motor,isomorphic
CB0815,1,,2,PS358,cb_intrinsic,isomorphic
CB0819,1,,2,GNG140,cb_intrinsic,isomorphic
CB0821,1,,2,GNG129,cb_intrinsic,isomorphic
CB0823,1,,2,GNG037,cb_intrinsic,isomorphic
CB0827,1,,2,GNG206,cb_intrinsic,isomorphic
CB0835,1,,2,GNG650,cb_motor,isomorphic
CB0853,1,,2,GNG145,cb_intrinsic,isomorphic
CB0856,1,,2,GNG048,cb_intrinsic,isomorphic
CB0864,1,,2,GNG136,cb_intrinsic,isomorphic
CB0866,1,,2,GNG179,cb_intrinsic,isomorphic
CB0867,1,,2,GNG062,cb_intrinsic,isomorphic
CB0872,1,,2,GNG128,cb_intrinsic,isomorphic
CB0881,1,,2,GNG072,cb_intrinsic,isomorphic
CB0889,1,,2,GNG096,cb_intrinsic,isomorphic
CB0890,1,,2,GNG458,cb_intrinsic,isomorphic
CB0891,1,,2,GNG017,cb_intrinsic,isomorphic
CB0893,1,,2,GNG234,cb_intrinsic,isomorphic
CB0894,1,,2,FLA016,cb_intrinsic,isomorphic
CB0896,1,,2,GNG036,cb_intrinsic,isomorphic
CB0897,1,,2,GNG457,cb_intrinsic,isomorphic
CB0898,1,,2,GNG168,cb_intrinsic,isomorphic
CB0901,1,efferent neuron,2,PS348,cb_motor,isomorphic
CB0910,1,,2,GNG019,cb_intrinsic,isomorphic
CB0912,1,,2,GNG281,cb_intrinsic,isomorphic
CB0923,1,,2,GNG021,cb_intrinsic,isomorphic
CB0933,1,,2,SMP118,cb_intrinsic,isomorphic
CB0945,1,,2,SLP122_b,cb_intrinsic,isomorphic
CB0992,1,,2,CB0992,cb_intrinsic,isomorphic
CB1039,1,,2,GNG269,cb_intrinsic,isomorphic
CB1105,1,,2,SLP341_a,cb_intrinsic,isomorphic
CB1122,1,,2,VES095,cb_intrinsic,isomorphic
CB1139,1,,2,CB1139,cb_intrinsic,isomorphic
CB1151,1,,2,CB1151,cb_intrinsic,isomorphic
CB1174,1,,2,CB1174,cb_intrinsic,isomorphic
CB1237,2,,1,CB1237,cb_intrinsic,isomorphic
CB1247,1,,2,CB1247,cb_intrinsic,isomorphic
CB1267,1,,2,PRW040,cb_intrinsic,isomorphic
CB1303,1,sensory neuron,2,GNG039,cb_intrinsic,isomorphic
CB1344,1,,2,PRW038,cb_intrinsic,isomorphic
CB1346,1,,2,CB1346,cb_intrinsic,isomorphic
CB1396,1,,2,CB1396,cb_intrinsic,isomorphic
CB1407,1,,2,CB1407,cb_intrinsic,isomorphic
CB1408,1,,2,CL191_b,cb_intrinsic,isomorphic
CB1509,1,,2,CB1509,cb_intrinsic,isomorphic
CB1513,1,,2,CB1513,cb_intrinsic,isomorphic
CB1531,1,,2,LHAV2k12_a,cb_intrinsic,isomorphic
CB1533,1,,2,CB1533,cb_intrinsic,isomorphic
CB1550,1,,2,CB1550,cb_intrinsic,isomorphic
CB1560,1,,2,CB1560,cb_intrinsic,isomorphic
CB1566,1,,2,CRE083,cb_intrinsic,isomorphic
CB1596,2,,1,CL274,cb_intrinsic,isomorphic
CB1616,1,,2,AVLP197,cb_intrinsic,isomorphic
CB1625,1,,2,CB1625,cb_intrinsic,isomorphic
CB1632,1,,2,CB1632,cb_intrinsic,isomorphic
CB1647,1,,2,AVLP004_a,cb_intrinsic,isomorphic
CB1650,2,,1,CB1650,cb_intrinsic,isomorphic
CB1672,1,,2,CB1672,cb_intrinsic,isomorphic
CB1688,1,,2,CB1688,cb_intrinsic,isomorphic
CB1691,1,,2,CB1691,cb_intrinsic,isomorphic
CB1702,1,,2,CB1702,cb_intrinsic,isomorphic
CB1714,1,,2,CB1714,cb_intrinsic,isomorphic
CB1726,1,,2,CB1726,cb_intrinsic,isomorphic
CB1727,1,,2,SMP196_a,cb_intrinsic,isomorphic
CB1784,1,,2,SMP359,cb_intrinsic,isomorphic
CB1817a,1,,2,SAD108,cb_intrinsic,isomorphic
CB1817b,1,,2,SAD097,cb_intrinsic,isomorphic
CB1866,1,,2,CB1866,cb_intrinsic,isomorphic
CB1870,1,,2,LHAD1b2_d,cb_intrinsic,isomorphic
CB1874,1,,2,CB1874,cb_intrinsic,isomorphic
CB1877,1,,2,aIPg4,cb_intrinsic,isomorphic
CB1879,1,,2,CB1879,cb_intrinsic,isomorphic
CB1902,1,,2,CB1902,cb_intrinsic,isomorphic
CB1926,2,,1,CB1926,cb_intrinsic,isomorphic
CB1933,1,,2,LHAV2b8,cb_intrinsic,isomorphic
CB1950,1,,2,CB1950,cb_intrinsic,isomorphic
CB1960,1,,2,CB1960,cb_intrinsic,isomorphic
CB1984,1,,2,CB1984,cb_intrinsic,isomorphic
CB2019,1,,2,LHAD3a1,cb_intrinsic,isomorphic
CB2029,1,,2,CB2029,cb_intrinsic,isomorphic
CB2032,1,,2,CB2032,cb_intrinsic,isomorphic
CB2043,1,,2,CB2043,cb_intrinsic,isomorphic
CB2046,1,,2,LHAD3a1,cb_intrinsic,isomorphic
CB2086,2,,1,CB2086,cb_intrinsic,isomorphic
CB2093,1,,2,CB2093,cb_intrinsic,isomorphic
CB2114,1,,2,AVLP005,cb_intrinsic,isomorphic
CB2127,1,,2,CB2127,cb_intrinsic,isomorphic
CB2134,1,,2,GNG064,cb_intrinsic,isomorphic
CB2192,1,,2,WED010,cb_intrinsic,isomorphic
CB2260,1,,2,AVLP483,cb_intrinsic,isomorphic
CB2280,1,,2,CB2280,cb_intrinsic,isomorphic
CB2288,1,,2,SMP316_b,cb_intrinsic,isomorphic
CB2304,1,,2,GNG399,cb_intrinsic,isomorphic
CB2333,1,,2,VES109,cb_intrinsic,isomorphic
CB2385,1,,2,GNG044,cb_intrinsic,isomorphic
CB2390,1,,2,CB2390,cb_intrinsic,isomorphic
CB2408,1,,2,CB2408,cb_intrinsic,isomorphic
CB2411,1,,2,CB2411,cb_intrinsic,isomorphic
CB2420,1,,2,CB2420,cb_intrinsic,isomorphic
CB2455,1,,2,GNG396,cb_intrinsic,isomorphic
CB2493,1,,2,LHPV2a3,cb_intrinsic,isomorphic
CB2513,1,,2,GNG394,cb_intrinsic,isomorphic
CB2521,1,,2,CB2521,cb_intrinsic,isomorphic
CB2535,1,,2,CB2535,cb_intrinsic,isomorphic
CB2561,1,,2,CB2561,cb_intrinsic,isomorphic
CB2563,1,,2,CB2563,cb_intrinsic,isomorphic
CB2594,1,,2,VES032,cb_intrinsic,isomorphic
CB2595,1,,2,CB2595,cb_intrinsic,isomorphic
CB2619,1,,2,GNG231,cb_intrinsic,isomorphic
CB2623,1,,2,CB2623,cb_intrinsic,isomorphic
CB2632,1,,2,CRE092,cb_intrinsic,isomorphic
CB2648,1,,2,CB2648,cb_intrinsic,isomorphic
CB2676,1,,2,CB2676,cb_intrinsic,isomorphic
CB2682,1,,2,CB2682,cb_intrinsic,isomorphic
CB2689,1,,2,CB2689,cb_intrinsic,isomorphic
CB2706,1,,2,CB2706,cb_intrinsic,isomorphic
CB2766,1,,2,CB2766,cb_intrinsic,isomorphic
CB2772,1,,2,CB2772,cb_intrinsic,isomorphic
CB2790,1,,2,CB2790,cb_intrinsic,isomorphic
CB2800,1,,2,CB2800,cb_intrinsic,isomorphic
CB2808,1,,2,CL191_b,cb_intrinsic,isomorphic
CB2824,1,,2,CB2824,cb_intrinsic,isomorphic
CB2844,1,,2,SMP361,cb_intrinsic,isomorphic
CB2847,1,,2,AVLP422,cb_intrinsic,isomorphic
CB2855,1,,2,CB2855,cb_intrinsic,isomorphic
CB2862,1,,2,CB2862,cb_intrinsic,isomorphic
CB2940,1,,2,CB2940,cb_intrinsic,isomorphic
CB2948,1,,2,CB2948,cb_intrinsic,isomorphic
CB2953,1,,2,CB2953,cb_intrinsic,isomorphic
CB2958,1,,2,CB2958,cb_intrinsic,isomorphic
CB2982,1,,2,CB2982,cb_intrinsic,isomorphic
CB3040,1,,2,LHAV1a4,cb_intrinsic,isomorphic
CB3093,1,,2,CB3093,cb_intrinsic,isomorphic
CB3112,1,,2,SMP354,cb_intrinsic,isomorphic
CB3120,1,,2,CB3120,cb_intrinsic,isomorphic
CB3138,1,,2,LHPV5d3,cb_intrinsic,isomorphic
CB3142,1,,2,CB3142,cb_intrinsic,isomorphic
CB3152,1,,2,SMP275,cb_intrinsic,isomorphic
CB3175,1,,2,CB3175,cb_intrinsic,isomorphic
CB3186,1,,2,AVLP422,cb_intrinsic,isomorphic
CB3221,1,,2,CB3221,cb_intrinsic,isomorphic
CB3250,1,,2,CB3250,cb_intrinsic,isomorphic
CB3257,1,,2,SMP009,cb_intrinsic,isomorphic
CB3276,1,,2,CB3276,cb_intrinsic,isomorphic
CB3299,1,,2,LHAD3f1_a,cb_intrinsic,isomorphic
CB3316,1,,2,CB3316,cb_intrinsic,isomorphic
CB3323,1,,2,CB3323,cb_intrinsic,isomorphic
CB3326,1,,2,CB3326,cb_intrinsic,isomorphic
CB3335,1,,2,PVLP047,cb_intrinsic,isomorphic
CB3341,1,,2,LHPV4i4,cb_intrinsic,isomorphic
CB3344,1,,2,CL134,cb_intrinsic,isomorphic
CB3347,1,,2,CB3347,cb_intrinsic,isomorphic
CB3348,1,,2,AVLP095,cb_intrinsic,isomorphic
CB3351,1,sensory neuron,2,GNG238,cb_intrinsic,isomorphic
CB3365,1,,2,CRE086,cb_intrinsic,isomorphic
CB3368,1,,2,AVLP311_b2,cb_intrinsic,isomorphic
CB3394,1,,2,CB3394,cb_intrinsic,isomorphic
CB3395,1,,2,GNG277,cb_intrinsic,isomorphic
CB3402,1,,2,CB3402,cb_intrinsic,isomorphic
CB3432,1,,2,SMP415_a,cb_intrinsic,isomorphic
CB3436,1,,2,AVLP404,cb_intrinsic,isomorphic
CB3456,1,,2,AVLP320_b,cb_intrinsic,isomorphic
CB3463,1,,2,GNG261,cb_intrinsic,isomorphic
CB3488,1,,2,CB3488,cb_intrinsic,isomorphic
CB3507,1,,2,CB3507,cb_intrinsic,isomorphic
CB3512,1,,2,CB3512,cb_intrinsic,isomorphic
CB3517,1,,2,CL345,cb_intrinsic,isomorphic
CB3523,1,,2,CB3523,cb_intrinsic,isomorphic
CB3553,1,,2,CB3553,cb_intrinsic,isomorphic
CB3561,1,,2,CB3561,cb_intrinsic,isomorphic
CB3571,1,,2,CL134,cb_intrinsic,isomorphic
CB3576,1,,2,CB3576,cb_intrinsic,isomorphic
CB3580,1,,2,SMP279_a,cb_intrinsic,isomorphic
CB3582,1,,2,PVLP034,cb_intrinsic,isomorphic
CB3588,1,,2,CB3588,cb_intrinsic,isomorphic
CB3594,1,,2,CB3594,cb_intrinsic,isomorphic
CB3601,1,,2,SMP732,cb_intrinsic,isomorphic
CB3606,1,,2,CB3606,cb_intrinsic,isomorphic
CB3608,1,,2,CB3608,cb_intrinsic,isomorphic
CB3652,1,,2,PVLP034,cb_intrinsic,isomorphic
CB3654,1,,2,VLP_TBD1,cb_intrinsic,isomorphic
CB3670,1,,2,GNG352,cb_intrinsic,isomorphic
CB3671,1,,2,CB3671,cb_intrinsic,isomorphic
CB3675,1,,2,AVLP296_b,cb_intrinsic,isomorphic
CB3676,1,,2,CB3676,cb_intrinsic,isomorphic
CB3678,1,,2,SLP271,cb_intrinsic,isomorphic
CB3679,2,,1,CB3679,cb_intrinsic,isomorphic
CB3680,1,,2,GNG074,cb_intrinsic,isomorphic
CB3683,1,,2,CB3683,cb_intrinsic,isomorphic
CB3698,1,,2,SLP315,cb_intrinsic,isomorphic
CB3700,1,,2,AVLP431,cb_intrinsic,isomorphic
CB3706,1,,2,SMP126,cb_intrinsic,isomorphic
CB3709,1,,2,SLP460,cb_intrinsic,isomorphic
CB3715,1,,2,GNG144,cb_intrinsic,isomorphic
CB3724,1,,2,CB3724,cb_intrinsic,isomorphic
CB3738,1,,2,CB3738,cb_intrinsic,isomorphic
CB3758,1,,2,CB3758,cb_intrinsic,isomorphic
CB3767,1,,2,SMP220,cb_intrinsic,isomorphic
CB3781,1,,2,LHPV6i2_a,cb_intrinsic,isomorphic
CB3799,1,,2,AMMC001,cb_intrinsic,isomorphic
CB3811,1,,2,SLP251,cb_intrinsic,isomorphic
CB3812,1,,2,GNG280,cb_intrinsic,isomorphic
CB3879,1,,2,CB3879,cb_intrinsic,isomorphic
CL003,1,,2,CL003,cb_intrinsic,isomorphic
CL010,1,,2,CL010,cb_intrinsic,isomorphic
CL021,1,,2,CL021,cb_intrinsic,isomorphic
CL029a,1,,2,CL029_a,cb_intrinsic,isomorphic
CL066,1,,2,CL066,cb_intrinsic,isomorphic
CL067,1,,2,CL067,cb_intrinsic,isomorphic
CL068,1,,2,CL068,cb_intrinsic,isomorphic
CL072,1,,2,CL072,cb_intrinsic,isomorphic
CL073,1,,2,CL073,cb_intrinsic,isomorphic
CL075a,1,,2,CL075_a,cb_intrinsic,isomorphic
CL075b,1,,2,CL075_b,cb_intrinsic,isomorphic
CL097,1,,2,CL097,cb_intrinsic,isomorphic
CL099c,1,,2,CL099,cb_intrinsic,isomorphic
CL102,1,,2,CL102,cb_intrinsic,isomorphic
CL107,1,,2,CL107,cb_intrinsic,isomorphic
CL112,1,,2,CL112,cb_intrinsic,isomorphic
CL120a,1,,2,CL120,cb_intrinsic,isomorphic
CL130,1,,2,CL130,cb_intrinsic,isomorphic
CL136,1,,2,CL136,cb_intrinsic,isomorphic
CL141,1,,2,CL141,cb_intrinsic,isomorphic
CL143,1,,2,CL143,cb_intrinsic,isomorphic
CL146,1,,2,CL146,cb_intrinsic,isomorphic
CL153,1,,2,CL153,cb_intrinsic,isomorphic
CL154,1,,2,CL154,cb_intrinsic,isomorphic
CL162,1,,2,CL162,cb_intrinsic,isomorphic
CL176,1,,2,CL176,cb_intrinsic,isomorphic
CL177,1,,2,CL177,cb_intrinsic,isomorphic
CL178,1,,2,CL178,cb_intrinsic,isomorphic
CL180,1,,2,CL180,cb_intrinsic,isomorphic
CL199,1,,2,CL199,cb_intrinsic,isomorphic
CL200,1,,2,CL200,cb_intrinsic,isomorphic
CL203,1,,2,CL203,cb_intrinsic,isomorphic
CL204,1,,2,CL204,cb_intrinsic,isomorphic
CL211,1,,2,CL211,cb_intrinsic,isomorphic
CL236,1,,2,CL236,cb_intrinsic,isomorphic
CL244,1,,2,CL244,cb_intrinsic,isomorphic
CL245,1,,2,CL245,cb_intrinsic,isomorphic
CL251,1,,2,CL251,cb_intrinsic,isomorphic
CL260,1,,2,CL260,cb_intrinsic,isomorphic
CL292b,1,,2,CL292,cb_intrinsic,isomorphic
CL293,1,,2,CL293,cb_intrinsic,isomorphic
CL294,1,CNS neuron,2,CL294,cb_intrinsic,isomorphic
CL309,1,,2,CL309,cb_intrinsic,isomorphic
CL319,1,,2,CL319,cb_intrinsic,isomorphic
CL323a,1,,2,CL323,cb_intrinsic,isomorphic
CL327,1,,2,CL327,cb_intrinsic,isomorphic
CL333,1,,2,CL333,cb_intrinsic,isomorphic
CL339,1,,2,CL339,cb_intrinsic,isomorphic
CL360,1,,2,CL360,cb_intrinsic,isomorphic
CL361,1,,2,CL361,cb_intrinsic,isomorphic
CL364,1,,2,CL364,cb_intrinsic,isomorphic
CRE006,1,,2,CRE006,cb_intrinsic,isomorphic
CRE021,1,,2,CRE021,cb_intrinsic,isomorphic
CRE076,1,,2,CRE076,cb_intrinsic,isomorphic
CRE077,1,,2,CRE077,cb_intrinsic,isomorphic
CRE088,1,,2,CRE088,cb_intrinsic,isomorphic
CRE095a,1,,2,CRE095,cb_intrinsic,isomorphic
CRE096,1,,2,CRE096,cb_intrinsic,isomorphic
CRE100,1,CNS neuron,2,CRE100,cb_intrinsic,isomorphic
DA4l_adPN,1,,2,DA4l_adPN,cb_intrinsic,isomorphic
DC1_adPN,1,,2,DC1_adPN,cb_intrinsic,isomorphic
DN1-l,1,,2,aMe23,cb_intrinsic,isomorphic
DNa11,1,,2,DNa11,descending_neuron,isomorphic
DNb04,1,CNS neuron,2,DNb04,descending_neuron,isomorphic
DNbe003,1,CNS neuron,2,DNbe003,descending_neuron,isomorphic
DNc01,1,CNS neuron,2,DNc01,descending_neuron,isomorphic
DNc02,1,sensory neuron,2,DNc02,descending_neuron,isomorphic
DNd02,1,CNS neuron,2,DNd02,descending_neuron,isomorphic
DNd04,1,CNS neuron,2,DNd04,descending_neuron,isomorphic
DNd05,1,CNS neuron,2,DNd05,descending_neuron,isomorphic
DNde001,1,CNS neuron,2,DNde001,descending_neuron,isomorphic
DNg101,1,CNS neuron,2,DNg101,descending_neuron,isomorphic
DNg107,1,CNS neuron,2,DNg107,descending_neuron,isomorphic
DNg108,1,CNS neuron,2,DNg108,descending_neuron,isomorphic
DNg19,1,CNS neuron,2,DNg19,descending_neuron,isomorphic
DNg20,1,CNS neuron,2,DNg20,descending_neuron,isomorphic
DNg21,1,CNS neuron,2,DNg21,descending_neuron,isomorphic
DNg24,1,CNS neuron,2,DNg24,descending_neuron,isomorphic
DNg27,1,CNS neuron,2,DNg27,descending_neuron,isomorphic
DNg31,1,CNS neuron,2,DNg31,descending_neuron,isomorphic
DNg33,1,CNS neuron,2,DNg33,descending_neuron,isomorphic
DNg37,1,CNS neuron,2,DNg37,descending_neuron,isomorphic
DNg43,1,,2,DNg43,descending_neuron,isomorphic
DNg44,1,CNS neuron,2,DNg44,descending_neuron,isomorphic
DNg45,1,CNS neuron,2,DNg45,descending_neuron,isomorphic
DNg47,1,CNS neuron,2,DNg47,descending_neuron,isomorphic
DNg48,1,CNS neuron,2,DNg48,descending_neuron,isomorphic
DNg53,1,,2,DNg53,descending_neuron,isomorphic
DNg54,1,CNS neuron,2,DNg54,descending_neuron,isomorphic
DNg59,1,,2,DNg59,descending_neuron,isomorphic
DNg60,1,CNS neuron,2,DNg60,descending_neuron,isomorphic
DNg65,1,CNS neuron,2,DNg65,descending_neuron,isomorphic
DNg69,1,CNS neuron,2,DNg69,descending_neuron,isomorphic
DNg74_b,1,CNS neuron,2,DNg74_b,descending_neuron,isomorphic
DNg75,1,CNS neuron,2,DNg75,descending_neuron,isomorphic
DNg77,1,,2,DNg77,descending_neuron,isomorphic
DNg78,1,CNS neuron,2,DNg78,descending_neuron,isomorphic
DNg83,1,,2,DNg83,descending_neuron,isomorphic
DNg89,1,CNS neuron,2,DNg89,descending_neuron,isomorphic
DNg93,1,CNS neuron,2,DNg93,descending_neuron,isomorphic
DNg96,1,CNS neuron,2,DNg96,descending_neuron,isomorphic
DNge007,1,CNS neuron,2,DNge007,descending_neuron,isomorphic
DNge018,1,CNS neuron,2,DNge018,descending_neuron,isomorphic
DNge027,1,CNS neuron,2,DNge027,descending_neuron,isomorphic
DNge034,1,,2,DNge034,descending_neuron,isomorphic
DNge035,1,CNS neuron,2,DNge035,descending_neuron,isomorphic
DNge037,1,CNS neuron,2,DNge037,descending_neuron,isomorphic
DNge038,1,CNS neuron,2,DNge038,descending_neuron,isomorphic
DNge041,1,CNS neuron,2,DNge041,descending_neuron,isomorphic
DNge047,1,CNS neuron,2,DNge047,descending_neuron,isomorphic
DNge048,1,CNS neuron,2,DNge048,descending_neuron,isomorphic
DNge049,1,CNS neuron,2,DNge049,descending_neuron,isomorphic
DNge058,1,CNS neuron,2,DNge058,descending_neuron,isomorphic
DNge063,1,CNS neuron,2,DNge063,descending_neuron,isomorphic
DNge068,1,,2,DNge068,descending_neuron,isomorphic
DNge074,1,CNS neuron,2,DNge074,descending_neuron,isomorphic
DNge088,1,CNS neuron,2,DNge088,descending_neuron,isomorphic
DNge101,1,CNS neuron,2,DNge101,descending_neuron,isomorphic
DNge104,1,CNS neuron,2,DNge104,descending_neuron,isomorphic
DNge105,1,CNS neuron,2,DNge105,descending_neuron,isomorphic
DNge122,1,CNS neuron,2,DNge122,descending_neuron,isomorphic
DNge124,1,CNS neuron,2,DNge124,descending_neuron,isomorphic
DNge128,1,CNS neuron,2,DNge128,descending_neuron,isomorphic
DNge129,1,CNS neuron,2,DNge129,descending_neuron,isomorphic
DNge135,1,CNS neuron,2,DNge135,descending_neuron,isomorphic
DNge139,1,CNS neuron,2,DNge139,descending_neuron,isomorphic
DNge141,1,CNS neuron,2,DNge141,descending_neuron,isomorphic
DNge148,1,CNS neuron,2,DNge148,descending_neuron,isomorphic
DNp101,1,CNS neuron,2,DNp101,descending_neuron,isomorphic
DNp27,1,CNS neuron,2,DNp27,descending_neuron,isomorphic
DNp29,1,CNS neuron,2,DNp29,descending_neuron,isomorphic
DNp39,1,CNS neuron,2,DNp39,descending_neuron,isomorphic
DNp42,1,CNS neuron,2,DNp42,descending_neuron,isomorphic
DNp46,1,CNS neuron,2,DNp46,descending_neuron,isomorphic
DNp49,1,CNS neuron,2,DNp49,descending_neuron,isomorphic
DNp55,1,CNS neuron,2,DNp55,descending_neuron,isomorphic
DNp63,1,CNS neuron,2,DNp63,descending_neuron,isomorphic
DNp66,1,CNS neuron,2,DNp66,descending_neuron,isomorphic
DNp72,1,CNS neuron,2,DNp72,descending_neuron,isomorphic
DNpe005,1,CNS neuron,2,DNpe005,descending_neuron,isomorphic
DNpe013,1,,2,DNpe013,descending_neuron,isomorphic
DNpe022,1,CNS neuron,2,DNpe022,descending_neuron,isomorphic
DNpe025,1,CNS neuron,2,DNpe025,descending_neuron,isomorphic
DNpe027,1,CNS neuron,2,DNpe027,descending_neuron,isomorphic
DNpe028,1,CNS neuron,2,DNpe028,descending_neuron,isomorphic
DNpe030,1,CNS neuron,2,DNpe030,descending_neuron,isomorphic
DNpe033,1,CNS neuron,2,DNpe033,descending_neuron,isomorphic
DNpe036,1,CNS neuron,2,DNpe036,descending_neuron,isomorphic
DNpe039,1,CNS neuron,2,DNpe039,descending_neuron,isomorphic
DNpe049,1,CNS neuron,2,DNpe049,descending_neuron,isomorphic
DNpe053,1,CNS neuron,2,DNpe053,descending_neuron,isomorphic
DNpe055,1,CNS neuron,2,DNpe055,descending_neuron,isomorphic
DP1l_adPN,1,,2,DP1l_adPN,cb_intrinsic,isomorphic
DP1m_adPN,1,,2,DP1m_adPN,cb_intrinsic,isomorphic
DPM,1,,2,DPM,cb_intrinsic,isomorphic
ExR4,1,,2,ExR4,cb_intrinsic,isomorphic
FB4G,1,,2,FB4G,cb_intrinsic,isomorphic
FB5AA,1,,2,FB5AA,cb_intrinsic,isomorphic
FB5F,1,,2,FB5F,cb_intrinsic,isomorphic
FB5J,1,,2,FB5J,cb_intrinsic,isomorphic
FB6B,1,,2,FB6B,cb_intrinsic,isomorphic
FB6E,1,,2,FB6E,cb_intrinsic,isomorphic
FB6G,1,,2,FB6G,cb_intrinsic,isomorphic
FB6P,1,,2,FB6P,cb_intrinsic,isomorphic
FB6Y,1,,2,FB6Y,cb_intrinsic,isomorphic
FB7M,1,,2,FB7M,cb_intrinsic,isomorphic
IB005,1,,2,IB005,cb_intrinsic,isomorphic
IB016,1,,2,IB016,cb_intrinsic,isomorphic
IB044,1,,2,IB044,cb_intrinsic,isomorphic
IB047,1,,2,IB047,cb_intrinsic,isomorphic
IB059a,1,,2,IB059_b,cb_intrinsic,isomorphic
IB061,1,,2,IB061,cb_intrinsic,isomorphic
IB064,1,,2,IB064,cb_intrinsic,isomorphic
IB069,1,,2,IB069,cb_intrinsic,isomorphic
IB092,1,,2,IB092,cb_intrinsic,isomorphic
IB093,1,,2,IB093,cb_intrinsic,isomorphic
IB094,1,,2,IB094,cb_intrinsic,isomorphic
IB095,1,,2,IB095,cb_intrinsic,isomorphic
IB114,1,,2,IB114,cb_intrinsic,isomorphic
IB118,1,,2,IB118,cb_intrinsic,isomorphic
KCg-s2,1,,2,KCg-s2,cb_intrinsic,isomorphic
LAL002,1,,2,LAL002,cb_intrinsic,isomorphic
LAL007,1,,2,LAL007,cb_intrinsic,isomorphic
LAL009,1,,2,LAL009,cb_intrinsic,isomorphic
LAL010,1,,2,LAL010,cb_intrinsic,isomorphic
LAL011,1,,2,LAL011,cb_intrinsic,isomorphic
LAL014,1,,2,LAL014,cb_intrinsic,isomorphic
LAL017,1,,2,LAL017,cb_intrinsic,isomorphic
LAL024,1,,2,LAL024,cb_intrinsic,isomorphic
LAL030c,1,,2,LAL030_a,cb_intrinsic,isomorphic
LAL040,1,,2,LAL040,cb_intrinsic,isomorphic
LAL043b,1,,2,LAL043_e,cb_intrinsic,isomorphic
LAL045,1,,2,LAL045,cb_intrinsic,isomorphic
LAL046,1,,2,LAL046,cb_intrinsic,isomorphic
LAL049,1,,2,LAL049,cb_intrinsic,isomorphic
LAL051,1,,2,LAL051,cb_intrinsic,isomorphic
LAL054,1,,2,LAL054,cb_intrinsic,isomorphic
LAL055,1,,2,LAL055,cb_intrinsic,isomorphic
LAL073,1,,2,LAL073,cb_intrinsic,isomorphic
LAL075,1,,2,LAL075,cb_intrinsic,isomorphic
LAL081,1,,2,LAL081,cb_intrinsic,isomorphic
LAL082,1,,2,LAL082,cb_intrinsic,isomorphic
LAL099,1,,2,LAL099,cb_intrinsic,isomorphic
LAL102,1,,2,LAL102,cb_intrinsic,isomorphic
LAL115,1,,2,LAL115,cb_intrinsic,isomorphic
LAL119,1,,2,LAL119,cb_intrinsic,isomorphic
LAL124,1,,2,LAL124,cb_intrinsic,isomorphic
LAL129,1,,2,LAL129,cb_intrinsic,isomorphic
LAL132b,1,,2,LAL132_b,cb_intrinsic,isomorphic
LAL137,1,,2,LAL137,cb_intrinsic,isomorphic
LAL138,1,,2,LAL138,cb_intrinsic,isomorphic
LAL140,1,,2,LAL140,cb_intrinsic,isomorphic
LAL146,1,,2,LAL146,cb_intrinsic,isomorphic
LAL153,1,,2,LAL153,cb_intrinsic,isomorphic
LAL157,1,,2,LAL157,cb_intrinsic,isomorphic
LAL162,1,,2,LAL162,cb_intrinsic,isomorphic
LAL168b,1,,2,LAL168,cb_intrinsic,isomorphic
LAL169,1,,2,LAL169,cb_intrinsic,isomorphic
LAL170,1,,2,LAL170,cb_intrinsic,isomorphic
LAL183,1,,2,LAL183,cb_intrinsic,isomorphic
LAL190,1,,2,LAL190,cb_intrinsic,isomorphic
LAL193,1,,2,LAL193,cb_intrinsic,isomorphic
LAL195,1,,2,LAL195,cb_intrinsic,isomorphic
LAL197,1,,2,LAL197,cb_intrinsic,isomorphic
LAL198,1,,2,LAL198,cb_intrinsic,isomorphic
LAL200,1,,2,LAL200,cb_intrinsic,isomorphic
LHAD1a4c,2,,1,LHAD1a4_b,cb_intrinsic,isomorphic
LHAD1f2,1,,2,LHAD1f2,cb_intrinsic,isomorphic
LHAD1f4c,1,,2,LHAD1f4,cb_intrinsic,isomorphic
LHAD1h1,1,,2,LHAD1h1,cb_intrinsic,isomorphic
LHAD1k1,1,,2,LHAD1k1,cb_intrinsic,isomorphic
LHAD2d1,1,,2,LHAD2d1,cb_intrinsic,isomorphic
LHAD2e1,1,,2,LHAD2e1,cb_intrinsic,isomorphic
LHAV1b3,1,,2,LHAV1b3,cb_intrinsic,isomorphic
LHAV1e1,1,,2,LHAV1e1,cb_intrinsic,isomorphic
LHAV2d1,1,,2,LHAV2d1,cb_intrinsic,isomorphic
LHAV2g1b,1,,2,LHAV2g1,cb_intrinsic,isomorphic
LHAV2k10,1,,2,LHAV2k10,cb_intrinsic,isomorphic
LHAV2k6,1,,2,LHAV2k6,cb_intrinsic,isomorphic
LHAV2n1,1,,2,LHAV2n1,cb_intrinsic,isomorphic
LHAV3e3a,1,,2,LHAV3e3_a,cb_intrinsic,isomorphic
LHAV3f1,1,,2,LHAV3f1,cb_intrinsic,isomorphic
LHAV3h1,1,,2,LHAV3h1,cb_intrinsic,isomorphic
LHAV3i1,1,,2,LHAV3i1,cb_intrinsic,isomorphic
LHAV3k2,1,,2,LHAV3k2,cb_intrinsic,isomorphic
LHAV3k4,1,,2,LHAV3k4,cb_intrinsic,isomorphic
LHAV3k6,1,,2,LHAV3k6,cb_intrinsic,isomorphic
LHAV3p1,1,,2,LHAV3p1,cb_intrinsic,isomorphic
LHAV4a2,1,,2,LHAV4a2,cb_intrinsic,isomorphic
LHAV5a10_b,1,,2,LHAV5a10_b,cb_intrinsic,isomorphic
LHAV6b4,1,,2,LHAV6b4,cb_intrinsic,isomorphic
LHAV6e1,1,,2,LHAV6e1,cb_intrinsic,isomorphic
LHAV6g1,1,,2,LHAV6g1,cb_intrinsic,isomorphic
LHAV6h1,1,,2,LHAV6h1,cb_intrinsic,isomorphic
LHCENT1,1,,2,LHCENT1,cb_intrinsic,isomorphic
LHCENT12a,1,,2,LHCENT12_a,cb_intrinsic,isomorphic
LHCENT14,1,glia,2,LHCENT14,cb_intrinsic,isomorphic
LHCENT3,1,,2,LHCENT3,cb_intrinsic,isomorphic
LHCENT9,1,,2,LHCENT9,cb_intrinsic,isomorphic
LHMB1,1,,2,LHMB1,cb_intrinsic,isomorphic
LHPD2c1,1,,2,LHPD2c1,cb_intrinsic,isomorphic
LHPD3a2,1,,2,LHPD3a2_b,cb_intrinsic,isomorphic
LHPD4c1,1,,2,LHPD4c1,cb_intrinsic,isomorphic
LHPD5c1,1,,2,LHPD5c1,cb_intrinsic,isomorphic
LHPV10a1a,1,,2,LHPV10a1a,cb_intrinsic,isomorphic
LHPV10a1b,1,,2,LHPV10a1b,cb_intrinsic,isomorphic
LHPV10c1,1,,2,LHPV10c1,cb_intrinsic,isomorphic
LHPV2h1,1,,2,LHPV2h1,cb_intrinsic,isomorphic
LHPV2i2b,1,,2,LHPV2i2_b,cb_intrinsic,isomorphic
LHPV4b9,1,,2,LHPV4b9,cb_intrinsic,isomorphic
LHPV4e1,1,,2,LHPV4e1,cb_intrinsic,isomorphic
LHPV4h3,1,,2,LHPV4h3,cb_intrinsic,isomorphic
LHPV4l1,1,,2,LHPV4l1,cb_intrinsic,isomorphic
LHPV5a5,2,,1,LHPV5a5,cb_intrinsic,isomorphic
LHPV5e1,1,,2,LHPV5e1,cb_intrinsic,isomorphic
LHPV5l1,1,,2,LHPV5l1,cb_intrinsic,isomorphic
LHPV6j1,1,,2,LHPV6j1,cb_intrinsic,isomorphic
LHPV6o1,1,,2,LHPV6o1,cb_intrinsic,isomorphic
LHPV6q1,1,,2,LHPV6q1,cb_intrinsic,isomorphic
LHPV7a1b,1,,2,LHPV7a1,cb_intrinsic,isomorphic
LHPV9b1,1,,2,LHPV9b1,cb_intrinsic,isomorphic
LPT04_HST,1,,2,HST,visual_projection,isomorphic
LPT21,1,,2,LPT21,visual_projection,isomorphic
LPT27,1,,2,LPT27,visual_projection,isomorphic
LPT28,1,,2,LPT28,visual_projection,isomorphic
LPT29,1,,2,LPT29,visual_projection,isomorphic
LPT45_dCal1,1,,2,dCal1,ol_intrinsic,isomorphic
LPT48_vCal3,1,,2,vCal3,visual_projection,isomorphic
LPT58,1,,2,V1,visual_centrifugal,isomorphic
LPsP,1,,2,LPsP,cb_intrinsic,isomorphic
LT11,1,,2,LT11,visual_projection,isomorphic
LT1c,1,,2,LT1c,visual_projection,isomorphic
LT36,1,,2,LT36,visual_centrifugal,isomorphic
LT37,1,,2,LT37,visual_centrifugal,isomorphic
LT54,1,,2,LT54,ol_intrinsic,isomorphic
LT59,1,,2,LT59,visual_projection,isomorphic
LT61b,1,,2,LT61b,visual_projection,isomorphic
LT62,1,,2,LT62,visual_projection,isomorphic
LT67,1,,2,LT67,visual_projection,isomorphic
LT72,1,,2,LT72,visual_projection,isomorphic
LT76,1,,2,LT76,visual_projection,isomorphic
LT83,1,,2,LT83,visual_projection,isomorphic
LT85,1,,2,LT85,visual_projection,isomorphic
LT86,1,,2,LT86,visual_projection,isomorphic
LT87,1,,2,LT87,visual_projection,isomorphic
LTe04,1,,2,LoVP41,visual_projection,isomorphic
LTe05,1,,2,LoVP35,visual_projection,isomorphic
LTe07,1,,2,LoVP30,visual_projection,isomorphic
LTe08,1,,2,LoVP106,visual_projection,isomorphic
LTe10,1,,2,LoVP69,visual_projection,isomorphic
LTe14,1,,2,LoVP103,visual_projection,isomorphic
LTe22,1,,2,LoVP46,visual_projection,isomorphic
LTe23,1,,2,LoVP73,visual_projection,isomorphic
LTe27,1,,2,LoVP29,visual_projection,isomorphic
LTe28,1,,2,LoVP34,visual_projection,isomorphic
LTe30,1,,2,LoVP72,visual_projection,isomorphic
LTe31,1,,2,LoVP48,visual_projection,isomorphic
LTe36,1,,2,LoVP68,visual_projection,isomorphic
LTe40,1,,2,LoVP70,visual_projection,isomorphic
LTe41,1,,2,LoVP51,visual_projection,isomorphic
LTe44,1,,2,AOTU045,visual_projection,isomorphic
LTe70,1,,2,LoVP64,visual_projection,isomorphic
LTe72,1,,2,LoVP65,visual_projection,isomorphic
LTe74,1,,2,LoVP67,visual_projection,isomorphic
LTe76,1,,2,LoVP88,visual_projection,isomorphic
Li23,1,,2,Li36,ol_intrinsic,isomorphic
Li30,1,,2,Li33,ol_intrinsic,isomorphic
Li33,1,,2,Li39,ol_intrinsic,isomorphic
MBON01,1,,2,MBON01,cb_intrinsic,isomorphic
MBON03,1,,2,MBON03,cb_intrinsic,isomorphic
MBON05,1,CNS neuron,2,MBON05,cb_intrinsic,isomorphic
MBON11,1,,2,MBON11,cb_intrinsic,isomorphic
MBON17,1,,2,MBON17,cb_intrinsic,isomorphic
MBON20,1,,2,MBON20,cb_intrinsic,isomorphic
MBON24,1,,2,MBON24,cb_intrinsic,isomorphic
MBON26,1,,2,MBON26,cb_intrinsic,isomorphic
MBON29,1,,2,MBON29,cb_intrinsic,isomorphic
MBON32,1,glia,2,MBON32,cb_intrinsic,isomorphic
MTe19,2,,1,MeVP57,visual_projection,isomorphic
MTe22,1,,2,MeVP30,visual_projection,isomorphic
MTe25,1,,2,MeVP32,visual_projection,isomorphic
MTe31,1,,2,MeVP48,visual_projection,isomorphic
MTe36,1,,2,MeVP61,visual_projection,isomorphic
MTe40,1,,2,MeVP43,visual_projection,isomorphic
MTe41,1,,2,MeVP53,visual_projection,isomorphic
MTe42,1,,2,MeVP26,visual_projection,isomorphic
MTe43,1,,2,MeVP51,visual_projection,isomorphic
MTe45,1,,2,MeVP38,visual_projection,isomorphic
MTe49,1,,2,MeVP27,visual_projection,isomorphic
M_adPNm3,1,,2,M_adPNm3,cb_intrinsic,isomorphic
M_l2PNl22,1,,2,M_l2PNl22,cb_intrinsic,isomorphic
M_l2PNl23,1,,2,M_l2PNl23,cb_intrinsic,isomorphic
M_l2PNm17,1,,2,M_l2PNm17,cb_intrinsic,isomorphic
M_lPNm11B,1,,2,M_lPNm11B,cb_intrinsic,isomorphic
M_lvPNm31,1,,2,M_lvPNm31,cb_intrinsic,isomorphic
M_smPN6t2,1,,2,M_smPN6t2,cb_intrinsic,isomorphic
M_spPN5t10,1,,2,M_spPN5t10,cb_intrinsic,isomorphic
M_vPNml54,1,,2,M_vPNml54,cb_intrinsic,isomorphic
MeMe_e12,1,,2,MeVPMe13,ol_intrinsic,isomorphic
MsAHN,1,,2,AN27X008,ascending_neuron,isomorphic
MtAHN,1,,2,AN27X004,ascending_neuron,isomorphic
NPFL1-I,1,,2,NPFL1-I,cb_intrinsic,isomorphic
OA-ASM2,1,,2,OA-ASM2,cb_intrinsic,isomorphic
OCG01d,1,,2,OCG01d,visual_projection,isomorphic
OCG02a,1,sensory neuron,2,OCG03,visual_projection,isomorphic
PAL03,1,,2,PAL03,cb_intrinsic,isomorphic
PLP004,1,,2,PLP004,cb_intrinsic,isomorphic
PLP006,1,,2,PLP006,cb_intrinsic,isomorphic
PLP007,1,,2,PLP007,cb_intrinsic,isomorphic
PLP008,1,,2,PLP008,cb_intrinsic,isomorphic
PLP016,1,,2,PLP016,cb_intrinsic,isomorphic
PLP019,1,,2,PLP019,cb_intrinsic,isomorphic
PLP020,1,,2,PLP020,cb_intrinsic,isomorphic
PLP029,1,,2,PLP029,cb_intrinsic,isomorphic
PLP034,1,,2,PLP034,cb_intrinsic,isomorphic
PLP035,1,,2,PLP035,cb_intrinsic,isomorphic
PLP058,1,,2,PLP058,cb_intrinsic,isomorphic
PLP067a,1,,2,PLP067,cb_intrinsic,isomorphic
PLP068,1,,2,LoVP105,cb_intrinsic,isomorphic
PLP078,1,,2,PLP078,cb_intrinsic,isomorphic
PLP092,1,,2,PLP092,cb_intrinsic,isomorphic
PLP096,1,,2,PLP096,cb_intrinsic,isomorphic
PLP116,1,,2,PLP116,cb_intrinsic,isomorphic
PLP119,1,,2,PLP119,cb_intrinsic,isomorphic
PLP122,1,,2,PLP122_a,cb_intrinsic,isomorphic
PLP130,1,,2,PLP130,cb_intrinsic,isomorphic
PLP148,1,,2,PLP148,cb_intrinsic,isomorphic
PLP171,1,,2,PLP171,cb_intrinsic,isomorphic
PLP175,1,,2,PLP175,cb_intrinsic,isomorphic
PLP197,1,,2,PLP197,cb_intrinsic,isomorphic
PLP211,1,,2,PLP211,cb_intrinsic,isomorphic
PLP214,1,,2,PLP214,cb_intrinsic,isomorphic
PLP221,1,,2,PLP221,cb_intrinsic,isomorphic
PLP229,1,,2,PLP229,cb_intrinsic,isomorphic
PLP230,1,,2,PLP230,cb_intrinsic,isomorphic
PLP239,1,,2,PLP239,cb_intrinsic,isomorphic
PLP243,1,,2,PLP243,cb_intrinsic,isomorphic
PLP248,1,,2,PLP248,cb_intrinsic,isomorphic
PLP249,1,,2,PLP249,cb_intrinsic,isomorphic
PLP250,1,,2,PLP250,cb_intrinsic,isomorphic
PLP251,1,,2,LoVP97,cb_intrinsic,isomorphic
PPL106,1,,2,PPL106,cb_intrinsic,isomorphic
PPL107,1,,2,PPL107,cb_intrinsic,isomorphic
PPL201,1,,2,PPL201,cb_intrinsic,isomorphic
PPL203,1,,2,PPL203,cb_intrinsic,isomorphic
PS010,1,,2,PS010,cb_intrinsic,isomorphic
PS013,1,,2,PS013,cb_intrinsic,isomorphic
PS020,1,,2,PS020,cb_intrinsic,isomorphic
PS030,1,,2,PS030,cb_intrinsic,isomorphic
PS041,1,,2,PS041,cb_intrinsic,isomorphic
PS046,1,,2,PS046,cb_intrinsic,isomorphic
PS047a,1,,2,PS047_a,cb_intrinsic,isomorphic
PS048b,1,,2,PS048_a,cb_intrinsic,isomorphic
PS050,1,,2,PS050,cb_intrinsic,isomorphic
PS051,1,,2,PS051,cb_intrinsic,isomorphic
PS057,1,,2,PS057,cb_intrinsic,isomorphic
PS058,1,,2,PS058,cb_intrinsic,isomorphic
PS062,1,,2,PS062,cb_intrinsic,isomorphic
PS068,1,,2,PS068,cb_intrinsic,isomorphic
PS080,1,,2,PS080,cb_intrinsic,isomorphic
PS086,1,,2,PS085,cb_intrinsic,isomorphic
PS090a,1,,2,PS090,cb_intrinsic,isomorphic
PS090b,1,,2,PS090,cb_intrinsic,isomorphic
PS091,1,,2,PS091,cb_intrinsic,isomorphic
PS094b,1,,2,PS094,cb_intrinsic,isomorphic
PS099a,1,,2,PS099_b,cb_intrinsic,isomorphic
PS099b,1,,2,PS099_a,cb_intrinsic,isomorphic
PS116,1,,2,PS116,cb_intrinsic,isomorphic
PS117b,1,,2,PS117_b,cb_intrinsic,isomorphic
PS124,1,,2,PS124,cb_intrinsic,isomorphic
PS157,1,,2,PS157,cb_intrinsic,isomorphic
PS158,1,,2,PS158,cb_intrinsic,isomorphic
PS160,1,,2,PS160,cb_intrinsic,isomorphic
PS170,1,,2,PS170,cb_intrinsic,isomorphic
PS171,1,,2,PS171,cb_intrinsic,isomorphic
PS175,1,,2,PS175,cb_intrinsic,isomorphic
PS178,1,,2,PS178,cb_intrinsic,isomorphic
PS183,1,,2,PS183,cb_intrinsic,isomorphic
PS185a,1,,2,PS185,cb_intrinsic,isomorphic
PS185b,1,,2,PS201,cb_intrinsic,isomorphic
PS200,1,,2,PS200,cb_intrinsic,isomorphic
PS224,1,,2,PS224,cb_intrinsic,isomorphic
PS231,1,,2,PS231,cb_intrinsic,isomorphic
PS232,1,,2,PS232,cb_intrinsic,isomorphic
PS248,1,,2,PS248,cb_intrinsic,isomorphic
PS249,1,,2,PS249,cb_intrinsic,isomorphic
PS253,1,,2,PS253,cb_intrinsic,isomorphic
PS265,1,,2,PS265,cb_intrinsic,isomorphic
PS274,1,,2,PS274,cb_intrinsic,isomorphic
PS300,1,,2,PS300,cb_intrinsic,isomorphic
PV7c11,1,,2,LPN_b,cb_intrinsic,isomorphic
PVLP010,1,,2,PVLP010,cb_intrinsic,isomorphic
PVLP011,1,,2,PVLP011,cb_intrinsic,isomorphic
PVLP016,1,,2,PVLP016,cb_intrinsic,isomorphic
PVLP019,1,,2,PVLP019,cb_intrinsic,isomorphic
PVLP030,1,,2,PVLP030,cb_intrinsic,isomorphic
PVLP062,1,,2,PVLP062,cb_intrinsic,isomorphic
PVLP076,1,,2,PVLP076,cb_intrinsic,isomorphic
PVLP082a,2,,1,PVLP082,cb_intrinsic,isomorphic
PVLP084,1,,2,PVLP084,cb_intrinsic,isomorphic
PVLP093,1,,2,PVLP093,cb_intrinsic,isomorphic
PVLP101a,1,,2,PVLP101,cb_intrinsic,isomorphic
PVLP107,1,,2,PVLP107,cb_intrinsic,isomorphic
PVLP115,1,,2,PVLP115,cb_intrinsic,isomorphic
PVLP122a,1,,2,PVLP122,cb_intrinsic,isomorphic
PVLP137,1,,2,PVLP137,cb_intrinsic,isomorphic
PVLP143,1,,2,PVLP143,cb_intrinsic,isomorphic
PVLP150,1,,2,PVLP150,cb_intrinsic,isomorphic
SAD036,1,,2,SAD036,cb_intrinsic,isomorphic
SAD043,1,,2,SAD043,cb_intrinsic,isomorphic
SAD070,1,,2,SAD070,cb_intrinsic,isomorphic
SAD072,1,,2,SAD072,cb_intrinsic,isomorphic
SIP006,1,,2,SIP006,cb_intrinsic,isomorphic
SIP018,1,,2,SIP018,cb_intrinsic,isomorphic
SIP022,1,,2,SIP022,cb_intrinsic,isomorphic
SIP031,1,,2,SIP031,cb_intrinsic,isomorphic
SIP052,1,,2,SIP052,cb_intrinsic,isomorphic
SIP065,1,,2,SIP065,cb_intrinsic,isomorphic
SIP087,1,,2,SIP087,cb_intrinsic,isomorphic
SLP001,1,,2,SLP001,cb_intrinsic,isomorphic
SLP030,1,,2,SLP030,cb_intrinsic,isomorphic
SLP032,1,,2,SLP032,cb_intrinsic,isomorphic
SLP034,1,,2,SLP034,cb_intrinsic,isomorphic
SLP047,1,,2,SLP047,cb_intrinsic,isomorphic
SLP056,1,,2,SLP056,cb_intrinsic,isomorphic
SLP057,1,,2,SLP057,cb_intrinsic,isomorphic
SLP059,1,,2,SLP059,cb_intrinsic,isomorphic
SLP064,1,,2,SLP064,cb_intrinsic,isomorphic
SLP068,1,,2,SLP068,cb_intrinsic,isomorphic
SLP070,1,,2,SLP070,cb_intrinsic,isomorphic
SLP073,1,,2,SLP073,cb_intrinsic,isomorphic
SLP077,1,,2,SLP077,cb_intrinsic,isomorphic
SLP079,1,,2,SLP079,cb_intrinsic,isomorphic
SLP083,1,,2,SLP083,cb_intrinsic,isomorphic
SLP120,1,,2,SLP120,cb_intrinsic,isomorphic
SLP126,1,,2,SLP126,cb_intrinsic,isomorphic
SLP170,1,,2,SLP170,cb_intrinsic,isomorphic
SLP184,1,,2,SLP184,cb_intrinsic,isomorphic
SLP206,1,,2,SLP206,cb_intrinsic,isomorphic
SLP207,1,,2,SLP207,cb_intrinsic,isomorphic
SLP208,1,,2,SLP208,cb_intrinsic,isomorphic
SLP211,1,,2,SLP211,cb_intrinsic,isomorphic
SLP212a,1,,2,SLP212_a,cb_intrinsic,isomorphic
SLP230,1,,2,SLP230,cb_intrinsic,isomorphic
SLP234,1,,2,SLP234,cb_intrinsic,isomorphic
SLP238,1,,2,SLP238,cb_intrinsic,isomorphic
SLP247,1,,2,SLP247,cb_intrinsic,isomorphic
SLP255,1,,2,SLP255,cb_intrinsic,isomorphic
SLP265b,1,,2,SMP215,cb_intrinsic,isomorphic
SLP269,1,,2,SLP269,cb_intrinsic,isomorphic
SLP273,1,,2,SLP273,cb_intrinsic,isomorphic
SLP279,1,,2,SLP279,cb_intrinsic,isomorphic
SLP298,1,,2,SLP298,cb_intrinsic,isomorphic
SLP307,2,,1,SLP307,cb_intrinsic,isomorphic
SLP308a,1,,2,SLP308,cb_intrinsic,isomorphic
SLP313,1,,2,SLP313,cb_intrinsic,isomorphic
SLP319,1,,2,SLP319,cb_intrinsic,isomorphic
SLP340,1,,2,SLP340,cb_intrinsic,isomorphic
SLP355,1,,2,SLP355,cb_intrinsic,isomorphic
SLP358,1,,2,SLP358,cb_intrinsic,isomorphic
SLP363,1,,2,SLP363,cb_intrinsic,isomorphic
SLP365,1,,2,SLP365,cb_intrinsic,isomorphic
SLP366,1,,2,SLP366,cb_intrinsic,isomorphic
SLP373,1,,2,SLP373,cb_intrinsic,isomorphic
SLP374,1,,2,SLP374,cb_intrinsic,isomorphic
SLP378,1,,2,SLP378,cb_intrinsic,isomorphic
SLP386,1,,2,SLP386,cb_intrinsic,isomorphic
SLP392,1,,2,SLP392,cb_intrinsic,isomorphic
SLP393,1,,2,SLP393,cb_intrinsic,isomorphic
SLP395,1,,2,SLP395,cb_intrinsic,isomorphic
SLP397,1,,2,SLP397,cb_intrinsic,isomorphic
SLP411,1,,2,SLP411,cb_intrinsic,isomorphic
SLP435,1,,2,SLP435,cb_intrinsic,isomorphic
SLP451a,1,,2,SLP451,cb_intrinsic,isomorphic
SLP451b,1,,2,SLP451,cb_intrinsic,isomorphic
SLP455,1,,2,SLP455,cb_intrinsic,isomorphic
SLP462,1,,2,SLP462,cb_intrinsic,isomorphic
SLP465b,1,,2,SLP465,cb_intrinsic,isomorphic
SLPpm3_P01,1,,2,LHPD5b1,cb_intrinsic,isomorphic
SLPpm3_P04,1,,2,SMP548,cb_intrinsic,isomorphic
SMP001,1,,2,SMP001,cb_intrinsic,isomorphic
SMP010,1,,2,SMP010,cb_intrinsic,isomorphic
SMP014,1,,2,SMP014,cb_intrinsic,isomorphic
SMP022a,1,,2,SMP022,cb_intrinsic,isomorphic
SMP025c,1,,2,SIP007,cb_intrinsic,isomorphic
SMP033,1,,2,SMP033,cb_intrinsic,isomorphic
SMP036,1,,2,SMP036,cb_intrinsic,isomorphic
SMP038,1,,2,SMP038,cb_intrinsic,isomorphic
SMP040,1,,2,SMP040,cb_intrinsic,isomorphic
SMP045,1,,2,SMP045,cb_intrinsic,isomorphic
SMP046,1,,2,SMP046,cb_intrinsic,isomorphic
SMP050,1,,2,SMP050,cb_intrinsic,isomorphic
SMP053,1,,2,SMP154,cb_intrinsic,isomorphic
SMP119,1,,2,SMP119,cb_intrinsic,isomorphic
SMP146,1,,2,SMP146,cb_intrinsic,isomorphic
SMP147,1,,2,SMP147,cb_intrinsic,isomorphic
SMP153a,1,,2,SMP153_a,cb_intrinsic,isomorphic
SMP161,1,,2,SMP161,cb_intrinsic,isomorphic
SMP163,1,,2,SMP163,cb_intrinsic,isomorphic
SMP168,1,,2,SMP168,cb_intrinsic,isomorphic
SMP179,1,,2,SMP179,cb_intrinsic,isomorphic
SMP181,1,,2,SMP181,cb_intrinsic,isomorphic
SMP182,1,,2,SMP182,cb_intrinsic,isomorphic
SMP183,1,,2,SMP183,cb_intrinsic,isomorphic
SMP186,1,,2,SMP186,cb_intrinsic,isomorphic
SMP187,1,,2,SMP187,cb_intrinsic,isomorphic
SMP188,1,,2,SMP188,cb_intrinsic,isomorphic
SMP192,1,,2,SMP192,cb_intrinsic,isomorphic
SMP199,1,,2,SMP199,cb_intrinsic,isomorphic
SMP201,1,,2,SMP201,cb_intrinsic,isomorphic
SMP202,1,,2,SMP202,cb_intrinsic,isomorphic
SMP234,1,,2,SMP234,cb_intrinsic,isomorphic
SMP237,1,,2,SMP237,cb_intrinsic,isomorphic
SMP240,1,,2,SMP240,cb_intrinsic,isomorphic
SMP249,1,,2,SMP249,cb_intrinsic,isomorphic
SMP250,1,,2,SMP250,cb_intrinsic,isomorphic
SMP252,1,,2,SMP252,cb_intrinsic,isomorphic
SMP253,1,,2,SMP253,cb_intrinsic,isomorphic
SMP258,1,,2,SMP258,cb_intrinsic,isomorphic
SMP266,1,,2,SMP266,cb_intrinsic,isomorphic
SMP272,1,,2,SMP272,cb_intrinsic,isomorphic
SMP284a,1,,2,SMP284_a,cb_intrinsic,isomorphic
SMP284b,1,,2,SMP284_b,cb_intrinsic,isomorphic
SMP286,1,,2,SMP286,cb_intrinsic,isomorphic
SMP313,1,,2,SMP313,cb_intrinsic,isomorphic
SMP314a,1,,2,SMP314,cb_intrinsic,isomorphic
SMP328a,1,,2,SMP328_c,cb_intrinsic,isomorphic
SMP335,1,,2,SMP335,cb_intrinsic,isomorphic
SMP337,1,,2,SMP337,cb_intrinsic,isomorphic
SMP361b,1,,2,SMP361,cb_intrinsic,isomorphic
SMP368,1,,2,SMP368,cb_intrinsic,isomorphic
SMP372,1,,2,SMP372,cb_intrinsic,isomorphic
SMP375,1,,2,SMP375,cb_intrinsic,isomorphic
SMP376,1,,2,SMP376,cb_intrinsic,isomorphic
SMP387,1,,2,SMP387,cb_intrinsic,isomorphic
SMP389a,1,,2,SMP389_a,cb_intrinsic,isomorphic
SMP390,1,,2,SMP390,cb_intrinsic,isomorphic
SMP393b,1,,2,SMP393,cb_intrinsic,isomorphic
SMP404a,1,,2,SMP404,cb_intrinsic,isomorphic
SMP407,1,,2,SMP407,cb_intrinsic,isomorphic
SMP418,1,,2,SMP418,cb_intrinsic,isomorphic
SMP419,1,,2,SMP419,cb_intrinsic,isomorphic
SMP422,1,efferent neuron,2,SMP422,cb_intrinsic,isomorphic
SMP423,1,,2,SMP423,cb_intrinsic,isomorphic
SMP442,1,,2,SMP442,cb_intrinsic,isomorphic
SMP444,1,,2,SMP444,cb_intrinsic,isomorphic
SMP446a,1,,2,SMP446,cb_intrinsic,isomorphic
SMP446b,1,,2,SMP446,cb_intrinsic,isomorphic
SMP456,1,,2,SMP456,cb_intrinsic,isomorphic
SMP458,1,,2,SMP458,cb_intrinsic,isomorphic
SMP493,1,,2,SMP493,cb_intrinsic,isomorphic
SMP495a,1,,2,SMP495_a,cb_intrinsic,isomorphic
SMP495c,1,,2,SMP495_c,cb_intrinsic,isomorphic
SMP504,1,,2,SMP504,cb_intrinsic,isomorphic
SMP521,1,,2,SMP521,cb_intrinsic,isomorphic
SMP526,2,,1,SMP526,cb_intrinsic,isomorphic
SMP532a,1,,2,SMP532_a,cb_intrinsic,isomorphic
SMP545,1,,2,SMP545,cb_intrinsic,isomorphic
SMP569a,1,,2,SMP569,cb_intrinsic,isomorphic
SMP569b,1,,2,SMP569,cb_intrinsic,isomorphic
SMP570a,1,,2,SMP570,cb_intrinsic,isomorphic
SMP571,1,,2,SMP571,cb_intrinsic,isomorphic
SMP573,1,,2,SMP573,cb_intrinsic,isomorphic
SMP577,1,,2,SMP577,cb_intrinsic,isomorphic
SMP596,1,,2,SMP596,cb_intrinsic,isomorphic
SMPp&v1A_S02,1,,2,SMP443,cb_intrinsic,isomorphic
Sm35,1,,2,Cm32,ol_intrinsic,isomorphic
Sm41,1,,2,Cm31b,ol_intrinsic,isomorphic
VA6_adPN,1,,2,VA6_adPN,cb_intrinsic,isomorphic
VC2_lPN,1,,2,VC2_lPN,cb_intrinsic,isomorphic
VES001,1,,2,VES001,cb_intrinsic,isomorphic
VES002,1,,2,VES002,cb_intrinsic,isomorphic
VES004,1,,2,VES004,cb_intrinsic,isomorphic
VES007,1,,2,VES007,cb_intrinsic,isomorphic
VES012,1,,2,VES012,cb_intrinsic,isomorphic
VES014,1,,2,VES014,cb_intrinsic,isomorphic
VES018,1,,2,VES018,cb_intrinsic,isomorphic
VES025,1,,2,VES025,cb_intrinsic,isomorphic
VES030,1,,2,VES030,cb_intrinsic,isomorphic
VES039,1,,2,VES039,cb_intrinsic,isomorphic
VES048,1,,2,VES048,cb_intrinsic,isomorphic
VES053,1,,2,VES053,cb_intrinsic,isomorphic
VES056,1,,2,VES056,cb_intrinsic,isomorphic
VES057,1,,2,VES057,cb_intrinsic,isomorphic
VES059,1,,2,VES059,cb_intrinsic,isomorphic
VES064,1,,2,VES064,cb_intrinsic,isomorphic
VES067,1,,2,VES067,cb_intrinsic,isomorphic
VES070,1,,2,VES070,cb_intrinsic,isomorphic
VES073,1,,2,VES073,cb_intrinsic,isomorphic
VES075,1,,2,VES075,cb_intrinsic,isomorphic
VES077,1,,2,VES077,cb_intrinsic,isomorphic
VES079,1,,2,VES079,cb_intrinsic,isomorphic
VESa1_P02,1,,2,AVLP597,cb_intrinsic,isomorphic
VESa2_H02,1,,2,PLP074,cb_intrinsic,isomorphic
VESa2_H04,1,,2,SAD071,cb_intrinsic,isomorphic
VL1_ilPN,1,,2,VL1_ilPN,cb_intrinsic,isomorphic
VL1_vPN,1,,2,VL1_vPN,cb_intrinsic,isomorphic
VL2a_adPN,1,,2,VL2a_adPN,cb_intrinsic,isomorphic
VL2p_adPN,1,,2,VL2p_adPN,cb_intrinsic,isomorphic
VM1_lPN,1,,2,VM1_lPN,cb_intrinsic,isomorphic
VM6_adPN,1,glia,2,VM6_adPN,cb_intrinsic,isomorphic
VP1d+VP4_l2PN1,1,,2,VP1d+VP4_l2PN1,cb_intrinsic,isomorphic
VP1m+VP5_ilPN,1,,2,VP1m+VP5_ilPN,cb_intrinsic,isomorphic
VP2+_adPN,1,,2,VP2+_adPN,cb_intrinsic,isomorphic
VP3+_vPN,1,,2,VP3+_vPN,cb_intrinsic,isomorphic
VP4_vPN,1,,2,VP4_vPN,cb_intrinsic,isomorphic
WED011,1,,2,WED011,cb_intrinsic,isomorphic
WED016,1,,2,WED016,cb_intrinsic,isomorphic
WED045,1,,2,WED045,cb_intrinsic,isomorphic
WED069,1,,2,WED069,cb_intrinsic,isomorphic
WED071,1,,2,WED071,cb_intrinsic,isomorphic
WED092b,1,,2,WED092,cb_intrinsic,isomorphic
WED092e,1,,2,WED092,cb_intrinsic,isomorphic
WED094a,1,,2,WED094,cb_intrinsic,isomorphic
WED104,1,,2,WED104,cb_intrinsic,isomorphic
WED107,1,,2,WED107,cb_intrinsic,isomorphic
WED119,1,,2,WED119,cb_intrinsic,isomorphic
WED121,1,,2,WED121,cb_intrinsic,isomorphic
WED124,1,,2,WED124,cb_intrinsic,isomorphic
WED146a,1,,2,WED146_a,cb_intrinsic,isomorphic
WED152,1,,2,WED152,cb_intrinsic,isomorphic
WEDPN10B,1,,2,WEDPN10B,cb_intrinsic,isomorphic
WEDPN11,1,,2,WEDPN11,cb_intrinsic,isomorphic
WEDPN12,1,,2,WEDPN12,cb_intrinsic,isomorphic
Z_vPNml1,1,,2,Z_vPNml1,cb_intrinsic,isomorphic
aMe13,1,glia,2,aMe13,cb_intrinsic,isomorphic
aMe15,1,,2,aMe15,cb_intrinsic,isomorphic
aMe17a1,1,,2,aMe17a,visual_centrifugal,isomorphic
aMe19a,1,,2,MeVPaMe2,visual_projection,isomorphic
aMe20,1,,2,aMe20,visual_projection,isomorphic
aMe24,1,,2,aMe24,cb_intrinsic,isomorphic
aMe6a,1,,2,aMe6a,visual_projection,isomorphic
aMe6b,1,,2,aMe6b,ol_intrinsic,isomorphic
cL14,1,,2,LoVC1,visual_centrifugal,isomorphic
cL19,1,,2,LoVCLo2,visual_centrifugal,isomorphic
cL20,1,,2,LoVC7,visual_centrifugal,isomorphic
cLP04,1,,2,LPT110,visual_centrifugal,isomorphic
cLP05,1,,2,LPT59,visual_centrifugal,isomorphic
cM01c,1,,2,MeVC7b,visual_centrifugal,isomorphic
cM02b,1,,2,MeVC6,visual_centrifugal,isomorphic
cM05,1,,2,MeVC1,visual_centrifugal,isomorphic
cM06,1,,2,MeVC12,visual_centrifugal,isomorphic
cM07,1,,2,MeVC23,visual_centrifugal,isomorphic
cM10,1,,2,LT88,visual_centrifugal,isomorphic
cM12,1,,2,MeVC9,visual_centrifugal,isomorphic
cM13,1,,2,MeVC10,visual_centrifugal,isomorphic
cM14,1,,2,MeVC2,visual_centrifugal,isomorphic
cML01,1,,2,MeVC25,visual_centrifugal,isomorphic
cML02,1,,2,MeVC26,visual_centrifugal,isomorphic
cMLLP01,1,,2,OLVC5,visual_centrifugal,isomorphic
l2LN21,1,,2,l2LN21,cb_intrinsic,isomorphic
lLN1_a,1,,2,lLN1_a,cb_intrinsic,isomorphic
mAL5B,1,,2,mAL5B,cb_intrinsic,isomorphic
mALC3,1,,2,LoVC21,visual_centrifugal,isomorphic
mALC5,1,,2,OLVC2,visual_centrifugal,isomorphic
mALD3,1,,2,mALD3,cb_intrinsic,isomorphic
v2LN37,1,,2,v2LN37,cb_intrinsic,isomorphic
AN_AVLP_GNG_9,1,,1,AN05B099,ascending_neuron,isomorphic
AN_GNG_35,1,,1,AN00A009,ascending_neuron,isomorphic
AN_GNG_AVLP_1,1,,1,AN08B095,ascending_neuron,isomorphic
AVLP083,1,,1,AVLP083,cb_intrinsic,isomorphic
AVLP330,1,,1,AVLP330,cb_intrinsic,isomorphic
CB0086,1,,1,CB0086,cb_intrinsic,isomorphic
CB0154,1,,1,CB0154,cb_intrinsic,isomorphic
CB0206,1,,1,CB0206,cb_intrinsic,isomorphic
CB0414,1,,1,CB0414,cb_intrinsic,isomorphic
CB0674,1,,1,VES108,cb_intrinsic,isomorphic
CB1132,1,,1,lLN15,cb_intrinsic,isomorphic
CB1703,1,,1,GNG269,cb_intrinsic,isomorphic
CB2549,1,,1,CB2549,cb_intrinsic,isomorphic
CB2724,1,,1,LHPV2b3,cb_intrinsic,isomorphic
CB2802,1,,1,CB2802,cb_intrinsic,isomorphic
CB3084,1,,1,CB3084,cb_intrinsic,isomorphic
CB3203,1,,1,SLP322,cb_intrinsic,isomorphic
CB3638,1,,1,CB3638,cb_intrinsic,isomorphic
CB3882,1,,1,WED190,cb_intrinsic,isomorphic
CB3883,1,,1,GNG007,cb_intrinsic,isomorphic
CB3884,1,,1,GNG347,cb_intrinsic,isomorphic
CB3886,1,,1,GNG008,cb_intrinsic,isomorphic
CB4202,1,,1,GNG671,cb_intrinsic,isomorphic
CB4204,1,,1,GNG323,cb_intrinsic,isomorphic
CL195,1,,1,CL195,cb_intrinsic,isomorphic
DNg55,1,CNS neuron,1,DNg55,descending_neuron,isomorphic
DNg66,1,CNS neuron,1,DNg66,descending_neuron,isomorphic
DNge149,1,CNS neuron,1,DNge149,descending_neuron,isomorphic
DNge152,1,CNS neuron,1,DNge152,descending_neuron,isomorphic
LTe12,1,,1,LoVP109,visual_projection,isomorphic
M_lvPNm27,1,,1,M_lvPNm27,cb_intrinsic,isomorphic
OA-VUMa8,1,,1,OA-VUMa8,cb_intrinsic,isomorphic
PS074,1,,1,PS074,cb_intrinsic,isomorphic
PS247,1,,1,PS247,cb_intrinsic,isomorphic
PVLP101b,1,,1,PVLP101,cb_intrinsic,isomorphic
SLP028a,1,,1,SLP028,cb_intrinsic,isomorphic
SLP459,1,,1,SLP459,cb_intrinsic,isomorphic
SMP031,1,,1,SMP031,cb_intrinsic,isomorphic
SMP522,1,,1,SMP522,cb_intrinsic,isomorphic
VP2_adPN,1,,1,VP2_adPN,cb_intrinsic,isomorphic
WED116,1,,1,WED116,cb_intrinsic,isomorphic
WED163b,1,,1,WED163,cb_intrinsic,isomorphic
